ISO-10303-21;
HEADER;
FILE_DESCRIPTION (( 'STEP AP214' ),
    '1' );
FILE_NAME ('BMV080.STEP',
    '2026-06-23T02:01:37',
    ( '' ),
    ( '' ),
    'SwSTEP 2.0',
    'SolidWorks 2021',
    '' );
FILE_SCHEMA (( 'AUTOMOTIVE_DESIGN' ));
ENDSEC;

DATA;
#1 = FILL_AREA_STYLE_COLOUR ( '', #2559 ) ;
#2 = UNCERTAINTY_MEASURE_WITH_UNIT (LENGTH_MEASURE( 1.000000000000000082E-05 ), #1961, 'distance_accuracy_value', 'NONE');
#3 = VERTEX_POINT ( 'NONE', #11285 ) ;
#4 = ADVANCED_FACE ( 'NONE', ( #8185 ), #2936, .T. ) ;
#5 = ORIENTED_EDGE ( 'NONE', *, *, #4632, .F. ) ;
#6 = ADVANCED_FACE ( 'NONE', ( #10050 ), #5917, .T. ) ;
#7 = FACE_OUTER_BOUND ( 'NONE', #4817, .T. ) ;
#8 = EDGE_CURVE ( 'NONE', #1534, #7213, #1910, .T. ) ;
#9 = ORIENTED_EDGE ( 'NONE', *, *, #1759, .T. ) ;
#10 = CARTESIAN_POINT ( 'NONE',  ( -0.4500000000000001221, 0.06250000000000000000, 0.000000000000000000 ) ) ;
#11 = DIRECTION ( 'NONE',  ( 1.000000000000000000, 0.000000000000000000, 0.000000000000000000 ) ) ;
#12 = COLOUR_RGB ( '',0.9098039215686274384, 0.4431372549019607643, 0.03137254901960784270 ) ;
#13 = VERTEX_POINT ( 'NONE', #10126 ) ;
#14 = DIRECTION ( 'NONE',  ( 0.000000000000000000, 0.000000000000000000, 1.000000000000000000 ) ) ;
#15 = CARTESIAN_POINT ( 'NONE',  ( 0.6499999999999989120, 0.1125000000000000028, 0.000000000000000000 ) ) ;
#16 = VECTOR ( 'NONE', #12997, 1000.000000000000000 ) ;
#17 = STYLED_ITEM ( 'NONE', ( #11887 ), #9982 ) ;
#18 = PLANE ( 'NONE',  #10311 ) ;
#19 = ORIENTED_EDGE ( 'NONE', *, *, #13613, .T. ) ;
#20 = CARTESIAN_POINT ( 'NONE',  ( 0.8499999999999994227, 0.4780000000000000360, 3.899999999999999911 ) ) ;
#21 = PLANE ( 'NONE',  #64 ) ;
#22 = DIRECTION ( 'NONE',  ( -2.647983596301103229E-15, 0.000000000000000000, -1.000000000000000000 ) ) ;
#23 = EDGE_CURVE ( 'NONE', #11288, #11376, #613, .T. ) ;
#24 = LINE ( 'NONE', #4015, #473 ) ;
#25 = CARTESIAN_POINT ( 'NONE',  ( -2.574999999999999734, 0.2530000000000000027, -8.875000000000000000 ) ) ;
#26 = VERTEX_POINT ( 'NONE', #5990 ) ;
#27 = AXIS2_PLACEMENT_3D ( 'NONE', #6758, #2695, #430 ) ;
#28 = ORIENTED_EDGE ( 'NONE', *, *, #1573, .F. ) ;
#29 = ORIENTED_EDGE ( 'NONE', *, *, #12878, .T. ) ;
#30 = DIRECTION ( 'NONE',  ( 0.000000000000000000, 0.000000000000000000, -1.000000000000000000 ) ) ;
#31 = PLANE ( 'NONE',  #10909 ) ;
#32 = VERTEX_POINT ( 'NONE', #889 ) ;
#33 = PLANE ( 'NONE',  #4155 ) ;
#34 = VECTOR ( 'NONE', #958, 1000.000000000000000 ) ;
#35 = LINE ( 'NONE', #11470, #6436 ) ;
#36 = FACE_OUTER_BOUND ( 'NONE', #9532, .T. ) ;
#37 = CARTESIAN_POINT ( 'NONE',  ( 2.350000000000000089, 0.4780000000000000360, -8.875000000000000000 ) ) ;
#38 = ORIENTED_EDGE ( 'NONE', *, *, #3773, .F. ) ;
#39 = ORIENTED_EDGE ( 'NONE', *, *, #10234, .T. ) ;
#40 = CARTESIAN_POINT ( 'NONE',  ( 4.837499999999979039, 0.06250000000000000000, -4.837500000000128253 ) ) ;
#41 = LINE ( 'NONE', #7336, #4121 ) ;
#42 = EDGE_LOOP ( 'NONE', ( #8412, #38, #4321, #13157 ) ) ;
#43 = VECTOR ( 'NONE', #10307, 1000.000000000000000 ) ;
#44 = DIRECTION ( 'NONE',  ( -1.000000000000000000, 0.000000000000000000, -1.196361017915039437E-15 ) ) ;
#45 = EDGE_CURVE ( 'NONE', #7704, #12407, #9019, .T. ) ;
#46 = FACE_OUTER_BOUND ( 'NONE', #12936, .T. ) ;
#47 = PLANE ( 'NONE',  #7599 ) ;
#48 = DIRECTION ( 'NONE',  ( -1.172110456741085828E-16, 0.000000000000000000, 1.000000000000000000 ) ) ;
#49 = CARTESIAN_POINT ( 'NONE',  ( -1.100000000000000311, 0.06250000000000000000, -3.402999999999999581 ) ) ;
#50 = AXIS2_PLACEMENT_3D ( 'NONE', #7390, #7124, #4087 ) ;
#51 = DIRECTION ( 'NONE',  ( 0.000000000000000000, 0.000000000000000000, -1.000000000000000000 ) ) ;
#52 = VECTOR ( 'NONE', #7814, 1000.000000000000000 ) ;
#53 = ORIENTED_EDGE ( 'NONE', *, *, #9734, .F. ) ;
#54 = DIRECTION ( 'NONE',  ( 0.000000000000000000, 0.000000000000000000, 1.000000000000000000 ) ) ;
#55 = VECTOR ( 'NONE', #10452, 1000.000000000000000 ) ;
#56 = CARTESIAN_POINT ( 'NONE',  ( -0.5019999999999983364, 1.089999999999999414, 7.799999999999999822 ) ) ;
#57 = ORIENTED_EDGE ( 'NONE', *, *, #9949, .F. ) ;
#58 = CARTESIAN_POINT ( 'NONE',  ( 4.937499999999999112, 0.1125000000000000028, -4.937499999999984901 ) ) ;
#59 = DIRECTION ( 'NONE',  ( 1.000000000000000000, 0.000000000000000000, -4.625929269271459921E-14 ) ) ;
#60 = VERTEX_POINT ( 'NONE', #2672 ) ;
#61 = ORIENTED_EDGE ( 'NONE', *, *, #2263, .T. ) ;
#62 = ORIENTED_EDGE ( 'NONE', *, *, #1254, .F. ) ;
#63 = EDGE_CURVE ( 'NONE', #11598, #13071, #8037, .T. ) ;
#64 = AXIS2_PLACEMENT_3D ( 'NONE', #12419, #6157, #9378 ) ;
#65 = EDGE_CURVE ( 'NONE', #6648, #2292, #5111, .T. ) ;
#66 = VECTOR ( 'NONE', #1535, 1000.000000000000000 ) ;
#67 = LINE ( 'NONE', #1094, #6159 ) ;
#68 = EDGE_CURVE ( 'NONE', #10879, #1470, #2796, .T. ) ;
#69 = EDGE_LOOP ( 'NONE', ( #1048, #3183, #7783, #8467 ) ) ;
#70 = ORIENTED_EDGE ( 'NONE', *, *, #8579, .T. ) ;
#71 = CARTESIAN_POINT ( 'NONE',  ( 1.380000000000008775, 0.1125000000000000028, -9.974659986866648681E-16 ) ) ;
#72 = LINE ( 'NONE', #4268, #3712 ) ;
#73 = ORIENTED_EDGE ( 'NONE', *, *, #2868, .T. ) ;
#74 = FACE_OUTER_BOUND ( 'NONE', #8654, .T. ) ;
#75 = STYLED_ITEM ( 'NONE', ( #1574 ), #574 ) ;
#76 = CARTESIAN_POINT ( 'NONE',  ( 1.585000000000003517, 0.06250000000000000000, -7.653000000000000469 ) ) ;
#77 = ORIENTED_EDGE ( 'NONE', *, *, #5652, .T. ) ;
#78 = CARTESIAN_POINT ( 'NONE',  ( -0.3750000000000021094, 0.06250000000000000000, -1.010126247657312219E-16 ) ) ;
#79 = MANIFOLD_SOLID_BREP ( 'Boss-Extrude9[24]', #1359 ) ;
#80 = EDGE_CURVE ( 'NONE', #453, #8040, #7407, .T. ) ;
#81 = EDGE_CURVE ( 'NONE', #10016, #11534, #10197, .T. ) ;
#82 = LINE ( 'NONE', #11641, #1069 ) ;
#83 = EDGE_CURVE ( 'NONE', #5717, #7282, #6251, .T. ) ;
#84 = SURFACE_STYLE_USAGE ( .BOTH. , #10684 ) ;
#85 = VECTOR ( 'NONE', #4448, 1000.000000000000000 ) ;
#86 = LINE ( 'NONE', #1316, #12309 ) ;
#87 = PLANE ( 'NONE',  #9874 ) ;
#88 = VERTEX_POINT ( 'NONE', #10657 ) ;
#89 = CARTESIAN_POINT ( 'NONE',  ( 0.08499999999999827138, 0.1125000000000000028, -8.389999999999998792 ) ) ;
#90 = CARTESIAN_POINT ( 'NONE',  ( -2.150000000000000799, 0.000000000000000000, -8.325000000000001066 ) ) ;
#91 = CARTESIAN_POINT ( 'NONE',  ( -0.6000000000000000888, 0.06250000000000000000, 0.000000000000000000 ) ) ;
#92 = CARTESIAN_POINT ( 'NONE',  ( -4.937499999999997335, 0.06250000000000000000, -4.937499999999984013 ) ) ;
#93 = CARTESIAN_POINT ( 'NONE',  ( -1.125000000000000000, 0.06250000000000000000, -9.875000000000000000 ) ) ;
#94 = ORIENTED_EDGE ( 'NONE', *, *, #10577, .F. ) ;
#95 = ORIENTED_EDGE ( 'NONE', *, *, #3693, .T. ) ;
#96 = ORIENTED_EDGE ( 'NONE', *, *, #944, .T. ) ;
#97 = EDGE_CURVE ( 'NONE', #10480, #5832, #5289, .T. ) ;
#98 = CARTESIAN_POINT ( 'NONE',  ( -2.575000000000001066, 0.1125000000000000028, -8.500000000000000000 ) ) ;
#99 = EDGE_CURVE ( 'NONE', #7891, #5240, #13031, .T. ) ;
#100 = CARTESIAN_POINT ( 'NONE',  ( 2.574999999999998845, 0.2530000000000000027, -8.875000000000000000 ) ) ;
#101 = VERTEX_POINT ( 'NONE', #12651 ) ;
#102 = CARTESIAN_POINT ( 'NONE',  ( -1.742500000000000826, 0.06250000000000000000, -9.025000000000000355 ) ) ;
#103 = PLANE ( 'NONE',  #11065 ) ;
#104 = CARTESIAN_POINT ( 'NONE',  ( 0.7000000000000002887, 0.1125000000000000028, -4.753000000000000114 ) ) ;
#105 = CARTESIAN_POINT ( 'NONE',  ( -0.2249999999999968414, 0.06250000000000000000, 6.060757485943753998E-17 ) ) ;
#106 = ORIENTED_EDGE ( 'NONE', *, *, #3397, .F. ) ;
#107 = EDGE_LOOP ( 'NONE', ( #13322, #1134, #8409, #3337 ) ) ;
#108 = LINE ( 'NONE', #4240, #8415 ) ;
#109 = LINE ( 'NONE', #3336, #1260 ) ;
#110 = ORIENTED_EDGE ( 'NONE', *, *, #7628, .F. ) ;
#111 = CARTESIAN_POINT ( 'NONE',  ( -0.7799999999999979172, 0.06250000000000000000, 0.000000000000000000 ) ) ;
#112 = LINE ( 'NONE', #8514, #12034 ) ;
#113 = DIRECTION ( 'NONE',  ( 0.000000000000000000, 0.000000000000000000, -1.000000000000000000 ) ) ;
#114 = FILL_AREA_STYLE ('',( #10458 ) ) ;
#115 = LINE ( 'NONE', #6065, #858 ) ;
#116 = DIRECTION ( 'NONE',  ( 1.000000000000000000, 0.000000000000000000, 0.000000000000000000 ) ) ;
#117 = LINE ( 'NONE', #4310, #7533 ) ;
#118 = EDGE_LOOP ( 'NONE', ( #9459, #12399, #4238, #10010 ) ) ;
#119 = FACE_OUTER_BOUND ( 'NONE', #4761, .T. ) ;
#120 = FACE_OUTER_BOUND ( 'NONE', #9579, .T. ) ;
#121 = EDGE_CURVE ( 'NONE', #8556, #1581, #8631, .T. ) ;
#122 = VERTEX_POINT ( 'NONE', #8453 ) ;
#123 = DIRECTION ( 'NONE',  ( 0.7071067811865485719, 0.000000000000000000, -0.7071067811865465735 ) ) ;
#124 = DIRECTION ( 'NONE',  ( -0.7071067811865358044, 0.000000000000000000, -0.7071067811865593411 ) ) ;
#125 = VERTEX_POINT ( 'NONE', #2177 ) ;
#126 = ORIENTED_EDGE ( 'NONE', *, *, #9463, .T. ) ;
#127 = VERTEX_POINT ( 'NONE', #9486 ) ;
#128 = ORIENTED_EDGE ( 'NONE', *, *, #12679, .F. ) ;
#129 = LINE ( 'NONE', #10668, #8982 ) ;
#130 = PLANE ( 'NONE',  #10114 ) ;
#131 = FACE_OUTER_BOUND ( 'NONE', #9872, .T. ) ;
#132 = ORIENTED_EDGE ( 'NONE', *, *, #10203, .T. ) ;
#133 = ORIENTED_EDGE ( 'NONE', *, *, #1164, .T. ) ;
#134 = FACE_OUTER_BOUND ( 'NONE', #11559, .T. ) ;
#135 = DIRECTION ( 'NONE',  ( 1.355252715606880049E-16, 0.000000000000000000, 1.000000000000000000 ) ) ;
#136 = EDGE_CURVE ( 'NONE', #6861, #9215, #10593, .T. ) ;
#137 = ORIENTED_EDGE ( 'NONE', *, *, #6731, .F. ) ;
#138 = EDGE_CURVE ( 'NONE', #9266, #657, #117, .T. ) ;
#139 = CARTESIAN_POINT ( 'NONE',  ( 1.350000000000000089, 0.000000000000000000, -1.942999999999999394 ) ) ;
#140 = FACE_OUTER_BOUND ( 'NONE', #5635, .T. ) ;
#141 = VERTEX_POINT ( 'NONE', #3070 ) ;
#142 = EDGE_CURVE ( 'NONE', #6739, #6966, #1600, .T. ) ;
#143 = DIRECTION ( 'NONE',  ( -0.7071067811865497932, 0.000000000000000000, -0.7071067811865452413 ) ) ;
#144 = VECTOR ( 'NONE', #4932, 1000.000000000000000 ) ;
#145 = CARTESIAN_POINT ( 'NONE',  ( 0.000000000000000000, 0.000000000000000000, 9.150000000000000355 ) ) ;
#146 =( LENGTH_UNIT ( ) NAMED_UNIT ( * ) SI_UNIT ( .MILLI., .METRE. ) );
#147 = DIRECTION ( 'NONE',  ( 2.693669993752817464E-16, 0.000000000000000000, -1.000000000000000000 ) ) ;
#148 = VECTOR ( 'NONE', #9707, 1000.000000000000000 ) ;
#149 = ORIENTED_EDGE ( 'NONE', *, *, #5290, .T. ) ;
#150 = PLANE ( 'NONE',  #4834 ) ;
#151 = LINE ( 'NONE', #6427, #10319 ) ;
#152 = DIRECTION ( 'NONE',  ( -0.000000000000000000, 1.000000000000000000, -0.000000000000000000 ) ) ;
#153 = EDGE_CURVE ( 'NONE', #11770, #4030, #10461, .T. ) ;
#154 = EDGE_CURVE ( 'NONE', #9413, #1716, #5154, .T. ) ;
#155 = FACE_OUTER_BOUND ( 'NONE', #3807, .T. ) ;
#156 = CARTESIAN_POINT ( 'NONE',  ( -0.4200000000000015388, 0.06250000000000000000, -9.025000000000000355 ) ) ;
#157 = ORIENTED_EDGE ( 'NONE', *, *, #11916, .F. ) ;
#158 = EDGE_CURVE ( 'NONE', #12024, #9361, #1013, .T. ) ;
#159 = EDGE_CURVE ( 'NONE', #11436, #5300, #2994, .T. ) ;
#160 = VERTEX_POINT ( 'NONE', #4106 ) ;
#161 = VERTEX_POINT ( 'NONE', #5216 ) ;
#162 = PLANE ( 'NONE',  #2914 ) ;
#163 = EDGE_CURVE ( 'NONE', #1194, #1046, #6185, .T. ) ;
#164 = VECTOR ( 'NONE', #10550, 1000.000000000000000 ) ;
#165 = VECTOR ( 'NONE', #5875, 1000.000000000000000 ) ;
#166 = CARTESIAN_POINT ( 'NONE',  ( 5.383749999999922764, 0.06250000000000000000, -5.383750000000421920 ) ) ;
#167 = VERTEX_POINT ( 'NONE', #8309 ) ;
#168 = CARTESIAN_POINT ( 'NONE',  ( 0.000000000000000000, 0.06250000000000000000, -2.403000000000000025 ) ) ;
#169 =( NAMED_UNIT ( * ) PLANE_ANGLE_UNIT ( ) SI_UNIT ( $, .RADIAN. ) );
#170 = PLANE ( 'NONE',  #4249 ) ;
#171 = FACE_OUTER_BOUND ( 'NONE', #4269, .T. ) ;
#172 = EDGE_CURVE ( 'NONE', #6982, #13064, #9409, .T. ) ;
#173 = VERTEX_POINT ( 'NONE', #4453 ) ;
#174 = ADVANCED_FACE ( 'NONE', ( #7751 ), #5503, .F. ) ;
#175 = VERTEX_POINT ( 'NONE', #10918 ) ;
#176 = EDGE_CURVE ( 'NONE', #9003, #4455, #6720, .T. ) ;
#177 = DIRECTION ( 'NONE',  ( -1.000000000000000000, 0.000000000000000000, 0.000000000000000000 ) ) ;
#178 = CYLINDRICAL_SURFACE ( 'NONE', #6317, 0.1749999999999998224 ) ;
#179 = ORIENTED_EDGE ( 'NONE', *, *, #8966, .F. ) ;
#180 = VECTOR ( 'NONE', #12285, 1000.000000000000000 ) ;
#181 = VECTOR ( 'NONE', #12825, 1000.000000000000114 ) ;
#182 = CARTESIAN_POINT ( 'NONE',  ( 0.000000000000000000, 0.06250000000000000000, -2.403000000000000025 ) ) ;
#183 = PRESENTATION_LAYER_ASSIGNMENT (  '', '', ( #3025 ) ) ;
#184 = CARTESIAN_POINT ( 'NONE',  ( -2.350000000000000977, 0.1125000000000000028, -8.325000000000001066 ) ) ;
#185 = VECTOR ( 'NONE', #7799, 1000.000000000000000 ) ;
#186 = FACE_OUTER_BOUND ( 'NONE', #12065, .T. ) ;
#187 = DIRECTION ( 'NONE',  ( -0.000000000000000000, 1.000000000000000000, -0.000000000000000000 ) ) ;
#188 = DIRECTION ( 'NONE',  ( 1.000000000000000000, 0.000000000000000000, 2.168404344971009262E-15 ) ) ;
#189 = AXIS2_PLACEMENT_3D ( 'NONE', #1571, #7969, #4734 ) ;
#190 = CARTESIAN_POINT ( 'NONE',  ( -0.6850000000000309175, 0.1125000000000000028, -2.821573632058747449E-15 ) ) ;
#191 = DIRECTION ( 'NONE',  ( -0.000000000000000000, -0.000000000000000000, -1.000000000000000000 ) ) ;
#192 = VERTEX_POINT ( 'NONE', #8714 ) ;
#193 = CARTESIAN_POINT ( 'NONE',  ( -2.200000000000000622, 0.2530000000000000027, -10.00000000000000000 ) ) ;
#194 = ORIENTED_EDGE ( 'NONE', *, *, #6070, .F. ) ;
#195 = EDGE_CURVE ( 'NONE', #10388, #13320, #10860, .T. ) ;
#196 = DIRECTION ( 'NONE',  ( 0.000000000000000000, -1.000000000000000000, 0.000000000000000000 ) ) ;
#197 = FACE_OUTER_BOUND ( 'NONE', #3888, .T. ) ;
#198 = ORIENTED_EDGE ( 'NONE', *, *, #401, .F. ) ;
#199 = VECTOR ( 'NONE', #10713, 1000.000000000000000 ) ;
#200 = ORIENTED_EDGE ( 'NONE', *, *, #11857, .F. ) ;
#201 = VERTEX_POINT ( 'NONE', #266 ) ;
#202 = VECTOR ( 'NONE', #1382, 1000.000000000000000 ) ;
#203 = ORIENTED_EDGE ( 'NONE', *, *, #7913, .T. ) ;
#204 = DIRECTION ( 'NONE',  ( 0.000000000000000000, 0.000000000000000000, -1.000000000000000000 ) ) ;
#205 = PLANE ( 'NONE',  #1971 ) ;
#206 = SURFACE_SIDE_STYLE ('',( #8668 ) ) ;
#207 = VECTOR ( 'NONE', #8484, 1000.000000000000000 ) ;
#208 = CIRCLE ( 'NONE', #12732, 0.1999999999999998723 ) ;
#209 = CARTESIAN_POINT ( 'NONE',  ( 2.575000000000000178, 0.2530000000000000027, -8.699999999999999289 ) ) ;
#210 = AXIS2_PLACEMENT_3D ( 'NONE', #12267, #12472, #10152 ) ;
#211 = VERTEX_POINT ( 'NONE', #8860 ) ;
#212 = EDGE_LOOP ( 'NONE', ( #9293, #7536, #6080, #5255 ) ) ;
#213 = LINE ( 'NONE', #71, #4622 ) ;
#214 = AXIS2_PLACEMENT_3D ( 'NONE', #1740, #8068, #718 ) ;
#215 = CARTESIAN_POINT ( 'NONE',  ( 0.5049999999999990052, 0.2530000000000000027, 1.874999999999999556 ) ) ;
#216 = ORIENTED_EDGE ( 'NONE', *, *, #12364, .F. ) ;
#217 = FACE_OUTER_BOUND ( 'NONE', #6259, .T. ) ;
#218 = DIRECTION ( 'NONE',  ( 1.000000000000000000, 0.000000000000000000, 2.891205793294662451E-15 ) ) ;
#219 = ORIENTED_EDGE ( 'NONE', *, *, #3988, .T. ) ;
#220 = CARTESIAN_POINT ( 'NONE',  ( 4.787499999999999645, 0.06250000000000000000, -4.787500000000030731 ) ) ;
#221 = AXIS2_PLACEMENT_3D ( 'NONE', #12720, #7489, #6464 ) ;
#222 = VECTOR ( 'NONE', #2634, 1000.000000000000000 ) ;
#223 = AXIS2_PLACEMENT_3D ( 'NONE', #13004, #6734, #10729 ) ;
#224 = DIRECTION ( 'NONE',  ( 0.000000000000000000, 0.000000000000000000, 1.000000000000000000 ) ) ;
#225 = EDGE_CURVE ( 'NONE', #13325, #2540, #385, .T. ) ;
#226 = LINE ( 'NONE', #4416, #8513 ) ;
#227 = DIRECTION ( 'NONE',  ( 0.000000000000000000, -1.000000000000000000, 0.000000000000000000 ) ) ;
#228 = LINE ( 'NONE', #8617, #2819 ) ;
#229 = EDGE_CURVE ( 'NONE', #6760, #7188, #1419, .T. ) ;
#230 = VECTOR ( 'NONE', #9526, 1000.000000000000000 ) ;
#231 = ORIENTED_EDGE ( 'NONE', *, *, #10583, .T. ) ;
#232 = CARTESIAN_POINT ( 'NONE',  ( -1.380000000000000115, 0.06250000000000000000, -9.025000000000000355 ) ) ;
#233 = AXIS2_PLACEMENT_3D ( 'NONE', #2952, #776, #6204 ) ;
#234 = DIRECTION ( 'NONE',  ( -0.000000000000000000, 1.000000000000000000, -0.000000000000000000 ) ) ;
#235 = FACE_OUTER_BOUND ( 'NONE', #12773, .T. ) ;
#236 = CARTESIAN_POINT ( 'NONE',  ( 1.620000000000002993, 0.1125000000000000028, -9.025000000000000355 ) ) ;
#237 = VERTEX_POINT ( 'NONE', #1354 ) ;
#238 = ORIENTED_EDGE ( 'NONE', *, *, #1482, .T. ) ;
#239 = VECTOR ( 'NONE', #11910, 1000.000000000000000 ) ;
#240 = CIRCLE ( 'NONE', #9688, 0.2000000000000005107 ) ;
#241 = CARTESIAN_POINT ( 'NONE',  ( -0.08499999999999588440, 0.06250000000000000000, -8.389999999999998792 ) ) ;
#242 = EDGE_CURVE ( 'NONE', #362, #9906, #4670, .T. ) ;
#243 = EDGE_CURVE ( 'NONE', #7381, #3484, #5628, .T. ) ;
#244 = CARTESIAN_POINT ( 'NONE',  ( 0.000000000000000000, 0.06250000000000000000, 0.000000000000000000 ) ) ;
#245 = EDGE_CURVE ( 'NONE', #1492, #9641, #12917, .T. ) ;
#246 = CARTESIAN_POINT ( 'NONE',  ( 0.000000000000000000, 0.06250000000000000000, -9.875000000000000000 ) ) ;
#247 = DIRECTION ( 'NONE',  ( 0.7071067811865452413, 0.000000000000000000, -0.7071067811865497932 ) ) ;
#248 = FACE_OUTER_BOUND ( 'NONE', #838, .T. ) ;
#249 = LINE ( 'NONE', #4435, #13253 ) ;
#250 = ORIENTED_EDGE ( 'NONE', *, *, #12929, .T. ) ;
#251 = VECTOR ( 'NONE', #4909, 1000.000000000000000 ) ;
#252 = ORIENTED_EDGE ( 'NONE', *, *, #6327, .F. ) ;
#253 = CARTESIAN_POINT ( 'NONE',  ( 3.822499999999977138, 0.06250000000000000000, -3.822499999999849241 ) ) ;
#254 = EDGE_LOOP ( 'NONE', ( #10413, #7877, #13104, #8507 ) ) ;
#255 = LINE ( 'NONE', #10785, #11058 ) ;
#256 = EDGE_CURVE ( 'NONE', #9299, #4208, #7683, .T. ) ;
#257 = EDGE_CURVE ( 'NONE', #6241, #394, #11885, .T. ) ;
#258 = CARTESIAN_POINT ( 'NONE',  ( -1.942500000000000560, 0.1125000000000000028, -7.653000000000000469 ) ) ;
#259 = AXIS2_PLACEMENT_3D ( 'NONE', #2399, #8611, #5450 ) ;
#260 = EDGE_CURVE ( 'NONE', #9220, #7365, #3405, .T. ) ;
#261 = CARTESIAN_POINT ( 'NONE',  ( -0.07499999999954208574, 0.1125000000000000028, 3.469446951932411974E-15 ) ) ;
#262 = DIRECTION ( 'NONE',  ( -2.693669993752817464E-16, 0.000000000000000000, -1.000000000000000000 ) ) ;
#263 = DIRECTION ( 'NONE',  ( -0.000000000000000000, 1.000000000000000000, -0.000000000000000000 ) ) ;
#264 = DIRECTION ( 'NONE',  ( 0.000000000000000000, 1.000000000000000000, 0.000000000000000000 ) ) ;
#265 = CARTESIAN_POINT ( 'NONE',  ( 1.249999999999999334, 0.06250000000000000000, 0.000000000000000000 ) ) ;
#266 = CARTESIAN_POINT ( 'NONE',  ( 1.742500000000004157, 0.06250000000000000000, -8.424999999999997158 ) ) ;
#267 = EDGE_LOOP ( 'NONE', ( #12571, #5354, #12964, #6957 ) ) ;
#268 = CARTESIAN_POINT ( 'NONE',  ( 0.4500000000000042299, 0.06250000000000000000, -9.124999999999998224 ) ) ;
#269 = ORIENTED_EDGE ( 'NONE', *, *, #6042, .T. ) ;
#270 = CARTESIAN_POINT ( 'NONE',  ( 1.750000000000000666, 0.1125000000000000028, -3.752999999999999226 ) ) ;
#271 = CARTESIAN_POINT ( 'NONE',  ( -2.574999999999999734, 0.2530000000000000027, -8.875000000000000000 ) ) ;
#272 = ORIENTED_EDGE ( 'NONE', *, *, #1760, .F. ) ;
#273 = VECTOR ( 'NONE', #5905, 1000.000000000000000 ) ;
#274 = ORIENTED_EDGE ( 'NONE', *, *, #1255, .T. ) ;
#275 = VERTEX_POINT ( 'NONE', #11811 ) ;
#276 = ORIENTED_EDGE ( 'NONE', *, *, #3825, .T. ) ;
#277 = FACE_OUTER_BOUND ( 'NONE', #5629, .T. ) ;
#278 = CARTESIAN_POINT ( 'NONE',  ( -0.7000000000000002887, 0.06250000000000000000, -3.403000000000000025 ) ) ;
#279 = EDGE_CURVE ( 'NONE', #2127, #8869, #2371, .T. ) ;
#280 =( NAMED_UNIT ( * ) SI_UNIT ( $, .STERADIAN. ) SOLID_ANGLE_UNIT ( ) );
#281 = AXIS2_PLACEMENT_3D ( 'NONE', #5203, #6509, #177 ) ;
#282 = FACE_OUTER_BOUND ( 'NONE', #4925, .T. ) ;
#283 = ORIENTED_EDGE ( 'NONE', *, *, #154, .F. ) ;
#284 = ORIENTED_EDGE ( 'NONE', *, *, #9172, .F. ) ;
#285 = CARTESIAN_POINT ( 'NONE',  ( -4.237499999999995381, 0.06250000000000000000, -4.237500000000126832 ) ) ;
#286 = FACE_OUTER_BOUND ( 'NONE', #10672, .T. ) ;
#287 = ORIENTED_EDGE ( 'NONE', *, *, #3923, .F. ) ;
#288 = PLANE ( 'NONE',  #7726 ) ;
#289 = CARTESIAN_POINT ( 'NONE',  ( -0.3019999999999989360, 2.080000000000000071, 9.429999999999999716 ) ) ;
#290 = VERTEX_POINT ( 'NONE', #6786 ) ;
#291 = VECTOR ( 'NONE', #5689, 1000.000000000000000 ) ;
#292 = DIRECTION ( 'NONE',  ( -0.000000000000000000, 1.000000000000000000, -0.000000000000000000 ) ) ;
#293 = COLOUR_RGB ( '',1.000000000000000000, 0.8117647058823529438, 0.5019607843137254832 ) ;
#294 = VECTOR ( 'NONE', #10966, 1000.000000000000000 ) ;
#295 = PLANE ( 'NONE',  #1950 ) ;
#296 = DIRECTION ( 'NONE',  ( 0.000000000000000000, 1.000000000000000000, 0.000000000000000000 ) ) ;
#297 = ORIENTED_EDGE ( 'NONE', *, *, #7404, .F. ) ;
#298 = LINE ( 'NONE', #6349, #9453 ) ;
#299 = FACE_OUTER_BOUND ( 'NONE', #11031, .T. ) ;
#300 = CYLINDRICAL_SURFACE ( 'NONE', #2651, 0.1749999999999998224 ) ;
#301 = LINE ( 'NONE', #8623, #4399 ) ;
#302 = ORIENTED_EDGE ( 'NONE', *, *, #11103, .F. ) ;
#303 = EDGE_CURVE ( 'NONE', #10766, #1493, #6663, .T. ) ;
#304 = VERTEX_POINT ( 'NONE', #2305 ) ;
#305 = CARTESIAN_POINT ( 'NONE',  ( -0.08500000000003044009, 0.06250000000000000000, -3.501222755110490344E-16 ) ) ;
#306 = PLANE ( 'NONE',  #9661 ) ;
#307 = DIRECTION ( 'NONE',  ( -0.000000000000000000, 1.000000000000000000, -0.000000000000000000 ) ) ;
#308 = PLANE ( 'NONE',  #6796 ) ;
#309 = FILL_AREA_STYLE_COLOUR ( '', #4021 ) ;
#310 = FACE_OUTER_BOUND ( 'NONE', #571, .T. ) ;
#311 = ORIENTED_EDGE ( 'NONE', *, *, #6981, .T. ) ;
#312 = VERTEX_POINT ( 'NONE', #1282 ) ;
#313 = EDGE_CURVE ( 'NONE', #1341, #3876, #5571, .T. ) ;
#314 = EDGE_CURVE ( 'NONE', #8396, #6667, #4576, .T. ) ;
#315 = CARTESIAN_POINT ( 'NONE',  ( 0.9850000000000027622, 0.06250000000000000000, -7.653000000000000469 ) ) ;
#316 = EDGE_LOOP ( 'NONE', ( #4554, #6979, #4124, #7700 ) ) ;
#317 = EDGE_CURVE ( 'NONE', #10640, #127, #12791, .T. ) ;
#318 = LINE ( 'NONE', #12646, #949 ) ;
#319 = LINE ( 'NONE', #12082, #2971 ) ;
#320 = CARTESIAN_POINT ( 'NONE',  ( 0.8250000000000010658, 0.06250000000000000000, -9.070000000000003837 ) ) ;
#321 = LINE ( 'NONE', #11952, #4802 ) ;
#322 = DIRECTION ( 'NONE',  ( 4.625929269271459921E-14, 0.000000000000000000, -1.000000000000000000 ) ) ;
#323 = CARTESIAN_POINT ( 'NONE',  ( -1.867500000000000826, 0.06250000000000000000, 0.000000000000000000 ) ) ;
#324 = EDGE_LOOP ( 'NONE', ( #9490, #1096, #12980, #11695 ) ) ;
#325 = PLANE ( 'NONE',  #4192 ) ;
#326 = MANIFOLD_SOLID_BREP ( 'Boss-Extrude9[11]', #11038 ) ;
#327 = VERTEX_POINT ( 'NONE', #11266 ) ;
#328 = EDGE_CURVE ( 'NONE', #7365, #521, #3348, .T. ) ;
#329 = DIRECTION ( 'NONE',  ( 0.000000000000000000, 1.000000000000000000, 0.000000000000000000 ) ) ;
#330 = EDGE_CURVE ( 'NONE', #9458, #9662, #10240, .T. ) ;
#331 = DIRECTION ( 'NONE',  ( -1.084202172485504828E-15, 0.000000000000000000, -1.000000000000000000 ) ) ;
#332 = ORIENTED_EDGE ( 'NONE', *, *, #8316, .F. ) ;
#333 = ORIENTED_EDGE ( 'NONE', *, *, #13525, .T. ) ;
#334 = ORIENTED_EDGE ( 'NONE', *, *, #8061, .T. ) ;
#335 = EDGE_CURVE ( 'NONE', #4712, #327, #3886, .T. ) ;
#336 = VERTEX_POINT ( 'NONE', #12297 ) ;
#337 = CARTESIAN_POINT ( 'NONE',  ( -1.900000000000000355, 0.06250000000000000000, 0.000000000000000000 ) ) ;
#338 = DIRECTION ( 'NONE',  ( -0.000000000000000000, 1.000000000000000000, -0.000000000000000000 ) ) ;
#339 = CARTESIAN_POINT ( 'NONE',  ( -4.637499999999996625, 0.1125000000000000028, -4.637499999999983302 ) ) ;
#340 = ORIENTED_EDGE ( 'NONE', *, *, #11198, .T. ) ;
#341 = ORIENTED_EDGE ( 'NONE', *, *, #9995, .F. ) ;
#342 = FACE_OUTER_BOUND ( 'NONE', #9278, .T. ) ;
#343 = CARTESIAN_POINT ( 'NONE',  ( 0.8249999999999988454, 0.06250000000000000000, 2.222277744846071153E-16 ) ) ;
#344 = VERTEX_POINT ( 'NONE', #7067 ) ;
#345 = DIRECTION ( 'NONE',  ( -4.625929269271459921E-14, 0.000000000000000000, -1.000000000000000000 ) ) ;
#346 = CARTESIAN_POINT ( 'NONE',  ( 0.000000000000000000, 0.06250000000000000000, 0.000000000000000000 ) ) ;
#347 = EDGE_CURVE ( 'NONE', #122, #101, #6928, .T. ) ;
#348 = VERTEX_POINT ( 'NONE', #5901 ) ;
#349 = ADVANCED_FACE ( 'NONE', ( #3817 ), #8995, .T. ) ;
#350 = CARTESIAN_POINT ( 'NONE',  ( 0.7000000000000002887, 0.06250000000000000000, -3.753000000000000558 ) ) ;
#351 = VECTOR ( 'NONE', #7341, 1000.000000000000000 ) ;
#352 = PLANE ( 'NONE',  #3705 ) ;
#353 = CARTESIAN_POINT ( 'NONE',  ( 0.2250000000000010325, 0.1125000000000000028, -9.875000000000000000 ) ) ;
#354 = DIRECTION ( 'NONE',  ( 4.625929269271459921E-14, 0.000000000000000000, -1.000000000000000000 ) ) ;
#355 = EDGE_LOOP ( 'NONE', ( #4938, #2078, #11945, #10372 ) ) ;
#356 = DIRECTION ( 'NONE',  ( -0.000000000000000000, 1.000000000000000000, -0.000000000000000000 ) ) ;
#357 = CARTESIAN_POINT ( 'NONE',  ( -1.274999999999999245, 0.1125000000000000028, -9.799999999999998934 ) ) ;
#358 = AXIS2_PLACEMENT_3D ( 'NONE', #9264, #13466, #798 ) ;
#359 = DIRECTION ( 'NONE',  ( 0.7071067811865452413, 0.000000000000000000, -0.7071067811865497932 ) ) ;
#360 = DIRECTION ( 'NONE',  ( -0.000000000000000000, 1.000000000000000000, -0.000000000000000000 ) ) ;
#361 = ORIENTED_EDGE ( 'NONE', *, *, #4702, .T. ) ;
#362 = VERTEX_POINT ( 'NONE', #9134 ) ;
#363 = CARTESIAN_POINT ( 'NONE',  ( -1.049999999999999822, 0.06250000000000000000, -9.124999999999998224 ) ) ;
#364 = VECTOR ( 'NONE', #12583, 1000.000000000000000 ) ;
#365 = DIRECTION ( 'NONE',  ( -1.172110456741085828E-16, 0.000000000000000000, 1.000000000000000000 ) ) ;
#366 = MANIFOLD_SOLID_BREP ( 'Boss-Extrude9[14]', #4647 ) ;
#367 = CARTESIAN_POINT ( 'NONE',  ( -4.537499999999987210, 0.06250000000000000000, -4.537500000000126654 ) ) ;
#368 = ORIENTED_EDGE ( 'NONE', *, *, #2929, .F. ) ;
#369 = CARTESIAN_POINT ( 'NONE',  ( -0.6499999999999966915, 0.06250000000000000000, -9.025000000000000355 ) ) ;
#370 = CARTESIAN_POINT ( 'NONE',  ( 3.702500000000013003, 0.06250000000000000000, -3.702500000000127578 ) ) ;
#371 = CARTESIAN_POINT ( 'NONE',  ( 0.2150000000000005518, 0.06250000000000000000, -7.653000000000000469 ) ) ;
#372 = AXIS2_PLACEMENT_3D ( 'NONE', #8403, #13429, #4059 ) ;
#373 = ORIENTED_EDGE ( 'NONE', *, *, #13602, .T. ) ;
#374 = ORIENTED_EDGE ( 'NONE', *, *, #2742, .T. ) ;
#375 = CARTESIAN_POINT ( 'NONE',  ( 2.000000000000000444, 0.4780000000000000360, -2.328000000000001624 ) ) ;
#376 = ORIENTED_EDGE ( 'NONE', *, *, #9143, .F. ) ;
#377 = LINE ( 'NONE', #4568, #7093 ) ;
#378 = CIRCLE ( 'NONE', #8300, 0.1999999999999998723 ) ;
#379 = FILL_AREA_STYLE ('',( #12206 ) ) ;
#380 = EDGE_CURVE ( 'NONE', #2450, #989, #1558, .T. ) ;
#381 = CARTESIAN_POINT ( 'NONE',  ( -4.787499999999999645, 0.1125000000000000028, -4.787500000000030731 ) ) ;
#382 = CARTESIAN_POINT ( 'NONE',  ( -2.200000000000000622, 0.2530000000000000027, 10.00000000000000000 ) ) ;
#383 = DIRECTION ( 'NONE',  ( -4.707526393424183343E-15, 0.000000000000000000, -1.000000000000000000 ) ) ;
#384 = LINE ( 'NONE', #11884, #2825 ) ;
#385 = LINE ( 'NONE', #4385, #8414 ) ;
#386 = VERTEX_POINT ( 'NONE', #11127 ) ;
#387 = CARTESIAN_POINT ( 'NONE',  ( -1.415000000000002256, 0.06250000000000000000, -4.163218654184518962E-16 ) ) ;
#388 = VECTOR ( 'NONE', #292, 1000.000000000000000 ) ;
#389 = VERTEX_POINT ( 'NONE', #3680 ) ;
#390 = LINE ( 'NONE', #5632, #13464 ) ;
#391 = AXIS2_PLACEMENT_3D ( 'NONE', #12504, #2042, #6383 ) ;
#392 = DIRECTION ( 'NONE',  ( -0.000000000000000000, -1.000000000000000000, -0.000000000000000000 ) ) ;
#393 = ORIENTED_EDGE ( 'NONE', *, *, #10249, .F. ) ;
#394 = VERTEX_POINT ( 'NONE', #7881 ) ;
#395 = EDGE_LOOP ( 'NONE', ( #7889, #4795, #1877, #12688 ) ) ;
#396 = ORIENTED_EDGE ( 'NONE', *, *, #1411, .T. ) ;
#397 = CARTESIAN_POINT ( 'NONE',  ( 0.4500000000000001221, 0.06250000000000000000, 0.000000000000000000 ) ) ;
#398 = DIRECTION ( 'NONE',  ( -2.693669993752817464E-16, 0.000000000000000000, -1.000000000000000000 ) ) ;
#399 = VECTOR ( 'NONE', #7812, 1000.000000000000000 ) ;
#400 = EDGE_CURVE ( 'NONE', #11390, #11193, #7960, .T. ) ;
#401 = EDGE_CURVE ( 'NONE', #11529, #8922, #10105, .T. ) ;
#402 = SURFACE_STYLE_USAGE ( .BOTH. , #11762 ) ;
#403 = DIRECTION ( 'NONE',  ( 2.647983596301103229E-15, 0.000000000000000000, -1.000000000000000000 ) ) ;
#404 = EDGE_CURVE ( 'NONE', #1046, #893, #6674, .T. ) ;
#405 = EDGE_CURVE ( 'NONE', #10300, #1515, #873, .T. ) ;
#406 = EDGE_LOOP ( 'NONE', ( #11962, #5196, #7858, #5820 ) ) ;
#407 = ORIENTED_EDGE ( 'NONE', *, *, #11533, .T. ) ;
#408 = SURFACE_STYLE_FILL_AREA ( #11014 ) ;
#409 = VECTOR ( 'NONE', #22, 1000.000000000000000 ) ;
#410 = DIRECTION ( 'NONE',  ( 0.000000000000000000, 0.000000000000000000, -1.000000000000000000 ) ) ;
#411 = EDGE_LOOP ( 'NONE', ( #5001, #9355, #5219, #126 ) ) ;
#412 = CARTESIAN_POINT ( 'NONE',  ( 0.9850000000000036504, 0.06250000000000000000, -8.389999999999998792 ) ) ;
#413 = CARTESIAN_POINT ( 'NONE',  ( 1.429999999999998828, 0.4780000000000000360, 1.694999999999999840 ) ) ;
#414 = VERTEX_POINT ( 'NONE', #1893 ) ;
#415 = VECTOR ( 'NONE', #5640, 1000.000000000000000 ) ;
#416 = DIRECTION ( 'NONE',  ( -0.000000000000000000, 1.000000000000000000, -0.000000000000000000 ) ) ;
#417 = VERTEX_POINT ( 'NONE', #13597 ) ;
#418 = AXIS2_PLACEMENT_3D ( 'NONE', #3648, #12054, #2620 ) ;
#419 = AXIS2_PLACEMENT_3D ( 'NONE', #7521, #5535, #1245 ) ;
#420 = CARTESIAN_POINT ( 'NONE',  ( 2.750000000000000000, 0.2530000000000000027, -8.699999999999997513 ) ) ;
#421 = VECTOR ( 'NONE', #2806, 1000.000000000000000 ) ;
#422 = ADVANCED_FACE ( 'NONE', ( #3054 ), #8442, .T. ) ;
#423 = EDGE_CURVE ( 'NONE', #1046, #8936, #8370, .T. ) ;
#424 = CARTESIAN_POINT ( 'NONE',  ( -0.1499999999999956368, 0.1125000000000000028, -9.724999999999999645 ) ) ;
#425 = EDGE_CURVE ( 'NONE', #10107, #1470, #3191, .T. ) ;
#426 = ORIENTED_EDGE ( 'NONE', *, *, #1510, .F. ) ;
#427 = ORIENTED_EDGE ( 'NONE', *, *, #9501, .F. ) ;
#428 = DIRECTION ( 'NONE',  ( 0.000000000000000000, 0.000000000000000000, -1.000000000000000000 ) ) ;
#429 = FACE_OUTER_BOUND ( 'NONE', #2325, .T. ) ;
#430 = DIRECTION ( 'NONE',  ( 0.7071067811865804353, 0.000000000000000000, -0.7071067811865147101 ) ) ;
#431 = AXIS2_PLACEMENT_3D ( 'NONE', #13550, #5157, #5922 ) ;
#432 = DIRECTION ( 'NONE',  ( 0.000000000000000000, 0.000000000000000000, -1.000000000000000000 ) ) ;
#433 = VECTOR ( 'NONE', #8992, 1000.000000000000000 ) ;
#434 = EDGE_LOOP ( 'NONE', ( #8972, #6697, #1532, #2944 ) ) ;
#435 = VECTOR ( 'NONE', #2591, 1000.000000000000000 ) ;
#436 = ORIENTED_EDGE ( 'NONE', *, *, #10350, .F. ) ;
#437 = VECTOR ( 'NONE', #5323, 1000.000000000000000 ) ;
#438 = CARTESIAN_POINT ( 'NONE',  ( 0.6000000000000000888, 0.06250000000000000000, 0.000000000000000000 ) ) ;
#439 = VECTOR ( 'NONE', #5238, 1000.000000000000000 ) ;
#440 = DIRECTION ( 'NONE',  ( -0.000000000000000000, 1.000000000000000000, -0.000000000000000000 ) ) ;
#441 = AXIS2_PLACEMENT_3D ( 'NONE', #13092, #708, #11098 ) ;
#442 = EDGE_CURVE ( 'NONE', #2145, #5396, #5200, .T. ) ;
#443 = CARTESIAN_POINT ( 'NONE',  ( 0.1499999999999978018, 0.1125000000000000028, -9.724999999999999645 ) ) ;
#444 = VERTEX_POINT ( 'NONE', #7393 ) ;
#445 = PLANE ( 'NONE',  #13174 ) ;
#446 = DIRECTION ( 'NONE',  ( -0.000000000000000000, 1.000000000000000000, -0.000000000000000000 ) ) ;
#447 = DIRECTION ( 'NONE',  ( -0.000000000000000000, 0.000000000000000000, 1.000000000000000000 ) ) ;
#448 = VERTEX_POINT ( 'NONE', #7126 ) ;
#449 = DIRECTION ( 'NONE',  ( 0.000000000000000000, 0.000000000000000000, -1.000000000000000000 ) ) ;
#450 = ORIENTED_EDGE ( 'NONE', *, *, #13472, .F. ) ;
#451 = AXIS2_PLACEMENT_3D ( 'NONE', #10217, #2001, #12610 ) ;
#452 = DIRECTION ( 'NONE',  ( 0.000000000000000000, 0.000000000000000000, -1.000000000000000000 ) ) ;
#453 = VERTEX_POINT ( 'NONE', #12434 ) ;
#454 = CARTESIAN_POINT ( 'NONE',  ( -0.3849999999999796363, 0.06250000000000000000, 1.019473684575870813E-15 ) ) ;
#455 = DIRECTION ( 'NONE',  ( -0.000000000000000000, -1.000000000000000000, -0.000000000000000000 ) ) ;
#456 = AXIS2_PLACEMENT_3D ( 'NONE', #3982, #8193, #7147 ) ;
#457 = FILL_AREA_STYLE ('',( #7552 ) ) ;
#458 = CARTESIAN_POINT ( 'NONE',  ( -0.2019999999999982920, 1.089999999999999414, 8.949999999999999289 ) ) ;
#459 = AXIS2_PLACEMENT_3D ( 'NONE', #9694, #8455, #6315 ) ;
#460 = CARTESIAN_POINT ( 'NONE',  ( 8.138021506676188393E-15, 0.1125000000000000028, -3.752999999999996117 ) ) ;
#461 = DIRECTION ( 'NONE',  ( 0.7071067811865584529, 0.000000000000000000, -0.7071067811865365815 ) ) ;
#462 = DIRECTION ( 'NONE',  ( -0.000000000000000000, 1.000000000000000000, -0.000000000000000000 ) ) ;
#463 = ORIENTED_EDGE ( 'NONE', *, *, #3232, .F. ) ;
#464 = VERTEX_POINT ( 'NONE', #11593 ) ;
#465 = DIRECTION ( 'NONE',  ( -2.693669993752817464E-16, 0.000000000000000000, -1.000000000000000000 ) ) ;
#466 = LINE ( 'NONE', #8719, #1789 ) ;
#467 = ORIENTED_EDGE ( 'NONE', *, *, #3437, .F. ) ;
#468 = ORIENTED_EDGE ( 'NONE', *, *, #844, .T. ) ;
#469 = ADVANCED_FACE ( 'NONE', ( #4237 ), #10383, .F. ) ;
#470 = ORIENTED_EDGE ( 'NONE', *, *, #13099, .F. ) ;
#471 = VECTOR ( 'NONE', #4038, 1000.000000000000000 ) ;
#472 = EDGE_LOOP ( 'NONE', ( #799, #11484, #4298, #13133, #8571, #10978, #2348, #2401, #10875, #276, #1711, #1371, #961, #3726, #7416, #2721 ) ) ;
#473 = VECTOR ( 'NONE', #6160, 1000.000000000000000 ) ;
#474 = CARTESIAN_POINT ( 'NONE',  ( 1.150000000000004352, 0.1125000000000000028, -8.424999999999997158 ) ) ;
#475 = DIRECTION ( 'NONE',  ( 0.000000000000000000, 1.000000000000000000, 0.000000000000000000 ) ) ;
#476 = CARTESIAN_POINT ( 'NONE',  ( -2.750000000000000888, 0.2530000000000000027, -8.500000000000001776 ) ) ;
#477 = FACE_OUTER_BOUND ( 'NONE', #7839, .T. ) ;
#478 = ORIENTED_EDGE ( 'NONE', *, *, #2396, .T. ) ;
#479 = VECTOR ( 'NONE', #12790, 1000.000000000000000 ) ;
#480 = ORIENTED_EDGE ( 'NONE', *, *, #10781, .F. ) ;
#481 = CARTESIAN_POINT ( 'NONE',  ( -3.689539992968170011E-15, 0.06250000000000000000, -3.402999999999998249 ) ) ;
#482 = VECTOR ( 'NONE', #4270, 1000.000000000000000 ) ;
#483 = DIRECTION ( 'NONE',  ( -0.000000000000000000, 1.000000000000000000, -0.000000000000000000 ) ) ;
#484 = VERTEX_POINT ( 'NONE', #3126 ) ;
#485 = CARTESIAN_POINT ( 'NONE',  ( -2.149999999999998135, 1.089999999999999414, 6.299999999999999822 ) ) ;
#486 = LINE ( 'NONE', #10881, #1320 ) ;
#487 = EDGE_LOOP ( 'NONE', ( #8842, #12162, #13523, #9528 ) ) ;
#488 = EDGE_CURVE ( 'NONE', #4208, #3619, #6237, .T. ) ;
#489 = DIRECTION ( 'NONE',  ( -0.000000000000000000, 1.000000000000000000, -0.000000000000000000 ) ) ;
#490 = ADVANCED_FACE ( 'NONE', ( #8503 ), #7331, .F. ) ;
#491 = ORIENTED_EDGE ( 'NONE', *, *, #5485, .F. ) ;
#492 = MANIFOLD_SOLID_BREP ( 'Boss-Extrude9[18]', #8829 ) ;
#493 = EDGE_CURVE ( 'NONE', #101, #8011, #7187, .T. ) ;
#494 = VECTOR ( 'NONE', #6862, 1000.000000000000000 ) ;
#495 = CARTESIAN_POINT ( 'NONE',  ( -0.4499999999999921285, 0.1125000000000000028, 4.878909776184686137E-16 ) ) ;
#496 = LINE ( 'NONE', #771, #9825 ) ;
#497 = LINE ( 'NONE', #7922, #4147 ) ;
#498 = ORIENTED_EDGE ( 'NONE', *, *, #10613, .F. ) ;
#499 = ORIENTED_EDGE ( 'NONE', *, *, #10019, .T. ) ;
#500 = CARTESIAN_POINT ( 'NONE',  ( 0.000000000000000000, 0.06250000000000000000, -9.875000000000000000 ) ) ;
#501 = CARTESIAN_POINT ( 'NONE',  ( 1.415000000000002700, 0.06250000000000000000, -7.653000000000000469 ) ) ;
#502 = LINE ( 'NONE', #7032, #12559 ) ;
#503 = VECTOR ( 'NONE', #9755, 1000.000000000000000 ) ;
#504 = DIRECTION ( 'NONE',  ( 0.000000000000000000, 0.000000000000000000, -1.000000000000000000 ) ) ;
#505 = AXIS2_PLACEMENT_3D ( 'NONE', #1623, #591, #4780 ) ;
#506 = ORIENTED_EDGE ( 'NONE', *, *, #1393, .F. ) ;
#507 = ADVANCED_FACE ( 'NONE', ( #1963 ), #7466, .T. ) ;
#508 = EDGE_CURVE ( 'NONE', #5171, #4953, #4366, .T. ) ;
#509 = VERTEX_POINT ( 'NONE', #10643 ) ;
#510 = ADVANCED_FACE ( 'NONE', ( #171 ), #9600, .T. ) ;
#511 = LINE ( 'NONE', #3590, #4912 ) ;
#512 =( GEOMETRIC_REPRESENTATION_CONTEXT ( 3 ) GLOBAL_UNCERTAINTY_ASSIGNED_CONTEXT ( ( #2 ) ) GLOBAL_UNIT_ASSIGNED_CONTEXT ( ( #1961, #10381, #7329 ) ) REPRESENTATION_CONTEXT ( 'NONE', 'WORKASPACE' ) );
#513 = CARTESIAN_POINT ( 'NONE',  ( 0.6850000000000002753, 0.1125000000000000028, -7.653000000000000469 ) ) ;
#514 = MANIFOLD_SOLID_BREP ( 'Boss-Extrude9[17]', #2441 ) ;
#515 = VECTOR ( 'NONE', #1330, 1000.000000000000000 ) ;
#516 = LINE ( 'NONE', #5610, #8497 ) ;
#517 = VERTEX_POINT ( 'NONE', #2794 ) ;
#518 = DIRECTION ( 'NONE',  ( -1.000000000000000000, 0.000000000000000000, -3.469446951953515108E-14 ) ) ;
#519 = DIRECTION ( 'NONE',  ( -2.693669993752817464E-16, 0.000000000000000000, -1.000000000000000000 ) ) ;
#520 = PLANE ( 'NONE',  #6342 ) ;
#521 = VERTEX_POINT ( 'NONE', #3974 ) ;
#522 = DIRECTION ( 'NONE',  ( 0.7071067811865365815, 0.000000000000000000, 0.7071067811865584529 ) ) ;
#523 = ORIENTED_EDGE ( 'NONE', *, *, #4589, .T. ) ;
#524 = STYLED_ITEM ( 'NONE', ( #11140 ), #514 ) ;
#525 = CARTESIAN_POINT ( 'NONE',  ( 1.275000000000000133, 0.06250000000000000000, -9.799999999999998934 ) ) ;
#526 = EDGE_CURVE ( 'NONE', #13314, #6203, #7079, .T. ) ;
#527 = ORIENTED_EDGE ( 'NONE', *, *, #8706, .F. ) ;
#528 = EDGE_CURVE ( 'NONE', #9165, #3000, #5914, .T. ) ;
#529 = PLANE ( 'NONE',  #11926 ) ;
#530 = FACE_OUTER_BOUND ( 'NONE', #2102, .T. ) ;
#531 = VERTEX_POINT ( 'NONE', #8182 ) ;
#532 = PLANE ( 'NONE',  #1517 ) ;
#533 = CARTESIAN_POINT ( 'NONE',  ( -1.642499999999990301, 0.06250000000000000000, 1.780802068307431172E-15 ) ) ;
#534 = LINE ( 'NONE', #2653, #2017 ) ;
#535 = EDGE_LOOP ( 'NONE', ( #6263, #659, #4807, #10043 ) ) ;
#536 = PLANE ( 'NONE',  #3983 ) ;
#537 = ORIENTED_EDGE ( 'NONE', *, *, #13472, .T. ) ;
#538 = CARTESIAN_POINT ( 'NONE',  ( 0.5500000000000042633, 0.06250000000000000000, -9.025000000000000355 ) ) ;
#539 = DIRECTION ( 'NONE',  ( 0.000000000000000000, 0.000000000000000000, -1.000000000000000000 ) ) ;
#540 = EDGE_LOOP ( 'NONE', ( #7114, #6918, #11463, #9827 ) ) ;
#541 = VERTEX_POINT ( 'NONE', #10251 ) ;
#542 = EDGE_LOOP ( 'NONE', ( #8223, #194, #4837, #12059 ) ) ;
#543 = ORIENTED_EDGE ( 'NONE', *, *, #4500, .F. ) ;
#544 = CARTESIAN_POINT ( 'NONE',  ( -1.500000000000000444, 0.06250000000000000000, -4.753000000000000114 ) ) ;
#545 = CARTESIAN_POINT ( 'NONE',  ( 2.350000000000000089, 0.4780000000000000360, -8.325000000000001066 ) ) ;
#546 =( NAMED_UNIT ( * ) PLANE_ANGLE_UNIT ( ) SI_UNIT ( $, .RADIAN. ) );
#547 = FACE_OUTER_BOUND ( 'NONE', #4244, .T. ) ;
#548 = ORIENTED_EDGE ( 'NONE', *, *, #12367, .F. ) ;
#549 = ORIENTED_EDGE ( 'NONE', *, *, #10517, .T. ) ;
#550 = CARTESIAN_POINT ( 'NONE',  ( -2.350000000000000977, 0.1125000000000000028, -9.074999999999999289 ) ) ;
#551 = LINE ( 'NONE', #5849, #9884 ) ;
#552 = EDGE_LOOP ( 'NONE', ( #3480, #9149, #6269, #7714, #11941, #3327, #12423, #1851, #4815, #7914, #8947, #9833, #9634, #6162, #5525, #9166, #4107, #12043, #13165, #1586, #334, #4080, #3892, #11012, #11273, #7454 ) ) ;
#553 = CARTESIAN_POINT ( 'NONE',  ( 0.000000000000000000, 0.06250000000000000000, -9.875000000000000000 ) ) ;
#554 = DIRECTION ( 'NONE',  ( 0.7071067811865358044, 0.000000000000000000, -0.7071067811865593411 ) ) ;
#555 = ORIENTED_EDGE ( 'NONE', *, *, #8417, .T. ) ;
#556 = DIRECTION ( 'NONE',  ( -2.693669993752817464E-16, 0.000000000000000000, -1.000000000000000000 ) ) ;
#557 = ORIENTED_EDGE ( 'NONE', *, *, #2479, .T. ) ;
#558 = DIRECTION ( 'NONE',  ( -0.000000000000000000, 1.000000000000000000, -0.000000000000000000 ) ) ;
#559 = DIRECTION ( 'NONE',  ( -1.172110456741085828E-16, -0.000000000000000000, -1.000000000000000000 ) ) ;
#560 = UNCERTAINTY_MEASURE_WITH_UNIT (LENGTH_MEASURE( 1.000000000000000082E-05 ), #8928, 'distance_accuracy_value', 'NONE');
#561 = ADVANCED_FACE ( 'NONE', ( #7976 ), #8035, .F. ) ;
#562 = ORIENTED_EDGE ( 'NONE', *, *, #1887, .T. ) ;
#563 = EDGE_CURVE ( 'NONE', #13006, #2127, #5012, .T. ) ;
#564 = ORIENTED_EDGE ( 'NONE', *, *, #8315, .T. ) ;
#565 = DIRECTION ( 'NONE',  ( -0.000000000000000000, 1.000000000000000000, -0.000000000000000000 ) ) ;
#566 = DIRECTION ( 'NONE',  ( -0.000000000000000000, -1.000000000000000000, -0.000000000000000000 ) ) ;
#567 = EDGE_CURVE ( 'NONE', #10922, #13006, #685, .T. ) ;
#568 = DIRECTION ( 'NONE',  ( 0.000000000000000000, -0.000000000000000000, -1.000000000000000000 ) ) ;
#569 = CARTESIAN_POINT ( 'NONE',  ( -0.7499999999999961142, 0.06250000000000000000, -9.724999999999999645 ) ) ;
#570 = ORIENTED_EDGE ( 'NONE', *, *, #528, .F. ) ;
#571 = EDGE_LOOP ( 'NONE', ( #10318, #6499, #4785, #1626 ) ) ;
#572 = PLANE ( 'NONE',  #11932 ) ;
#573 = CARTESIAN_POINT ( 'NONE',  ( 0.9943145750507611513, 1.289999999999999813, 6.299999999999999822 ) ) ;
#574 = MANIFOLD_SOLID_BREP ( 'Boss-Extrude4', #1577 ) ;
#575 = ADVANCED_FACE ( 'NONE', ( #12105 ), #13214, .T. ) ;
#576 = VECTOR ( 'NONE', #4784, 1000.000000000000000 ) ;
#577 = ADVANCED_FACE ( 'NONE', ( #9145 ), #2045, .F. ) ;
#578 = FACE_OUTER_BOUND ( 'NONE', #2328, .T. ) ;
#579 = ORIENTED_EDGE ( 'NONE', *, *, #4497, .F. ) ;
#580 = CARTESIAN_POINT ( 'NONE',  ( -0.2000000000000000944, 0.06250000000000000000, -4.753000000000000114 ) ) ;
#581 = LINE ( 'NONE', #7798, #6662 ) ;
#582 = LINE ( 'NONE', #12978, #5909 ) ;
#583 = EDGE_CURVE ( 'NONE', #1534, #12873, #1907, .T. ) ;
#584 = EDGE_CURVE ( 'NONE', #9836, #9728, #10315, .T. ) ;
#585 = ORIENTED_EDGE ( 'NONE', *, *, #5026, .F. ) ;
#586 = CARTESIAN_POINT ( 'NONE',  ( -0.5019999999999983364, 2.880000000000000338, 8.799999999999998934 ) ) ;
#587 = ORIENTED_EDGE ( 'NONE', *, *, #9321, .T. ) ;
#588 = DIRECTION ( 'NONE',  ( -0.000000000000000000, 1.000000000000000000, -0.000000000000000000 ) ) ;
#589 = VERTEX_POINT ( 'NONE', #5151 ) ;
#590 = VECTOR ( 'NONE', #4084, 1000.000000000000000 ) ;
#591 = DIRECTION ( 'NONE',  ( 0.7071067811865485719, 0.000000000000000000, -0.7071067811865465735 ) ) ;
#592 = AXIS2_PLACEMENT_3D ( 'NONE', #11570, #9310, #1934 ) ;
#593 = EDGE_CURVE ( 'NONE', #9292, #3919, #13486, .T. ) ;
#594 = CARTESIAN_POINT ( 'NONE',  ( -4.237499999999995381, 0.1125000000000000028, -4.237500000000126832 ) ) ;
#595 = ORIENTED_EDGE ( 'NONE', *, *, #596, .T. ) ;
#596 = EDGE_CURVE ( 'NONE', #7522, #9784, #5285, .T. ) ;
#597 = FACE_OUTER_BOUND ( 'NONE', #9096, .T. ) ;
#598 = DIRECTION ( 'NONE',  ( -1.000000000000000000, 0.000000000000000000, -0.000000000000000000 ) ) ;
#599 = PLANE ( 'NONE',  #12135 ) ;
#600 = EDGE_CURVE ( 'NONE', #9564, #7149, #2934, .T. ) ;
#601 = AXIS2_PLACEMENT_3D ( 'NONE', #8109, #1977, #2992 ) ;
#602 = VERTEX_POINT ( 'NONE', #7403 ) ;
#603 = VERTEX_POINT ( 'NONE', #8246 ) ;
#604 = DIRECTION ( 'NONE',  ( 2.693669993752817464E-16, 0.000000000000000000, -1.000000000000000000 ) ) ;
#605 = CARTESIAN_POINT ( 'NONE',  ( -2.200000000000000622, 0.000000000000000000, 10.00000000000000000 ) ) ;
#606 = ORIENTED_EDGE ( 'NONE', *, *, #10611, .F. ) ;
#607 = ORIENTED_EDGE ( 'NONE', *, *, #12382, .F. ) ;
#608 = VERTEX_POINT ( 'NONE', #11340 ) ;
#609 = DIRECTION ( 'NONE',  ( -0.000000000000000000, -1.000000000000000000, -0.000000000000000000 ) ) ;
#610 = DIRECTION ( 'NONE',  ( 1.000000000000000000, 0.000000000000000000, 0.000000000000000000 ) ) ;
#611 = CARTESIAN_POINT ( 'NONE',  ( 4.602499999999985825, 0.06250000000000000000, -4.602500000000127933 ) ) ;
#612 = ADVANCED_FACE ( 'NONE', ( #13545 ), #2175, .T. ) ;
#613 = LINE ( 'NONE', #10317, #11699 ) ;
#614 = CIRCLE ( 'NONE', #391, 0.1749999999999998224 ) ;
#615 = ORIENTED_EDGE ( 'NONE', *, *, #3924, .T. ) ;
#616 = CARTESIAN_POINT ( 'NONE',  ( -0.8019999999999979368, 1.289999999999999591, 9.150000000000000355 ) ) ;
#617 = DIRECTION ( 'NONE',  ( -1.000000000000000000, 0.000000000000000000, 0.000000000000000000 ) ) ;
#618 = EDGE_LOOP ( 'NONE', ( #12759, #11812, #2212, #12181 ) ) ;
#619 = CARTESIAN_POINT ( 'NONE',  ( 0.5150000000000031219, 0.06250000000000000000, -7.653000000000000469 ) ) ;
#620 = CARTESIAN_POINT ( 'NONE',  ( 2.149999999999999911, 0.1125000000000000028, -8.125000000000000000 ) ) ;
#621 = ORIENTED_EDGE ( 'NONE', *, *, #3579, .F. ) ;
#622 = CARTESIAN_POINT ( 'NONE',  ( -5.383749999999991154, 0.06250000000000000000, -5.383750000000047997 ) ) ;
#623 = ORIENTED_EDGE ( 'NONE', *, *, #4286, .F. ) ;
#624 = MANIFOLD_SOLID_BREP ( 'Boss-Extrude3[1]', #4884 ) ;
#625 = VECTOR ( 'NONE', #658, 1000.000000000000000 ) ;
#626 = DIRECTION ( 'NONE',  ( 0.000000000000000000, 0.000000000000000000, -1.000000000000000000 ) ) ;
#627 = CARTESIAN_POINT ( 'NONE',  ( -1.350000000000000533, 0.4780000000000000360, 3.694999999999999840 ) ) ;
#628 = VECTOR ( 'NONE', #1862, 1000.000000000000000 ) ;
#629 = CARTESIAN_POINT ( 'NONE',  ( 1.942500000000004556, 0.1125000000000000028, -9.724999999999999645 ) ) ;
#630 = ORIENTED_EDGE ( 'NONE', *, *, #10485, .T. ) ;
#631 = ORIENTED_EDGE ( 'NONE', *, *, #10037, .F. ) ;
#632 = DIRECTION ( 'NONE',  ( 0.000000000000000000, 0.000000000000000000, 1.000000000000000000 ) ) ;
#633 = LINE ( 'NONE', #5940, #1516 ) ;
#634 = VECTOR ( 'NONE', #383, 1000.000000000000000 ) ;
#635 = CARTESIAN_POINT ( 'NONE',  ( -0.7019999999999981810, 2.080000000000000071, 9.330000000000000071 ) ) ;
#636 = DIRECTION ( 'NONE',  ( 0.7071067811865628938, 0.000000000000000000, -0.7071067811865321406 ) ) ;
#637 = VERTEX_POINT ( 'NONE', #8305 ) ;
#638 = VECTOR ( 'NONE', #10479, 1000.000000000000000 ) ;
#639 = ORIENTED_EDGE ( 'NONE', *, *, #5489, .F. ) ;
#640 = VECTOR ( 'NONE', #12124, 1000.000000000000000 ) ;
#641 = EDGE_CURVE ( 'NONE', #2466, #12801, #11607, .T. ) ;
#642 = VECTOR ( 'NONE', #558, 1000.000000000000000 ) ;
#643 = CARTESIAN_POINT ( 'NONE',  ( -1.415000000000002256, 0.06250000000000000000, -4.163218654184518962E-16 ) ) ;
#644 = ADVANCED_FACE ( 'NONE', ( #12509 ), #9284, .F. ) ;
#645 = DIRECTION ( 'NONE',  ( 1.000000000000000000, 0.000000000000000000, -1.971276677246372012E-16 ) ) ;
#646 = MANIFOLD_SOLID_BREP ( 'Split2[1]', #2223 ) ;
#647 = DIRECTION ( 'NONE',  ( 0.000000000000000000, 0.000000000000000000, -1.000000000000000000 ) ) ;
#648 = VECTOR ( 'NONE', #13619, 1000.000000000000000 ) ;
#649 = ORIENTED_EDGE ( 'NONE', *, *, #10180, .F. ) ;
#650 = DIRECTION ( 'NONE',  ( -0.000000000000000000, 1.000000000000000000, -0.000000000000000000 ) ) ;
#651 = VECTOR ( 'NONE', #11867, 1000.000000000000000 ) ;
#652 = CARTESIAN_POINT ( 'NONE',  ( 0.000000000000000000, 0.06250000000000000000, -9.875000000000000000 ) ) ;
#653 = DIRECTION ( 'NONE',  ( 0.000000000000000000, 1.000000000000000000, 0.000000000000000000 ) ) ;
#654 = AXIS2_PLACEMENT_3D ( 'NONE', #10669, #1991, #7502 ) ;
#655 = VERTEX_POINT ( 'NONE', #6516 ) ;
#656 = CARTESIAN_POINT ( 'NONE',  ( -0.1799999999999974398, 0.1125000000000000028, -0.000000000000000000 ) ) ;
#657 = VERTEX_POINT ( 'NONE', #4379 ) ;
#658 = DIRECTION ( 'NONE',  ( -2.693669993752817464E-16, 0.000000000000000000, -1.000000000000000000 ) ) ;
#659 = ORIENTED_EDGE ( 'NONE', *, *, #3335, .F. ) ;
#660 = EDGE_CURVE ( 'NONE', #10142, #3246, #12582, .T. ) ;
#661 = EDGE_CURVE ( 'NONE', #4620, #6500, #12850, .T. ) ;
#662 = VECTOR ( 'NONE', #6226, 1000.000000000000000 ) ;
#663 = VECTOR ( 'NONE', #12887, 1000.000000000000000 ) ;
#664 = DIRECTION ( 'NONE',  ( 0.000000000000000000, 0.000000000000000000, 1.000000000000000000 ) ) ;
#665 = AXIS2_PLACEMENT_3D ( 'NONE', #6707, #6845, #4638 ) ;
#666 = EDGE_CURVE ( 'NONE', #602, #3291, #2301, .T. ) ;
#667 = PLANE ( 'NONE',  #6953 ) ;
#668 = ORIENTED_EDGE ( 'NONE', *, *, #4511, .T. ) ;
#669 = DIRECTION ( 'NONE',  ( -0.000000000000000000, -1.000000000000000000, -0.000000000000000000 ) ) ;
#670 = CARTESIAN_POINT ( 'NONE',  ( 0.000000000000000000, 0.06250000000000000000, -7.653000000000000469 ) ) ;
#671 = FACE_OUTER_BOUND ( 'NONE', #8031, .T. ) ;
#672 =( NAMED_UNIT ( * ) PLANE_ANGLE_UNIT ( ) SI_UNIT ( $, .RADIAN. ) );
#673 = ORIENTED_EDGE ( 'NONE', *, *, #5469, .F. ) ;
#674 = VECTOR ( 'NONE', #7159, 1000.000000000000000 ) ;
#675 = VERTEX_POINT ( 'NONE', #7612 ) ;
#676 = FACE_OUTER_BOUND ( 'NONE', #8463, .T. ) ;
#677 = DIRECTION ( 'NONE',  ( -4.625929269271459921E-14, 0.000000000000000000, -1.000000000000000000 ) ) ;
#678 = VERTEX_POINT ( 'NONE', #8649 ) ;
#679 = ORIENTED_EDGE ( 'NONE', *, *, #12173, .F. ) ;
#680 = EDGE_CURVE ( 'NONE', #6266, #7412, #9809, .T. ) ;
#681 = ADVANCED_FACE ( 'NONE', ( #5624 ), #12988, .T. ) ;
#682 = ADVANCED_FACE ( 'NONE', ( #10653 ), #12913, .T. ) ;
#683 = AXIS2_PLACEMENT_3D ( 'NONE', #10596, #11683, #4388 ) ;
#684 = LINE ( 'NONE', #9079, #3943 ) ;
#685 = LINE ( 'NONE', #13414, #12398 ) ;
#686 = CARTESIAN_POINT ( 'NONE',  ( -2.150000000000000799, 0.2530000000000000027, -9.074999999999999289 ) ) ;
#687 = ORIENTED_EDGE ( 'NONE', *, *, #1319, .T. ) ;
#688 = ORIENTED_EDGE ( 'NONE', *, *, #744, .T. ) ;
#689 = SURFACE_SIDE_STYLE ('',( #8312 ) ) ;
#690 = LINE ( 'NONE', #1786, #4387 ) ;
#691 = ORIENTED_EDGE ( 'NONE', *, *, #9399, .F. ) ;
#692 = CARTESIAN_POINT ( 'NONE',  ( -0.2019999999999982920, 2.979999999999999982, 8.949999999999999289 ) ) ;
#693 = VECTOR ( 'NONE', #7071, 1000.000000000000000 ) ;
#694 = CARTESIAN_POINT ( 'NONE',  ( -1.114999999999999325, 0.06250000000000000000, -8.389999999999997016 ) ) ;
#695 = MECHANICAL_DESIGN_GEOMETRIC_PRESENTATION_REPRESENTATION (  '', ( #2218 ), #12341 ) ;
#696 = VERTEX_POINT ( 'NONE', #3276 ) ;
#697 = FACE_OUTER_BOUND ( 'NONE', #12019, .T. ) ;
#698 = ORIENTED_EDGE ( 'NONE', *, *, #4275, .T. ) ;
#699 = EDGE_CURVE ( 'NONE', #6134, #13325, #10789, .T. ) ;
#700 = CARTESIAN_POINT ( 'NONE',  ( 1.100000000000000311, 0.06250000000000000000, -3.752999999999999670 ) ) ;
#701 = LINE ( 'NONE', #8199, #6358 ) ;
#702 = CLOSED_SHELL ( 'NONE', ( #6240, #1682, #7826, #5808, #7474, #2022 ) ) ;
#703 = VECTOR ( 'NONE', #4890, 1000.000000000000000 ) ;
#704 = CARTESIAN_POINT ( 'NONE',  ( 4.187500000000003553, 0.06250000000000000000, -4.187500000000030198 ) ) ;
#705 = UNCERTAINTY_MEASURE_WITH_UNIT (LENGTH_MEASURE( 1.000000000000000082E-05 ), #9577, 'distance_accuracy_value', 'NONE');
#706 = ORIENTED_EDGE ( 'NONE', *, *, #11275, .F. ) ;
#707 = ORIENTED_EDGE ( 'NONE', *, *, #2108, .T. ) ;
#708 = DIRECTION ( 'NONE',  ( 1.000000000000000000, 0.000000000000000000, -2.693669993752811547E-16 ) ) ;
#709 = DIRECTION ( 'NONE',  ( 0.7071067811865497932, 0.000000000000000000, -0.7071067811865452413 ) ) ;
#710 = LINE ( 'NONE', #8825, #11027 ) ;
#711 = LINE ( 'NONE', #12057, #11645 ) ;
#712 = ORIENTED_EDGE ( 'NONE', *, *, #4874, .T. ) ;
#713 = VECTOR ( 'NONE', #10591, 1000.000000000000000 ) ;
#714 = VECTOR ( 'NONE', #604, 1000.000000000000000 ) ;
#715 = ORIENTED_EDGE ( 'NONE', *, *, #12454, .T. ) ;
#716 = LINE ( 'NONE', #1809, #2171 ) ;
#717 = DIRECTION ( 'NONE',  ( 0.000000000000000000, 0.000000000000000000, 1.000000000000000000 ) ) ;
#718 = DIRECTION ( 'NONE',  ( 0.000000000000000000, 0.000000000000000000, 1.000000000000000000 ) ) ;
#719 = MANIFOLD_SOLID_BREP ( 'Boss-Extrude9[4]', #12136 ) ;
#720 = CARTESIAN_POINT ( 'NONE',  ( -0.6749999999995426325, 0.06250000000000000000, 3.122502256756119690E-14 ) ) ;
#721 = AXIS2_PLACEMENT_3D ( 'NONE', #1211, #10712, #262 ) ;
#722 = FACE_OUTER_BOUND ( 'NONE', #12827, .T. ) ;
#723 = ORIENTED_EDGE ( 'NONE', *, *, #13183, .F. ) ;
#724 = DIRECTION ( 'NONE',  ( 0.000000000000000000, 0.000000000000000000, 1.000000000000000000 ) ) ;
#725 = VECTOR ( 'NONE', #7545, 1000.000000000000000 ) ;
#726 = DIRECTION ( 'NONE',  ( 0.000000000000000000, 0.000000000000000000, -1.000000000000000000 ) ) ;
#727 = LINE ( 'NONE', #4846, #13593 ) ;
#728 = EDGE_CURVE ( 'NONE', #5891, #8886, #2366, .T. ) ;
#729 = EDGE_LOOP ( 'NONE', ( #3795, #3754, #9900, #11072 ) ) ;
#730 = LINE ( 'NONE', #4987, #10347 ) ;
#731 = VERTEX_POINT ( 'NONE', #11743 ) ;
#732 = LINE ( 'NONE', #6984, #625 ) ;
#733 = ORIENTED_EDGE ( 'NONE', *, *, #2384, .T. ) ;
#734 = VECTOR ( 'NONE', #12068, 1000.000000000000000 ) ;
#735 = VECTOR ( 'NONE', #3204, 1000.000000000000000 ) ;
#736 = VECTOR ( 'NONE', #10768, 1000.000000000000000 ) ;
#737 = CARTESIAN_POINT ( 'NONE',  ( 0.4500000000000042299, 0.1125000000000000028, -9.124999999999998224 ) ) ;
#738 = CARTESIAN_POINT ( 'NONE',  ( 1.285000000000038556, 0.06250000000000000000, -6.049171415550256694E-15 ) ) ;
#739 = ORIENTED_EDGE ( 'NONE', *, *, #10777, .T. ) ;
#740 = DIRECTION ( 'NONE',  ( -0.000000000000000000, -1.000000000000000000, -0.000000000000000000 ) ) ;
#741 = DIRECTION ( 'NONE',  ( 0.7071067811865485719, 0.000000000000000000, -0.7071067811865465735 ) ) ;
#742 = LINE ( 'NONE', #4936, #11023 ) ;
#743 = EDGE_CURVE ( 'NONE', #13555, #7846, #8516, .T. ) ;
#744 = EDGE_CURVE ( 'NONE', #12436, #6990, #6369, .T. ) ;
#745 = ORIENTED_EDGE ( 'NONE', *, *, #1127, .T. ) ;
#746 = MANIFOLD_SOLID_BREP ( 'Boss-Extrude9[19]', #7516 ) ;
#747 = EDGE_LOOP ( 'NONE', ( #4265, #5224, #1219, #3882 ) ) ;
#748 = ADVANCED_FACE ( 'NONE', ( #7185 ), #4235, .F. ) ;
#749 = CYLINDRICAL_SURFACE ( 'NONE', #5993, 1.289999999999999591 ) ;
#750 = CARTESIAN_POINT ( 'NONE',  ( 1.942500000000004556, 0.06250000000000000000, -9.724999999999999645 ) ) ;
#751 = VERTEX_POINT ( 'NONE', #13594 ) ;
#752 = VERTEX_POINT ( 'NONE', #3052 ) ;
#753 = FACE_OUTER_BOUND ( 'NONE', #5946, .T. ) ;
#754 = LINE ( 'NONE', #13543, #3715 ) ;
#755 = DIRECTION ( 'NONE',  ( -0.000000000000000000, -1.000000000000000000, -0.000000000000000000 ) ) ;
#756 =( NAMED_UNIT ( * ) SI_UNIT ( $, .STERADIAN. ) SOLID_ANGLE_UNIT ( ) );
#757 = PLANE ( 'NONE',  #12896 ) ;
#758 = EDGE_CURVE ( 'NONE', #9075, #348, #35, .T. ) ;
#759 = FILL_AREA_STYLE_COLOUR ( '', #12599 ) ;
#760 = EDGE_CURVE ( 'NONE', #10849, #4610, #10181, .T. ) ;
#761 = ORIENTED_EDGE ( 'NONE', *, *, #242, .T. ) ;
#762 = FACE_OUTER_BOUND ( 'NONE', #3733, .T. ) ;
#763 = ORIENTED_EDGE ( 'NONE', *, *, #3751, .F. ) ;
#764 = ADVANCED_FACE ( 'NONE', ( #6235 ), #3189, .T. ) ;
#765 = DIRECTION ( 'NONE',  ( -0.000000000000000000, -1.000000000000000000, -0.000000000000000000 ) ) ;
#766 = DIRECTION ( 'NONE',  ( 2.647983596301103229E-15, 0.000000000000000000, -1.000000000000000000 ) ) ;
#767 = VERTEX_POINT ( 'NONE', #6096 ) ;
#768 = ORIENTED_EDGE ( 'NONE', *, *, #4343, .T. ) ;
#769 = DIRECTION ( 'NONE',  ( -1.084202172485504828E-15, 0.000000000000000000, -1.000000000000000000 ) ) ;
#770 = DIRECTION ( 'NONE',  ( -1.000000000000000000, 0.000000000000000000, -0.000000000000000000 ) ) ;
#771 = CARTESIAN_POINT ( 'NONE',  ( 1.429999999999998828, 0.4780000000000000360, 1.694999999999999840 ) ) ;
#772 = DIRECTION ( 'NONE',  ( -0.000000000000000000, 1.000000000000000000, -0.000000000000000000 ) ) ;
#773 = EDGE_LOOP ( 'NONE', ( #11096, #9542, #10086, #13497, #9098, #12532, #3181, #7721, #11995, #7263, #13601, #12394, #9023, #7788, #13294, #4396, #13129, #11292, #3056, #549, #988, #5748 ) ) ;
#774 = ORIENTED_EDGE ( 'NONE', *, *, #3398, .T. ) ;
#775 = EDGE_CURVE ( 'NONE', #5335, #3246, #4668, .T. ) ;
#776 = DIRECTION ( 'NONE',  ( 0.000000000000000000, -1.000000000000000000, 0.000000000000000000 ) ) ;
#777 = CARTESIAN_POINT ( 'NONE',  ( 3.402500000000022506, 0.06250000000000000000, -3.402500000000128200 ) ) ;
#778 = EDGE_CURVE ( 'NONE', #2232, #11384, #5073, .T. ) ;
#779 = CARTESIAN_POINT ( 'NONE',  ( 0.5149999999999700373, 0.06250000000000000000, 2.121329081036649084E-15 ) ) ;
#780 = LINE ( 'NONE', #4972, #12538 ) ;
#781 = ORIENTED_EDGE ( 'NONE', *, *, #3944, .F. ) ;
#782 = DIRECTION ( 'NONE',  ( 0.000000000000000000, 0.000000000000000000, -1.000000000000000000 ) ) ;
#783 = CARTESIAN_POINT ( 'NONE',  ( -0.6000000000000000888, 0.1125000000000000028, -0.000000000000000000 ) ) ;
#784 = CARTESIAN_POINT ( 'NONE',  ( -0.8249999999999972911, 0.06250000000000000000, 2.222277744846067209E-16 ) ) ;
#785 = DIRECTION ( 'NONE',  ( 2.710505431213760099E-16, -0.000000000000000000, -1.000000000000000000 ) ) ;
#786 = LINE ( 'NONE', #9047, #8952 ) ;
#787 = EDGE_LOOP ( 'NONE', ( #7429, #8628, #12721, #11629 ) ) ;
#788 = CARTESIAN_POINT ( 'NONE',  ( 0.000000000000000000, 0.2530000000000000027, -6.460000000000000853 ) ) ;
#789 = DIRECTION ( 'NONE',  ( 1.000000000000000000, 0.000000000000000000, 0.000000000000000000 ) ) ;
#790 = DIRECTION ( 'NONE',  ( -0.000000000000000000, -0.000000000000000000, -1.000000000000000000 ) ) ;
#791 = DIRECTION ( 'NONE',  ( -1.000000000000000000, 0.000000000000000000, 0.000000000000000000 ) ) ;
#792 = ORIENTED_EDGE ( 'NONE', *, *, #9159, .F. ) ;
#793 = DIRECTION ( 'NONE',  ( 0.000000000000000000, 0.000000000000000000, -1.000000000000000000 ) ) ;
#794 = ORIENTED_EDGE ( 'NONE', *, *, #314, .T. ) ;
#795 = ORIENTED_EDGE ( 'NONE', *, *, #7376, .F. ) ;
#796 = FACE_OUTER_BOUND ( 'NONE', #1566, .T. ) ;
#797 = VECTOR ( 'NONE', #2300, 1000.000000000000000 ) ;
#798 = DIRECTION ( 'NONE',  ( 1.000000000000000000, 0.000000000000000000, 2.168404344971009262E-15 ) ) ;
#799 = ORIENTED_EDGE ( 'NONE', *, *, #4098, .F. ) ;
#800 = DIRECTION ( 'NONE',  ( 1.000000000000000000, 0.000000000000000000, -4.707526393424183343E-15 ) ) ;
#801 = CARTESIAN_POINT ( 'NONE',  ( -4.837500000000002132, 0.06250000000000000000, -4.837499999999972822 ) ) ;
#802 = CARTESIAN_POINT ( 'NONE',  ( -0.3749999999999994449, 0.1125000000000000028, -9.875000000000000000 ) ) ;
#803 = DIRECTION ( 'NONE',  ( 5.421010862427526114E-16, 0.000000000000000000, 1.000000000000000000 ) ) ;
#804 = VERTEX_POINT ( 'NONE', #13470 ) ;
#805 = MANIFOLD_SOLID_BREP ( 'Boss-Extrude3[3]', #702 ) ;
#806 = ORIENTED_EDGE ( 'NONE', *, *, #8310, .T. ) ;
#807 = DIRECTION ( 'NONE',  ( 0.000000000000000000, 1.000000000000000000, 0.000000000000000000 ) ) ;
#808 = VECTOR ( 'NONE', #12220, 1000.000000000000000 ) ;
#809 = CARTESIAN_POINT ( 'NONE',  ( 1.390000000000000568, 1.320000000000000062, 9.299999999999998934 ) ) ;
#810 = ORIENTED_EDGE ( 'NONE', *, *, #9086, .T. ) ;
#811 = ADVANCED_FACE ( 'NONE', ( #6706 ), #4032, .F. ) ;
#812 = DIRECTION ( 'NONE',  ( 1.000000000000000000, 0.000000000000000000, 0.000000000000000000 ) ) ;
#813 = CARTESIAN_POINT ( 'NONE',  ( -2.750000000000000888, 0.1125000000000000028, -8.500000000000001776 ) ) ;
#814 = VECTOR ( 'NONE', #6590, 1000.000000000000000 ) ;
#815 = CARTESIAN_POINT ( 'NONE',  ( 1.707500000000004015, 0.06250000000000000000, -7.653000000000000469 ) ) ;
#816 = DIRECTION ( 'NONE',  ( -1.000000000000000000, 0.000000000000000000, 0.000000000000000000 ) ) ;
#817 = DIRECTION ( 'NONE',  ( -0.000000000000000000, -1.000000000000000000, -0.000000000000000000 ) ) ;
#818 = VERTEX_POINT ( 'NONE', #7734 ) ;
#819 = ORIENTED_EDGE ( 'NONE', *, *, #7287, .T. ) ;
#820 =( NAMED_UNIT ( * ) SI_UNIT ( $, .STERADIAN. ) SOLID_ANGLE_UNIT ( ) );
#821 = LINE ( 'NONE', #5994, #6362 ) ;
#822 = VECTOR ( 'NONE', #1448, 1000.000000000000000 ) ;
#823 = ORIENTED_EDGE ( 'NONE', *, *, #5108, .T. ) ;
#824 = PLANE ( 'NONE',  #4211 ) ;
#825 = LINE ( 'NONE', #10204, #3520 ) ;
#826 = ORIENTED_EDGE ( 'NONE', *, *, #10535, .T. ) ;
#827 = ORIENTED_EDGE ( 'NONE', *, *, #8152, .F. ) ;
#828 = EDGE_CURVE ( 'NONE', #603, #6470, #6442, .T. ) ;
#829 = EDGE_CURVE ( 'NONE', #10724, #8965, #2428, .T. ) ;
#830 = LINE ( 'NONE', #10263, #3062 ) ;
#831 = DIRECTION ( 'NONE',  ( 0.7071067811865593411, 0.000000000000000000, -0.7071067811865358044 ) ) ;
#832 = AXIS2_PLACEMENT_3D ( 'NONE', #5756, #11566, #2712 ) ;
#833 = ADVANCED_FACE ( 'NONE', ( #248 ), #10701, .F. ) ;
#834 = LINE ( 'NONE', #4122, #1688 ) ;
#835 = FACE_OUTER_BOUND ( 'NONE', #11332, .T. ) ;
#836 = UNCERTAINTY_MEASURE_WITH_UNIT (LENGTH_MEASURE( 1.000000000000000082E-05 ), #3011, 'distance_accuracy_value', 'NONE');
#837 = VERTEX_POINT ( 'NONE', #7538 ) ;
#838 = EDGE_LOOP ( 'NONE', ( #4843, #10261, #3595, #4239, #1269 ) ) ;
#839 = DIRECTION ( 'NONE',  ( 0.000000000000000000, 0.000000000000000000, 1.000000000000000000 ) ) ;
#840 = LINE ( 'NONE', #6010, #8328 ) ;
#841 = CARTESIAN_POINT ( 'NONE',  ( 0.000000000000000000, 0.1125000000000000028, 0.000000000000000000 ) ) ;
#842 = FACE_OUTER_BOUND ( 'NONE', #8159, .T. ) ;
#843 = ADVANCED_FACE ( 'NONE', ( #6645 ), #2496, .F. ) ;
#844 = EDGE_CURVE ( 'NONE', #6942, #13064, #5412, .T. ) ;
#845 = FACE_OUTER_BOUND ( 'NONE', #13084, .T. ) ;
#846 = ADVANCED_FACE ( 'NONE', ( #8767 ), #1131, .T. ) ;
#847 = LINE ( 'NONE', #8141, #12046 ) ;
#848 = CARTESIAN_POINT ( 'NONE',  ( -2.200000000000000622, 0.000000000000000000, -6.460000000000002629 ) ) ;
#849 = CARTESIAN_POINT ( 'NONE',  ( -0.8019999999999982698, 2.880000000000000338, 9.054631419979587648 ) ) ;
#850 = VECTOR ( 'NONE', #5840, 1000.000000000000000 ) ;
#851 = CARTESIAN_POINT ( 'NONE',  ( -1.250000000000000222, 0.06250000000000000000, 0.000000000000000000 ) ) ;
#852 = ORIENTED_EDGE ( 'NONE', *, *, #12632, .F. ) ;
#853 = CARTESIAN_POINT ( 'NONE',  ( 4.902499999999977653, 0.06250000000000000000, -4.902500000000129532 ) ) ;
#854 = DIRECTION ( 'NONE',  ( 0.7071067811865365815, 0.000000000000000000, 0.7071067811865584529 ) ) ;
#855 = FACE_OUTER_BOUND ( 'NONE', #5580, .T. ) ;
#856 = CARTESIAN_POINT ( 'NONE',  ( -0.7019999999999980700, 1.289999999999999591, 9.150000000000000355 ) ) ;
#857 = LINE ( 'NONE', #11382, #7917 ) ;
#858 = VECTOR ( 'NONE', #772, 1000.000000000000000 ) ;
#859 = ORIENTED_EDGE ( 'NONE', *, *, #11350, .F. ) ;
#860 = CARTESIAN_POINT ( 'NONE',  ( 1.829999999999999183, 0.2530000000000000027, 1.695000000000000062 ) ) ;
#861 = EDGE_LOOP ( 'NONE', ( #5757, #1230, #1509, #11102 ) ) ;
#862 = ORIENTED_EDGE ( 'NONE', *, *, #4357, .T. ) ;
#863 = LINE ( 'NONE', #5069, #5353 ) ;
#864 = ADVANCED_FACE ( 'NONE', ( #3389 ), #7602, .T. ) ;
#865 = VECTOR ( 'NONE', #8204, 1000.000000000000000 ) ;
#866 = VECTOR ( 'NONE', #6643, 1000.000000000000000 ) ;
#867 = VECTOR ( 'NONE', #8479, 1000.000000000000000 ) ;
#868 = FACE_OUTER_BOUND ( 'NONE', #11200, .T. ) ;
#869 = ORIENTED_EDGE ( 'NONE', *, *, #1258, .F. ) ;
#870 = CARTESIAN_POINT ( 'NONE',  ( -0.4300000000000008260, 0.4780000000000000360, 2.294999999999999929 ) ) ;
#871 = DIRECTION ( 'NONE',  ( 0.000000000000000000, 1.000000000000000000, 0.000000000000000000 ) ) ;
#872 = CARTESIAN_POINT ( 'NONE',  ( 1.742500000000004379, 0.06250000000000000000, -9.025000000000002132 ) ) ;
#873 = LINE ( 'NONE', #8235, #13039 ) ;
#874 = ORIENTED_EDGE ( 'NONE', *, *, #8170, .T. ) ;
#875 = EDGE_LOOP ( 'NONE', ( #13034, #8663, #3492, #3173 ) ) ;
#876 = DIRECTION ( 'NONE',  ( 0.000000000000000000, 0.000000000000000000, 1.000000000000000000 ) ) ;
#877 = VECTOR ( 'NONE', #2998, 1000.000000000000000 ) ;
#878 = DIRECTION ( 'NONE',  ( 1.000000000000000000, 0.000000000000000000, 0.000000000000000000 ) ) ;
#879 = VECTOR ( 'NONE', #8823, 1000.000000000000000 ) ;
#880 = ORIENTED_EDGE ( 'NONE', *, *, #9358, .T. ) ;
#881 = AXIS2_PLACEMENT_3D ( 'NONE', #2865, #5987, #4735 ) ;
#882 = CARTESIAN_POINT ( 'NONE',  ( -0.1799999999999974398, 0.06250000000000000000, -9.025000000000000355 ) ) ;
#883 = CARTESIAN_POINT ( 'NONE',  ( 1.500000000000000666, 0.1125000000000000028, -2.403000000000000025 ) ) ;
#884 = PLANE ( 'NONE',  #5241 ) ;
#885 = VECTOR ( 'NONE', #3946, 1000.000000000000000 ) ;
#886 = SURFACE_STYLE_USAGE ( .BOTH. , #8384 ) ;
#887 = PRESENTATION_LAYER_ASSIGNMENT (  '', '', ( #1770 ) ) ;
#888 = CARTESIAN_POINT ( 'NONE',  ( -4.837500000000002132, 0.1125000000000000028, -4.837499999999972822 ) ) ;
#889 = CARTESIAN_POINT ( 'NONE',  ( -0.8249999999999999556, 0.1125000000000000028, -9.875000000000000000 ) ) ;
#890 = VERTEX_POINT ( 'NONE', #12771 ) ;
#891 = CARTESIAN_POINT ( 'NONE',  ( 2.149999999999999911, 0.1125000000000000028, -9.074999999999999289 ) ) ;
#892 = EDGE_CURVE ( 'NONE', #13163, #13071, #9534, .T. ) ;
#893 = VERTEX_POINT ( 'NONE', #10775 ) ;
#894 = DIRECTION ( 'NONE',  ( 0.7071067811865584529, 0.000000000000000000, -0.7071067811865365815 ) ) ;
#895 = PLANE ( 'NONE',  #456 ) ;
#896 = EDGE_LOOP ( 'NONE', ( #1125, #938, #3290, #373 ) ) ;
#897 = VECTOR ( 'NONE', #2955, 1000.000000000000000 ) ;
#898 = ORIENTED_EDGE ( 'NONE', *, *, #5877, .T. ) ;
#899 = MANIFOLD_SOLID_BREP ( 'Cut-Extrude3', #7291 ) ;
#900 = DIRECTION ( 'NONE',  ( -0.000000000000000000, 1.000000000000000000, -0.000000000000000000 ) ) ;
#901 = DIRECTION ( 'NONE',  ( -0.7071067811865584529, 0.000000000000000000, -0.7071067811865365815 ) ) ;
#902 = PRESENTATION_STYLE_ASSIGNMENT (( #8127 ) ) ;
#903 = CARTESIAN_POINT ( 'NONE',  ( -0.3019999999999981033, 1.289999999999999591, 9.150000000000000355 ) ) ;
#904 = ORIENTED_EDGE ( 'NONE', *, *, #6225, .F. ) ;
#905 = VECTOR ( 'NONE', #5997, 1000.000000000000000 ) ;
#906 = ORIENTED_EDGE ( 'NONE', *, *, #5470, .F. ) ;
#907 = SURFACE_STYLE_FILL_AREA ( #9107 ) ;
#908 = COLOUR_RGB ( '',0.5019607843137254832, 0.5019607843137254832, 0.5019607843137254832 ) ;
#909 = DIRECTION ( 'NONE',  ( 0.7071067811865454633, 0.000000000000000000, -0.7071067811865496822 ) ) ;
#910 = ADVANCED_FACE ( 'NONE', ( #4495 ), #103, .T. ) ;
#911 = ADVANCED_FACE ( 'NONE', ( #11997 ), #6975, .F. ) ;
#912 = EDGE_CURVE ( 'NONE', #4657, #837, #10084, .T. ) ;
#913 = LINE ( 'NONE', #7227, #10805 ) ;
#914 = CARTESIAN_POINT ( 'NONE',  ( 0.6000000000000000888, 0.06250000000000000000, -3.403000000000000025 ) ) ;
#915 = EDGE_CURVE ( 'NONE', #9728, #1994, #4637, .T. ) ;
#916 = VECTOR ( 'NONE', #9525, 1000.000000000000000 ) ;
#917 = DIRECTION ( 'NONE',  ( -4.625929269271459921E-14, 0.000000000000000000, -1.000000000000000000 ) ) ;
#918 = FILL_AREA_STYLE ('',( #2957 ) ) ;
#919 = CARTESIAN_POINT ( 'NONE',  ( 1.750000000000000666, 0.06250000000000000000, 0.000000000000000000 ) ) ;
#920 = MANIFOLD_SOLID_BREP ( 'Boss-Extrude9[23]', #8177 ) ;
#921 = DIRECTION ( 'NONE',  ( -0.000000000000000000, 1.000000000000000000, -0.000000000000000000 ) ) ;
#922 = DIRECTION ( 'NONE',  ( -0.000000000000000000, 1.000000000000000000, -0.000000000000000000 ) ) ;
#923 = EDGE_LOOP ( 'NONE', ( #8121, #179, #3818, #2224 ) ) ;
#924 = CARTESIAN_POINT ( 'NONE',  ( -0.2019999999999982920, 1.289999999999999591, 9.150000000000000355 ) ) ;
#925 = DIRECTION ( 'NONE',  ( 0.000000000000000000, -1.000000000000000000, 0.000000000000000000 ) ) ;
#926 = CARTESIAN_POINT ( 'NONE',  ( 0.000000000000000000, 0.2530000000000000027, 0.000000000000000000 ) ) ;
#927 = VECTOR ( 'NONE', #11810, 1000.000000000000000 ) ;
#928 = EDGE_CURVE ( 'NONE', #7443, #1951, #1464, .T. ) ;
#929 = DIRECTION ( 'NONE',  ( 0.7071067811865465735, 0.000000000000000000, -0.7071067811865485719 ) ) ;
#930 = AXIS2_PLACEMENT_3D ( 'NONE', #4128, #8339, #6267 ) ;
#931 = ORIENTED_EDGE ( 'NONE', *, *, #5793, .T. ) ;
#932 = EDGE_CURVE ( 'NONE', #6245, #8265, #3803, .T. ) ;
#933 = VERTEX_POINT ( 'NONE', #7940 ) ;
#934 = VERTEX_POINT ( 'NONE', #10158 ) ;
#935 = PLANE ( 'NONE',  #13264 ) ;
#936 = VECTOR ( 'NONE', #6120, 1000.000000000000000 ) ;
#937 = LINE ( 'NONE', #6989, #11785 ) ;
#938 = ORIENTED_EDGE ( 'NONE', *, *, #12108, .F. ) ;
#939 = CARTESIAN_POINT ( 'NONE',  ( 2.199999999999999734, 0.4780000000000000360, -6.460000000000002629 ) ) ;
#940 = PRESENTATION_STYLE_ASSIGNMENT (( #4161 ) ) ;
#941 = CARTESIAN_POINT ( 'NONE',  ( -1.114999999999999547, 0.06250000000000000000, 0.000000000000000000 ) ) ;
#942 =( NAMED_UNIT ( * ) PLANE_ANGLE_UNIT ( ) SI_UNIT ( $, .RADIAN. ) );
#943 = ORIENTED_EDGE ( 'NONE', *, *, #1503, .F. ) ;
#944 = EDGE_CURVE ( 'NONE', #5927, #4847, #3662, .T. ) ;
#945 = ORIENTED_EDGE ( 'NONE', *, *, #2415, .T. ) ;
#946 = EDGE_CURVE ( 'NONE', #12734, #13474, #9121, .T. ) ;
#947 = CARTESIAN_POINT ( 'NONE',  ( -0.5019999999999983364, 1.089999999999999414, 7.799999999999999822 ) ) ;
#948 = LINE ( 'NONE', #13478, #9265 ) ;
#949 = VECTOR ( 'NONE', #11601, 1000.000000000000000 ) ;
#950 = ORIENTED_EDGE ( 'NONE', *, *, #10350, .T. ) ;
#951 = CARTESIAN_POINT ( 'NONE',  ( -0.000000000000000000, 0.1125000000000000028, -7.653000000000000469 ) ) ;
#952 = DIRECTION ( 'NONE',  ( 0.000000000000000000, 0.000000000000000000, -1.000000000000000000 ) ) ;
#953 = CARTESIAN_POINT ( 'NONE',  ( 1.829999999999999183, 0.4780000000000000360, 1.695000000000000062 ) ) ;
#954 = CARTESIAN_POINT ( 'NONE',  ( -2.200000000000000622, 0.4780000000000000360, -6.850000000000000533 ) ) ;
#955 = ORIENTED_EDGE ( 'NONE', *, *, #9067, .F. ) ;
#956 = FACE_OUTER_BOUND ( 'NONE', #324, .T. ) ;
#957 = ORIENTED_EDGE ( 'NONE', *, *, #4727, .T. ) ;
#958 = DIRECTION ( 'NONE',  ( 1.000000000000000000, 0.000000000000000000, 0.000000000000000000 ) ) ;
#959 = CARTESIAN_POINT ( 'NONE',  ( -2.350000000000000977, 0.4780000000000000360, -8.875000000000000000 ) ) ;
#960 = ORIENTED_EDGE ( 'NONE', *, *, #4977, .F. ) ;
#961 = ORIENTED_EDGE ( 'NONE', *, *, #3670, .T. ) ;
#962 = CARTESIAN_POINT ( 'NONE',  ( -0.8019999999999980478, 1.089999999999999414, 8.949999999999999289 ) ) ;
#963 = CARTESIAN_POINT ( 'NONE',  ( -1.717500000000029559, 0.06250000000000000000, -4.965645949983668683E-15 ) ) ;
#964 = LINE ( 'NONE', #11298, #5921 ) ;
#965 = UNCERTAINTY_MEASURE_WITH_UNIT (LENGTH_MEASURE( 1.000000000000000082E-05 ), #4063, 'distance_accuracy_value', 'NONE');
#966 = ORIENTED_EDGE ( 'NONE', *, *, #2437, .T. ) ;
#967 = ORIENTED_EDGE ( 'NONE', *, *, #1395, .F. ) ;
#968 = SURFACE_SIDE_STYLE ('',( #907 ) ) ;
#969 = CARTESIAN_POINT ( 'NONE',  ( -0.6749999999999968248, 0.06250000000000000000, -9.799999999999998934 ) ) ;
#970 = VERTEX_POINT ( 'NONE', #8013 ) ;
#971 = LINE ( 'NONE', #8267, #8819 ) ;
#972 = DIRECTION ( 'NONE',  ( 0.000000000000000000, 0.000000000000000000, -1.000000000000000000 ) ) ;
#973 = CARTESIAN_POINT ( 'NONE',  ( -2.149999999999998579, 0.2530000000000000027, 6.299999999999999822 ) ) ;
#974 = EDGE_CURVE ( 'NONE', #1951, #11413, #9875, .T. ) ;
#975 = EDGE_CURVE ( 'NONE', #804, #201, #8974, .T. ) ;
#976 = DIRECTION ( 'NONE',  ( -0.000000000000000000, -1.000000000000000000, -0.000000000000000000 ) ) ;
#977 = CARTESIAN_POINT ( 'NONE',  ( 0.3750000000000009992, 0.1125000000000000028, -9.875000000000000000 ) ) ;
#978 = DIRECTION ( 'NONE',  ( -0.000000000000000000, -1.000000000000000000, -0.000000000000000000 ) ) ;
#979 = EDGE_CURVE ( 'NONE', #1223, #9003, #6844, .T. ) ;
#980 = LINE ( 'NONE', #3420, #2120 ) ;
#981 = ORIENTED_EDGE ( 'NONE', *, *, #4803, .T. ) ;
#982 = CARTESIAN_POINT ( 'NONE',  ( 1.248578643762691787, 1.261421356237309999, 6.299999999999999822 ) ) ;
#983 = CARTESIAN_POINT ( 'NONE',  ( 1.429999999999998828, 0.2530000000000000027, 2.494999999999999662 ) ) ;
#984 = DIRECTION ( 'NONE',  ( 0.000000000000000000, 0.000000000000000000, -1.000000000000000000 ) ) ;
#985 = CARTESIAN_POINT ( 'NONE',  ( 1.749999999999999778, 0.2530000000000000027, -1.542999999999999927 ) ) ;
#986 = FACE_OUTER_BOUND ( 'NONE', #1918, .T. ) ;
#987 = VERTEX_POINT ( 'NONE', #13045 ) ;
#988 = ORIENTED_EDGE ( 'NONE', *, *, #7150, .T. ) ;
#989 = VERTEX_POINT ( 'NONE', #11049 ) ;
#990 = FACE_OUTER_BOUND ( 'NONE', #11961, .T. ) ;
#991 = EDGE_CURVE ( 'NONE', #26, #8794, #1677, .T. ) ;
#992 = EDGE_CURVE ( 'NONE', #10156, #7334, #581, .T. ) ;
#993 = ADVANCED_FACE ( 'NONE', ( #4772 ), #4845, .T. ) ;
#994 = ADVANCED_FACE ( 'NONE', ( #10363 ), #8355, .T. ) ;
#995 = FACE_OUTER_BOUND ( 'NONE', #12209, .T. ) ;
#996 = ORIENTED_EDGE ( 'NONE', *, *, #11708, .T. ) ;
#997 = DIRECTION ( 'NONE',  ( 0.000000000000000000, 0.000000000000000000, -1.000000000000000000 ) ) ;
#998 = FILL_AREA_STYLE_COLOUR ( '', #1146 ) ;
#999 = CARTESIAN_POINT ( 'NONE',  ( -1.020000000000002016, 0.06250000000000000000, 0.000000000000000000 ) ) ;
#1000 = CARTESIAN_POINT ( 'NONE',  ( -1.799999999999998268, 0.2530000000000000027, -4.998000000000000220 ) ) ;
#1001 = ORIENTED_EDGE ( 'NONE', *, *, #728, .F. ) ;
#1002 = VERTEX_POINT ( 'NONE', #12553 ) ;
#1003 = DIRECTION ( 'NONE',  ( -1.000000000000000000, 0.000000000000000000, 0.000000000000000000 ) ) ;
#1004 = DIRECTION ( 'NONE',  ( -1.000000000000000000, 0.000000000000000000, 0.000000000000000000 ) ) ;
#1005 = ORIENTED_EDGE ( 'NONE', *, *, #4426, .T. ) ;
#1006 = ADVANCED_FACE ( 'NONE', ( #8150 ), #21, .F. ) ;
#1007 = EDGE_CURVE ( 'NONE', #7694, #9215, #5182, .T. ) ;
#1008 = DIRECTION ( 'NONE',  ( 0.000000000000000000, -1.000000000000000000, 0.000000000000000000 ) ) ;
#1009 = LINE ( 'NONE', #5212, #12967 ) ;
#1010 = EDGE_CURVE ( 'NONE', #3244, #2466, #3110, .T. ) ;
#1011 = DIRECTION ( 'NONE',  ( 1.000000000000000000, 0.000000000000000000, 0.000000000000000000 ) ) ;
#1012 = FACE_OUTER_BOUND ( 'NONE', #12459, .T. ) ;
#1013 = LINE ( 'NONE', #12448, #735 ) ;
#1014 = VECTOR ( 'NONE', #10897, 1000.000000000000000 ) ;
#1015 = VERTEX_POINT ( 'NONE', #5055 ) ;
#1016 = DIRECTION ( 'NONE',  ( 0.000000000000000000, 0.000000000000000000, -1.000000000000000000 ) ) ;
#1017 = VERTEX_POINT ( 'NONE', #5249 ) ;
#1018 = CYLINDRICAL_SURFACE ( 'NONE', #2883, 0.1999999999999998723 ) ;
#1019 = LINE ( 'NONE', #7210, #5301 ) ;
#1020 = ORIENTED_EDGE ( 'NONE', *, *, #8486, .T. ) ;
#1021 = VERTEX_POINT ( 'NONE', #10226 ) ;
#1022 = VERTEX_POINT ( 'NONE', #1818 ) ;
#1023 = AXIS2_PLACEMENT_3D ( 'NONE', #7766, #1575, #5782 ) ;
#1024 = PLANE ( 'NONE',  #1051 ) ;
#1025 = LINE ( 'NONE', #11697, #1303 ) ;
#1026 = ADVANCED_FACE ( 'NONE', ( #2903 ), #7316, .F. ) ;
#1027 = ORIENTED_EDGE ( 'NONE', *, *, #7222, .T. ) ;
#1028 = ORIENTED_EDGE ( 'NONE', *, *, #23, .T. ) ;
#1029 = CARTESIAN_POINT ( 'NONE',  ( -1.799999999999998268, 0.4780000000000000360, -4.998000000000000220 ) ) ;
#1030 = ORIENTED_EDGE ( 'NONE', *, *, #8828, .T. ) ;
#1031 = PLANE ( 'NONE',  #11692 ) ;
#1032 = CARTESIAN_POINT ( 'NONE',  ( -0.2019999999999982920, 1.089999999999999414, 8.951564153662312506 ) ) ;
#1033 = ORIENTED_EDGE ( 'NONE', *, *, #7283, .F. ) ;
#1034 = AXIS2_PLACEMENT_3D ( 'NONE', #3532, #11873, #6650 ) ;
#1035 = DIRECTION ( 'NONE',  ( -0.000000000000000000, 0.000000000000000000, 1.000000000000000000 ) ) ;
#1036 =( NAMED_UNIT ( * ) PLANE_ANGLE_UNIT ( ) SI_UNIT ( $, .RADIAN. ) );
#1037 = CARTESIAN_POINT ( 'NONE',  ( -0.3019999999999981033, 1.289999999999999591, 9.150000000000000355 ) ) ;
#1038 = CARTESIAN_POINT ( 'NONE',  ( 0.04999999999999969746, 0.06250000000000000000, -8.424999999999997158 ) ) ;
#1039 = ORIENTED_EDGE ( 'NONE', *, *, #5983, .F. ) ;
#1040 = CARTESIAN_POINT ( 'NONE',  ( 0.6849999999999984990, 0.1125000000000000028, -8.389999999999998792 ) ) ;
#1041 = PLANE ( 'NONE',  #8859 ) ;
#1042 = CARTESIAN_POINT ( 'NONE',  ( 0.8150000000000213740, 0.1125000000000000028, -2.158106630985455784E-15 ) ) ;
#1043 = AXIS2_PLACEMENT_3D ( 'NONE', #1444, #10883, #12743 ) ;
#1044 = PRESENTATION_LAYER_ASSIGNMENT (  '', '', ( #8301 ) ) ;
#1045 = CARTESIAN_POINT ( 'NONE',  ( 2.350000000000000089, 0.4780000000000000360, -8.325000000000001066 ) ) ;
#1046 = VERTEX_POINT ( 'NONE', #2080 ) ;
#1047 = EDGE_CURVE ( 'NONE', #7708, #3740, #11457, .T. ) ;
#1048 = ORIENTED_EDGE ( 'NONE', *, *, #1224, .F. ) ;
#1049 = ORIENTED_EDGE ( 'NONE', *, *, #11672, .F. ) ;
#1050 = CARTESIAN_POINT ( 'NONE',  ( 1.867500000000006377, 0.06250000000000000000, -9.799999999999998934 ) ) ;
#1051 = AXIS2_PLACEMENT_3D ( 'NONE', #12867, #11622, #5376 ) ;
#1052 = AXIS2_PLACEMENT_3D ( 'NONE', #5011, #2793, #7005 ) ;
#1053 = CARTESIAN_POINT ( 'NONE',  ( 1.115000000000003544, 0.1125000000000000028, -7.653000000000000469 ) ) ;
#1054 = ORIENTED_EDGE ( 'NONE', *, *, #2263, .F. ) ;
#1055 = CARTESIAN_POINT ( 'NONE',  ( -1.350000000000000533, 0.4780000000000000360, 3.294999999999999041 ) ) ;
#1056 = VECTOR ( 'NONE', #6083, 1000.000000000000000 ) ;
#1057 = DIRECTION ( 'NONE',  ( -0.7071067811865497932, 0.000000000000000000, -0.7071067811865452413 ) ) ;
#1058 = ORIENTED_EDGE ( 'NONE', *, *, #5464, .T. ) ;
#1059 = ORIENTED_EDGE ( 'NONE', *, *, #4515, .F. ) ;
#1060 = ADVANCED_FACE ( 'NONE', ( #4984 ), #1041, .F. ) ;
#1061 = CARTESIAN_POINT ( 'NONE',  ( 0.000000000000000000, 0.1125000000000000028, -9.875000000000000000 ) ) ;
#1062 = ADVANCED_FACE ( 'NONE', ( #6082 ), #2015, .F. ) ;
#1063 = LINE ( 'NONE', #7547, #13441 ) ;
#1064 = EDGE_LOOP ( 'NONE', ( #3260, #13251, #11829, #1328 ) ) ;
#1065 = ADVANCED_FACE ( 'NONE', ( #4220 ), #4074, .F. ) ;
#1066 = AXIS2_PLACEMENT_3D ( 'NONE', #8428, #10287, #7171 ) ;
#1067 = VECTOR ( 'NONE', #6717, 1000.000000000000000 ) ;
#1068 = PLANE ( 'NONE',  #12380 ) ;
#1069 = VECTOR ( 'NONE', #6421, 1000.000000000000000 ) ;
#1070 = PLANE ( 'NONE',  #9834 ) ;
#1071 = CARTESIAN_POINT ( 'NONE',  ( 0.6000000000000000888, 0.1125000000000000028, -3.403000000000000025 ) ) ;
#1072 = CARTESIAN_POINT ( 'NONE',  ( 1.429999999999998828, 0.4780000000000000360, 1.694999999999999840 ) ) ;
#1073 = DIRECTION ( 'NONE',  ( 0.000000000000000000, 0.000000000000000000, -1.000000000000000000 ) ) ;
#1074 = ORIENTED_EDGE ( 'NONE', *, *, #8226, .T. ) ;
#1075 = AXIS2_PLACEMENT_3D ( 'NONE', #7410, #11613, #2250 ) ;
#1076 = FACE_OUTER_BOUND ( 'NONE', #1700, .T. ) ;
#1077 = VECTOR ( 'NONE', #12012, 1000.000000000000000 ) ;
#1078 = DIRECTION ( 'NONE',  ( 0.000000000000000000, 0.000000000000000000, -1.000000000000000000 ) ) ;
#1079 = ORIENTED_EDGE ( 'NONE', *, *, #1010, .F. ) ;
#1080 = VECTOR ( 'NONE', #12897, 1000.000000000000000 ) ;
#1081 = CARTESIAN_POINT ( 'NONE',  ( 0.000000000000000000, 0.06250000000000000000, -4.753000000000000114 ) ) ;
#1082 = ADVANCED_FACE ( 'NONE', ( #6024 ), #12624, .T. ) ;
#1083 = FACE_OUTER_BOUND ( 'NONE', #1970, .T. ) ;
#1084 = EDGE_CURVE ( 'NONE', #589, #125, #9182, .T. ) ;
#1085 = ORIENTED_EDGE ( 'NONE', *, *, #1986, .F. ) ;
#1086 = VECTOR ( 'NONE', #3523, 1000.000000000000000 ) ;
#1087 = ORIENTED_EDGE ( 'NONE', *, *, #4500, .T. ) ;
#1088 = ORIENTED_EDGE ( 'NONE', *, *, #12425, .F. ) ;
#1089 = EDGE_CURVE ( 'NONE', #5837, #9662, #8277, .T. ) ;
#1090 = ORIENTED_EDGE ( 'NONE', *, *, #11605, .T. ) ;
#1091 = VECTOR ( 'NONE', #10891, 1000.000000000000000 ) ;
#1092 = SURFACE_SIDE_STYLE ('',( #12600 ) ) ;
#1093 = AXIS2_PLACEMENT_3D ( 'NONE', #4983, #10491, #7314 ) ;
#1094 = CARTESIAN_POINT ( 'NONE',  ( 0.8499999999999994227, 0.4780000000000000360, 3.899999999999999911 ) ) ;
#1095 = UNCERTAINTY_MEASURE_WITH_UNIT (LENGTH_MEASURE( 1.000000000000000082E-05 ), #3945, 'distance_accuracy_value', 'NONE');
#1096 = ORIENTED_EDGE ( 'NONE', *, *, #423, .F. ) ;
#1097 = EDGE_LOOP ( 'NONE', ( #10580, #1085, #4718, #13075 ) ) ;
#1098 = DIRECTION ( 'NONE',  ( 1.000000000000000000, 0.000000000000000000, -2.647983596301103623E-15 ) ) ;
#1099 = DIRECTION ( 'NONE',  ( 1.000000000000000000, 0.000000000000000000, -3.614007241618370957E-16 ) ) ;
#1100 = ORIENTED_EDGE ( 'NONE', *, *, #9914, .T. ) ;
#1101 = CARTESIAN_POINT ( 'NONE',  ( -0.5500000000000018208, 0.06250000000000000000, -8.424999999999997158 ) ) ;
#1102 = AXIS2_PLACEMENT_3D ( 'NONE', #4271, #9569, #8475 ) ;
#1103 = CARTESIAN_POINT ( 'NONE',  ( -0.8249999999999972911, 0.06250000000000000000, 2.222277744846067209E-16 ) ) ;
#1104 = EDGE_CURVE ( 'NONE', #6942, #141, #3941, .T. ) ;
#1105 = VECTOR ( 'NONE', #4267, 1000.000000000000000 ) ;
#1106 = ORIENTED_EDGE ( 'NONE', *, *, #8471, .T. ) ;
#1107 = EDGE_CURVE ( 'NONE', #125, #9026, #10433, .T. ) ;
#1108 = DIRECTION ( 'NONE',  ( -0.7071067811865454633, 0.000000000000000000, -0.7071067811865496822 ) ) ;
#1109 = DIRECTION ( 'NONE',  ( 5.884407991780215373E-16, 0.000000000000000000, -1.000000000000000000 ) ) ;
#1110 = LINE ( 'NONE', #10556, #181 ) ;
#1111 = VECTOR ( 'NONE', #13625, 1000.000000000000000 ) ;
#1112 = FILL_AREA_STYLE ('',( #9649 ) ) ;
#1113 = VECTOR ( 'NONE', #5767, 1000.000000000000000 ) ;
#1114 = DIRECTION ( 'NONE',  ( 0.000000000000000000, -0.000000000000000000, -1.000000000000000000 ) ) ;
#1115 = ORIENTED_EDGE ( 'NONE', *, *, #5125, .F. ) ;
#1116 = CARTESIAN_POINT ( 'NONE',  ( -2.150000000000000799, 0.1125000000000000028, -9.074999999999999289 ) ) ;
#1117 = DIRECTION ( 'NONE',  ( -1.000000000000000000, 0.000000000000000000, 0.000000000000000000 ) ) ;
#1118 = PLANE ( 'NONE',  #5473 ) ;
#1119 =( NAMED_UNIT ( * ) PLANE_ANGLE_UNIT ( ) SI_UNIT ( $, .RADIAN. ) );
#1120 = DIRECTION ( 'NONE',  ( -0.000000000000000000, 1.000000000000000000, -0.000000000000000000 ) ) ;
#1121 = EDGE_LOOP ( 'NONE', ( #13420, #1724, #8702, #12374 ) ) ;
#1122 = VECTOR ( 'NONE', #12095, 1000.000000000000000 ) ;
#1123 = VECTOR ( 'NONE', #5664, 1000.000000000000000 ) ;
#1124 = ORIENTED_EDGE ( 'NONE', *, *, #1780, .F. ) ;
#1125 = ORIENTED_EDGE ( 'NONE', *, *, #6417, .T. ) ;
#1126 = DIRECTION ( 'NONE',  ( 0.000000000000000000, 0.000000000000000000, -1.000000000000000000 ) ) ;
#1127 = EDGE_CURVE ( 'NONE', #3856, #12436, #9724, .T. ) ;
#1128 = LINE ( 'NONE', #7730, #10039 ) ;
#1129 = ORIENTED_EDGE ( 'NONE', *, *, #303, .F. ) ;
#1130 = CARTESIAN_POINT ( 'NONE',  ( 3.402500000000022506, 0.06250000000000000000, -3.402500000000128200 ) ) ;
#1131 = PLANE ( 'NONE',  #9970 ) ;
#1132 = DIRECTION ( 'NONE',  ( 0.7071067811865365815, 0.000000000000000000, -0.7071067811865584529 ) ) ;
#1133 = DIRECTION ( 'NONE',  ( 1.000000000000000000, 0.000000000000000000, -2.693669993752817464E-16 ) ) ;
#1134 = ORIENTED_EDGE ( 'NONE', *, *, #256, .F. ) ;
#1135 = ORIENTED_EDGE ( 'NONE', *, *, #4026, .F. ) ;
#1136 = DIRECTION ( 'NONE',  ( 0.000000000000000000, -0.000000000000000000, -1.000000000000000000 ) ) ;
#1137 = CARTESIAN_POINT ( 'NONE',  ( -3.689539992968171589E-15, 0.06250000000000000000, -3.402999999999999137 ) ) ;
#1138 = ORIENTED_EDGE ( 'NONE', *, *, #1271, .F. ) ;
#1139 = PLANE ( 'NONE',  #11712 ) ;
#1140 = DIRECTION ( 'NONE',  ( 0.3420201433256688239, 0.000000000000000000, -0.9396926207859083169 ) ) ;
#1141 = EDGE_CURVE ( 'NONE', #8895, #3610, #4486, .T. ) ;
#1142 = EDGE_CURVE ( 'NONE', #5247, #7822, #1388, .T. ) ;
#1143 = LINE ( 'NONE', #3275, #11344 ) ;
#1144 = CARTESIAN_POINT ( 'NONE',  ( 5.322500000000060183, 0.1125000000000000028, -5.322499999999675602 ) ) ;
#1145 = DIRECTION ( 'NONE',  ( -0.000000000000000000, 0.000000000000000000, -1.000000000000000000 ) ) ;
#1146 = COLOUR_RGB ( '',1.000000000000000000, 0.8117647058823529438, 0.5019607843137254832 ) ;
#1147 = ADVANCED_FACE ( 'NONE', ( #4282 ), #7374, .F. ) ;
#1148 = DIRECTION ( 'NONE',  ( 0.000000000000000000, 0.000000000000000000, -1.000000000000000000 ) ) ;
#1149 = VECTOR ( 'NONE', #4510, 1000.000000000000000 ) ;
#1150 = ORIENTED_EDGE ( 'NONE', *, *, #9651, .T. ) ;
#1151 = LINE ( 'NONE', #5364, #9260 ) ;
#1152 = VECTOR ( 'NONE', #4082, 1000.000000000000000 ) ;
#1153 = LINE ( 'NONE', #5365, #6153 ) ;
#1154 = VERTEX_POINT ( 'NONE', #2343 ) ;
#1155 = DIRECTION ( 'NONE',  ( -0.000000000000000000, 1.000000000000000000, -0.000000000000000000 ) ) ;
#1156 = PLANE ( 'NONE',  #8372 ) ;
#1157 = ORIENTED_EDGE ( 'NONE', *, *, #10329, .F. ) ;
#1158 = ORIENTED_EDGE ( 'NONE', *, *, #153, .F. ) ;
#1159 = EDGE_LOOP ( 'NONE', ( #5202, #9791, #9180, #10816 ) ) ;
#1160 = VECTOR ( 'NONE', #4709, 1000.000000000000000 ) ;
#1161 = DIRECTION ( 'NONE',  ( -0.000000000000000000, -1.000000000000000000, -0.000000000000000000 ) ) ;
#1162 = VECTOR ( 'NONE', #1126, 1000.000000000000000 ) ;
#1163 = LINE ( 'NONE', #6198, #9230 ) ;
#1164 = EDGE_CURVE ( 'NONE', #9589, #7822, #11576, .T. ) ;
#1165 = EDGE_CURVE ( 'NONE', #2087, #9266, #10562, .T. ) ;
#1166 = FILL_AREA_STYLE ('',( #9706 ) ) ;
#1167 = ADVANCED_FACE ( 'NONE', ( #299 ), #11850, .F. ) ;
#1168 = EDGE_CURVE ( 'NONE', #12769, #8606, #2139, .T. ) ;
#1169 = ORIENTED_EDGE ( 'NONE', *, *, #9009, .T. ) ;
#1170 = ORIENTED_EDGE ( 'NONE', *, *, #8968, .F. ) ;
#1171 = CARTESIAN_POINT ( 'NONE',  ( -2.200000000000000622, -0.2250000000000000056, 0.3499999999999987566 ) ) ;
#1172 = EDGE_LOOP ( 'NONE', ( #2024, #73, #6529, #12640 ) ) ;
#1173 = DIRECTION ( 'NONE',  ( 1.000000000000000000, 0.000000000000000000, 0.000000000000000000 ) ) ;
#1174 = VECTOR ( 'NONE', #9345, 1000.000000000000000 ) ;
#1175 = FACE_OUTER_BOUND ( 'NONE', #5059, .T. ) ;
#1176 = VERTEX_POINT ( 'NONE', #6350 ) ;
#1177 = LINE ( 'NONE', #12673, #6326 ) ;
#1178 = FACE_OUTER_BOUND ( 'NONE', #5025, .T. ) ;
#1179 = EDGE_CURVE ( 'NONE', #10232, #7626, #151, .T. ) ;
#1180 = CARTESIAN_POINT ( 'NONE',  ( 3.702500000000013003, 0.1125000000000000028, -3.702500000000127578 ) ) ;
#1181 = AXIS2_PLACEMENT_3D ( 'NONE', #2157, #11326, #1891 ) ;
#1182 = LINE ( 'NONE', #12545, #9889 ) ;
#1183 = EDGE_CURVE ( 'NONE', #2494, #6230, #6630, .T. ) ;
#1184 = PLANE ( 'NONE',  #12502 ) ;
#1185 = EDGE_CURVE ( 'NONE', #10867, #12666, #9787, .T. ) ;
#1186 = VERTEX_POINT ( 'NONE', #357 ) ;
#1187 = LINE ( 'NONE', #8483, #11214 ) ;
#1188 = DIRECTION ( 'NONE',  ( 0.000000000000000000, -1.000000000000000000, 0.000000000000000000 ) ) ;
#1189 = CARTESIAN_POINT ( 'NONE',  ( -1.274999999999971267, 0.06250000000000000000, 3.686287386450611735E-15 ) ) ;
#1190 = LINE ( 'NONE', #7593, #4203 ) ;
#1191 = CARTESIAN_POINT ( 'NONE',  ( -0.2019999999999982920, 1.289999999999999591, 8.949999999999999289 ) ) ;
#1192 = ORIENTED_EDGE ( 'NONE', *, *, #9670, .F. ) ;
#1193 = ORIENTED_EDGE ( 'NONE', *, *, #2402, .T. ) ;
#1194 = VERTEX_POINT ( 'NONE', #8687 ) ;
#1195 = LINE ( 'NONE', #1050, #10195 ) ;
#1196 = ADVANCED_FACE ( 'NONE', ( #12888 ), #5327, .F. ) ;
#1197 = EDGE_CURVE ( 'NONE', #10582, #275, #9523, .T. ) ;
#1198 = LINE ( 'NONE', #6232, #5428 ) ;
#1199 = ORIENTED_EDGE ( 'NONE', *, *, #5485, .T. ) ;
#1200 = LINE ( 'NONE', #2427, #3713 ) ;
#1201 = DIRECTION ( 'NONE',  ( 0.000000000000000000, 0.000000000000000000, 1.000000000000000000 ) ) ;
#1202 = CARTESIAN_POINT ( 'NONE',  ( -0.2249999999999968414, 0.1125000000000000028, 6.060757485943753998E-17 ) ) ;
#1203 = ORIENTED_EDGE ( 'NONE', *, *, #9005, .T. ) ;
#1204 = VERTEX_POINT ( 'NONE', #3238 ) ;
#1205 = DIRECTION ( 'NONE',  ( -0.000000000000000000, -1.000000000000000000, -0.000000000000000000 ) ) ;
#1206 = LINE ( 'NONE', #10706, #12909 ) ;
#1207 = EDGE_LOOP ( 'NONE', ( #11021, #2091, #10113, #12072 ) ) ;
#1208 = DIRECTION ( 'NONE',  ( 1.000000000000000000, 0.000000000000000000, -0.000000000000000000 ) ) ;
#1209 = DIRECTION ( 'NONE',  ( -1.000000000000000000, -0.000000000000000000, -0.000000000000000000 ) ) ;
#1210 = LINE ( 'NONE', #1276, #351 ) ;
#1211 = CARTESIAN_POINT ( 'NONE',  ( 0.3750000000000012212, 0.06250000000000000000, -9.070000000000003837 ) ) ;
#1212 = PLANE ( 'NONE',  #5254 ) ;
#1213 = FACE_OUTER_BOUND ( 'NONE', #5291, .T. ) ;
#1214 = LINE ( 'NONE', #2304, #10600 ) ;
#1215 = CARTESIAN_POINT ( 'NONE',  ( -4.487499999999999822, 0.06250000000000000000, -4.487500000000030020 ) ) ;
#1216 = ORIENTED_EDGE ( 'NONE', *, *, #743, .F. ) ;
#1217 = CARTESIAN_POINT ( 'NONE',  ( 1.749999999999999778, 0.2530000000000000027, -0.7429999999999999938 ) ) ;
#1218 = CARTESIAN_POINT ( 'NONE',  ( -1.717500000000000915, 0.1125000000000000028, -9.875000000000000000 ) ) ;
#1219 = ORIENTED_EDGE ( 'NONE', *, *, #6729, .T. ) ;
#1220 = DIRECTION ( 'NONE',  ( 0.000000000000000000, 1.000000000000000000, 0.000000000000000000 ) ) ;
#1221 = CARTESIAN_POINT ( 'NONE',  ( 4.422499999999998543, 0.06250000000000000000, -4.422499999999850218 ) ) ;
#1222 = ORIENTED_EDGE ( 'NONE', *, *, #12383, .T. ) ;
#1223 = VERTEX_POINT ( 'NONE', #11649 ) ;
#1224 = EDGE_CURVE ( 'NONE', #1927, #211, #2214, .T. ) ;
#1225 = VERTEX_POINT ( 'NONE', #4346 ) ;
#1226 = CYLINDRICAL_SURFACE ( 'NONE', #7660, 1.289999999999999591 ) ;
#1227 = LINE ( 'NONE', #5441, #6809 ) ;
#1228 = AXIS2_PLACEMENT_3D ( 'NONE', #11948, #1475, #12912 ) ;
#1229 = PRESENTATION_STYLE_ASSIGNMENT (( #12869 ) ) ;
#1230 = ORIENTED_EDGE ( 'NONE', *, *, #5190, .F. ) ;
#1231 = VERTEX_POINT ( 'NONE', #8548 ) ;
#1232 = DIRECTION ( 'NONE',  ( 1.084202172485504828E-15, 0.000000000000000000, -1.000000000000000000 ) ) ;
#1233 = DIRECTION ( 'NONE',  ( -0.000000000000000000, 0.000000000000000000, 1.000000000000000000 ) ) ;
#1234 = ORIENTED_EDGE ( 'NONE', *, *, #4342, .T. ) ;
#1235 = LINE ( 'NONE', #3369, #6635 ) ;
#1236 = LINE ( 'NONE', #3498, #12100 ) ;
#1237 = VERTEX_POINT ( 'NONE', #12755 ) ;
#1238 = EDGE_CURVE ( 'NONE', #2341, #3553, #3314, .T. ) ;
#1239 = FACE_OUTER_BOUND ( 'NONE', #7362, .T. ) ;
#1240 = AXIS2_PLACEMENT_3D ( 'NONE', #8907, #6569, #12837 ) ;
#1241 = EDGE_CURVE ( 'NONE', #10727, #173, #5462, .T. ) ;
#1242 = EDGE_CURVE ( 'NONE', #7796, #7777, #633, .T. ) ;
#1243 = CARTESIAN_POINT ( 'NONE',  ( -2.200000000000000622, 0.2530000000000000027, -6.850000000000000533 ) ) ;
#1244 = VECTOR ( 'NONE', #12618, 1000.000000000000000 ) ;
#1245 = DIRECTION ( 'NONE',  ( 0.000000000000000000, 0.000000000000000000, -1.000000000000000000 ) ) ;
#1246 = AXIS2_PLACEMENT_3D ( 'NONE', #3697, #7978, #7904 ) ;
#1247 = VERTEX_POINT ( 'NONE', #7928 ) ;
#1248 = DIRECTION ( 'NONE',  ( -1.000000000000000000, 0.000000000000000000, 0.000000000000000000 ) ) ;
#1249 = CARTESIAN_POINT ( 'NONE',  ( 1.750000000000000666, 0.1125000000000000028, 0.000000000000000000 ) ) ;
#1250 = DIRECTION ( 'NONE',  ( 0.000000000000000000, -1.000000000000000000, 0.000000000000000000 ) ) ;
#1251 = CARTESIAN_POINT ( 'NONE',  ( 1.350000000000009415, 0.06250000000000000000, -1.463672932855441833E-15 ) ) ;
#1252 = ORIENTED_EDGE ( 'NONE', *, *, #8706, .T. ) ;
#1253 = COLOUR_RGB ( '',1.000000000000000000, 0.8117647058823529438, 0.5019607843137254832 ) ;
#1254 = EDGE_CURVE ( 'NONE', #7513, #7294, #2483, .T. ) ;
#1255 = EDGE_CURVE ( 'NONE', #7157, #13076, #8960, .T. ) ;
#1256 = ORIENTED_EDGE ( 'NONE', *, *, #4868, .F. ) ;
#1257 = ORIENTED_EDGE ( 'NONE', *, *, #2847, .T. ) ;
#1258 = EDGE_CURVE ( 'NONE', #9756, #3746, #5865, .T. ) ;
#1259 = CARTESIAN_POINT ( 'NONE',  ( 1.249999999999999334, 0.06250000000000000000, 0.000000000000000000 ) ) ;
#1260 = VECTOR ( 'NONE', #11670, 1000.000000000000000 ) ;
#1261 = VECTOR ( 'NONE', #13280, 1000.000000000000000 ) ;
#1262 = DIRECTION ( 'NONE',  ( 0.000000000000000000, 0.000000000000000000, -1.000000000000000000 ) ) ;
#1263 = CARTESIAN_POINT ( 'NONE',  ( -1.575000000000000844, 0.06250000000000000000, -9.070000000000000284 ) ) ;
#1264 = DIRECTION ( 'NONE',  ( 0.000000000000000000, -0.000000000000000000, 1.000000000000000000 ) ) ;
#1265 = LINE ( 'NONE', #5483, #3607 ) ;
#1266 = ORIENTED_EDGE ( 'NONE', *, *, #1887, .F. ) ;
#1267 = ORIENTED_EDGE ( 'NONE', *, *, #6144, .F. ) ;
#1268 = DIRECTION ( 'NONE',  ( -0.000000000000000000, -1.000000000000000000, -0.000000000000000000 ) ) ;
#1269 = ORIENTED_EDGE ( 'NONE', *, *, #10839, .T. ) ;
#1270 = VECTOR ( 'NONE', #5531, 1000.000000000000000 ) ;
#1271 = EDGE_CURVE ( 'NONE', #167, #4272, #10069, .T. ) ;
#1272 = DIRECTION ( 'NONE',  ( 0.000000000000000000, 1.000000000000000000, 0.000000000000000000 ) ) ;
#1273 = AXIS2_PLACEMENT_3D ( 'NONE', #9630, #10731, #5586 ) ;
#1274 = FACE_OUTER_BOUND ( 'NONE', #7981, .T. ) ;
#1275 = AXIS2_PLACEMENT_3D ( 'NONE', #12069, #2636, #8841 ) ;
#1276 = CARTESIAN_POINT ( 'NONE',  ( -5.322500000000026432, 0.1125000000000000028, -5.322499999999848797 ) ) ;
#1277 = SURFACE_STYLE_USAGE ( .BOTH. , #1348 ) ;
#1278 = FACE_OUTER_BOUND ( 'NONE', #11000, .T. ) ;
#1279 = LINE ( 'NONE', #9613, #1498 ) ;
#1280 = COLOUR_RGB ( '',1.000000000000000000, 0.8117647058823529438, 0.5019607843137254832 ) ;
#1281 = DIRECTION ( 'NONE',  ( 0.000000000000000000, 0.000000000000000000, 1.000000000000000000 ) ) ;
#1282 = CARTESIAN_POINT ( 'NONE',  ( -2.350000000000000977, 0.2530000000000000027, -8.875000000000000000 ) ) ;
#1283 = ORIENTED_EDGE ( 'NONE', *, *, #12277, .F. ) ;
#1284 = CARTESIAN_POINT ( 'NONE',  ( 5.383749999999922764, 0.1125000000000000028, -5.383750000000421920 ) ) ;
#1285 = PLANE ( 'NONE',  #10759 ) ;
#1286 = ORIENTED_EDGE ( 'NONE', *, *, #10007, .F. ) ;
#1287 = LINE ( 'NONE', #5512, #12366 ) ;
#1288 = VECTOR ( 'NONE', #12409, 1000.000000000000000 ) ;
#1289 = CARTESIAN_POINT ( 'NONE',  ( 0.3850000000000033951, 0.1125000000000000028, -8.389999999999998792 ) ) ;
#1290 = VERTEX_POINT ( 'NONE', #3584 ) ;
#1291 = AXIS2_PLACEMENT_3D ( 'NONE', #10915, #187, #9752 ) ;
#1292 = ORIENTED_EDGE ( 'NONE', *, *, #154, .T. ) ;
#1293 = ORIENTED_EDGE ( 'NONE', *, *, #225, .F. ) ;
#1294 = AXIS2_PLACEMENT_3D ( 'NONE', #3642, #11979, #12824 ) ;
#1295 = ORIENTED_EDGE ( 'NONE', *, *, #2490, .T. ) ;
#1296 = LINE ( 'NONE', #5519, #11172 ) ;
#1297 = LINE ( 'NONE', #5521, #4822 ) ;
#1298 = FACE_OUTER_BOUND ( 'NONE', #9368, .T. ) ;
#1299 = VECTOR ( 'NONE', #3771, 1000.000000000000000 ) ;
#1300 = VECTOR ( 'NONE', #3612, 1000.000000000000000 ) ;
#1301 = ADVANCED_FACE ( 'NONE', ( #11920 ), #1662, .T. ) ;
#1302 = CARTESIAN_POINT ( 'NONE',  ( -0.8019999999999982698, 2.880000000000000338, 9.054631419979587648 ) ) ;
#1303 = VECTOR ( 'NONE', #7421, 1000.000000000000114 ) ;
#1304 = ORIENTED_EDGE ( 'NONE', *, *, #1503, .T. ) ;
#1305 = ORIENTED_EDGE ( 'NONE', *, *, #12664, .F. ) ;
#1306 = DIRECTION ( 'NONE',  ( 0.000000000000000000, 0.000000000000000000, -1.000000000000000000 ) ) ;
#1307 = ORIENTED_EDGE ( 'NONE', *, *, #10249, .T. ) ;
#1308 = DIRECTION ( 'NONE',  ( 1.000000000000000000, 0.000000000000000000, 2.168404344971009262E-15 ) ) ;
#1309 = LINE ( 'NONE', #2400, #6604 ) ;
#1310 = ORIENTED_EDGE ( 'NONE', *, *, #5563, .T. ) ;
#1311 = CARTESIAN_POINT ( 'NONE',  ( -0.2019999999999982920, 1.089999999999999414, 8.949999999999999289 ) ) ;
#1312 = VECTOR ( 'NONE', #10147, 1000.000000000000000 ) ;
#1313 = VECTOR ( 'NONE', #3851, 1000.000000000000000 ) ;
#1314 = VECTOR ( 'NONE', #1794, 1000.000000000000000 ) ;
#1315 = DIRECTION ( 'NONE',  ( -1.000000000000000000, 0.000000000000000000, 0.000000000000000000 ) ) ;
#1316 = CARTESIAN_POINT ( 'NONE',  ( 5.022500000000019504, 0.1125000000000000028, -5.022499999999850750 ) ) ;
#1317 = DIRECTION ( 'NONE',  ( -0.7071067811865497932, 0.000000000000000000, -0.7071067811865452413 ) ) ;
#1318 = ADVANCED_FACE ( 'NONE', ( #429 ), #3787, .T. ) ;
#1319 = EDGE_CURVE ( 'NONE', #7925, #1631, #10889, .T. ) ;
#1320 = VECTOR ( 'NONE', #12183, 1000.000000000000000 ) ;
#1321 = ORIENTED_EDGE ( 'NONE', *, *, #68, .T. ) ;
#1322 = CARTESIAN_POINT ( 'NONE',  ( -0.1799999999999974398, 0.06250000000000000000, -8.424999999999997158 ) ) ;
#1323 = VECTOR ( 'NONE', #4329, 1000.000000000000000 ) ;
#1324 = CARTESIAN_POINT ( 'NONE',  ( 3.402500000000022506, 0.1125000000000000028, -3.402500000000128200 ) ) ;
#1325 = EDGE_CURVE ( 'NONE', #751, #11383, #1527, .T. ) ;
#1326 = DIRECTION ( 'NONE',  ( -1.000000000000000000, -0.000000000000000000, -0.000000000000000000 ) ) ;
#1327 = ORIENTED_EDGE ( 'NONE', *, *, #11007, .F. ) ;
#1328 = ORIENTED_EDGE ( 'NONE', *, *, #11104, .T. ) ;
#1329 = COLOUR_RGB ( '',1.000000000000000000, 0.8117647058823529438, 0.5019607843137254832 ) ;
#1330 = DIRECTION ( 'NONE',  ( 4.119085594246160228E-15, 0.000000000000000000, -1.000000000000000000 ) ) ;
#1331 = DIRECTION ( 'NONE',  ( -4.625929269271459921E-14, 0.000000000000000000, -1.000000000000000000 ) ) ;
#1332 = ADVANCED_FACE ( 'NONE', ( #1453 ), #8000, .T. ) ;
#1333 = ADVANCED_FACE ( 'NONE', ( #1727 ), #9939, .T. ) ;
#1334 = LINE ( 'NONE', #5551, #1014 ) ;
#1335 = DIRECTION ( 'NONE',  ( 0.000000000000000000, 0.000000000000000000, -1.000000000000000000 ) ) ;
#1336 = SURFACE_SIDE_STYLE ('',( #8501 ) ) ;
#1337 = CARTESIAN_POINT ( 'NONE',  ( 0.9049999999999992495, 0.2530000000000000027, 1.874999999999999778 ) ) ;
#1338 = ADVANCED_FACE ( 'NONE', ( #5663 ), #12959, .F. ) ;
#1339 = ORIENTED_EDGE ( 'NONE', *, *, #10594, .T. ) ;
#1340 = CIRCLE ( 'NONE', #3748, 0.2000000000000005107 ) ;
#1341 = VERTEX_POINT ( 'NONE', #10959 ) ;
#1342 = DIRECTION ( 'NONE',  ( 0.000000000000000000, 0.000000000000000000, -1.000000000000000000 ) ) ;
#1343 = VERTEX_POINT ( 'NONE', #501 ) ;
#1344 = DIRECTION ( 'NONE',  ( 1.000000000000000000, 0.000000000000000000, 0.000000000000000000 ) ) ;
#1345 = LINE ( 'NONE', #10153, #4781 ) ;
#1346 = AXIS2_PLACEMENT_3D ( 'NONE', #2679, #10880, #1511 ) ;
#1347 = CARTESIAN_POINT ( 'NONE',  ( 1.284999999999999254, 0.1125000000000000028, -8.389999999999998792 ) ) ;
#1348 = SURFACE_SIDE_STYLE ('',( #4572 ) ) ;
#1349 = EDGE_CURVE ( 'NONE', #13626, #603, #4696, .T. ) ;
#1350 = CARTESIAN_POINT ( 'NONE',  ( -0.5019999999999983364, 0.9799999999999999822, 7.799999999999999822 ) ) ;
#1351 = CARTESIAN_POINT ( 'NONE',  ( -3.689539992968170800E-15, 0.1125000000000000028, -3.402999999999998693 ) ) ;
#1352 = LINE ( 'NONE', #11680, #1796 ) ;
#1353 = EDGE_CURVE ( 'NONE', #6698, #4707, #9871, .T. ) ;
#1354 = CARTESIAN_POINT ( 'NONE',  ( 0.5250000000000015765, 0.06250000000000000000, -9.875000000000000000 ) ) ;
#1355 = ORIENTED_EDGE ( 'NONE', *, *, #425, .F. ) ;
#1356 = DIRECTION ( 'NONE',  ( 0.000000000000000000, 0.000000000000000000, -1.000000000000000000 ) ) ;
#1357 = ORIENTED_EDGE ( 'NONE', *, *, #13336, .F. ) ;
#1358 = CARTESIAN_POINT ( 'NONE',  ( -0.2019999999999982920, 1.089999999999999414, 8.949999999999999289 ) ) ;
#1359 = CLOSED_SHELL ( 'NONE', ( #13351, #3252, #10681, #12948, #2061, #2824, #10094, #7496, #6476, #8641, #2646, #9109, #9675, #10265, #2945, #4114, #5916, #843 ) ) ;
#1360 = DIRECTION ( 'NONE',  ( 0.000000000000000000, 1.000000000000000000, 0.000000000000000000 ) ) ;
#1361 = ORIENTED_EDGE ( 'NONE', *, *, #2041, .T. ) ;
#1362 = VECTOR ( 'NONE', #6998, 1000.000000000000000 ) ;
#1363 = ORIENTED_EDGE ( 'NONE', *, *, #7779, .T. ) ;
#1364 = ORIENTED_EDGE ( 'NONE', *, *, #6715, .F. ) ;
#1365 = ORIENTED_EDGE ( 'NONE', *, *, #13526, .F. ) ;
#1366 = LINE ( 'NONE', #5583, #850 ) ;
#1367 = DIRECTION ( 'NONE',  ( 4.625929269271459921E-14, 0.000000000000000000, -1.000000000000000000 ) ) ;
#1368 = CARTESIAN_POINT ( 'NONE',  ( -1.750000000000000444, 0.06250000000000000000, -3.402999999999999581 ) ) ;
#1369 = AXIS2_PLACEMENT_3D ( 'NONE', #3196, #7396, #11596 ) ;
#1370 = FACE_OUTER_BOUND ( 'NONE', #3952, .T. ) ;
#1371 = ORIENTED_EDGE ( 'NONE', *, *, #10696, .T. ) ;
#1372 = ORIENTED_EDGE ( 'NONE', *, *, #7718, .T. ) ;
#1373 = LINE ( 'NONE', #8803, #4179 ) ;
#1374 = LINE ( 'NONE', #5786, #8562 ) ;
#1375 = ORIENTED_EDGE ( 'NONE', *, *, #3879, .T. ) ;
#1376 = DIRECTION ( 'NONE',  ( 0.000000000000000000, 0.000000000000000000, -1.000000000000000000 ) ) ;
#1377 = CARTESIAN_POINT ( 'NONE',  ( 0.7799999999999994715, 0.06250000000000000000, -9.025000000000000355 ) ) ;
#1378 = EDGE_LOOP ( 'NONE', ( #12799, #12871, #1193, #9289 ) ) ;
#1379 = VECTOR ( 'NONE', #4923, 1000.000000000000000 ) ;
#1380 = CARTESIAN_POINT ( 'NONE',  ( -4.337499999999995914, 0.1125000000000000028, -4.337499999999982592 ) ) ;
#1381 = AXIS2_PLACEMENT_3D ( 'NONE', #98, #2149, #30 ) ;
#1382 = DIRECTION ( 'NONE',  ( -1.084202172485504828E-15, 0.000000000000000000, -1.000000000000000000 ) ) ;
#1383 = CARTESIAN_POINT ( 'NONE',  ( 2.574999999999998845, 0.2530000000000000027, -8.875000000000000000 ) ) ;
#1384 = LINE ( 'NONE', #5859, #2379 ) ;
#1385 = STYLED_ITEM ( 'NONE', ( #10992 ), #366 ) ;
#1386 = ORIENTED_EDGE ( 'NONE', *, *, #5947, .T. ) ;
#1387 = DIRECTION ( 'NONE',  ( 1.000000000000000000, 0.000000000000000000, 0.000000000000000000 ) ) ;
#1388 = LINE ( 'NONE', #11719, #10538 ) ;
#1389 = CARTESIAN_POINT ( 'NONE',  ( -1.230000000000001092, 0.4780000000000000360, 2.295000000000000373 ) ) ;
#1390 = FACE_OUTER_BOUND ( 'NONE', #3772, .T. ) ;
#1391 = ORIENTED_EDGE ( 'NONE', *, *, #10266, .T. ) ;
#1392 = VERTEX_POINT ( 'NONE', #11034 ) ;
#1393 = EDGE_CURVE ( 'NONE', #8237, #2618, #1598, .T. ) ;
#1394 = EDGE_CURVE ( 'NONE', #13467, #11491, #13159, .T. ) ;
#1395 = EDGE_CURVE ( 'NONE', #4855, #2247, #11099, .T. ) ;
#1396 = VECTOR ( 'NONE', #48, 1000.000000000000000 ) ;
#1397 = DIRECTION ( 'NONE',  ( -1.000000000000000000, 0.000000000000000000, 0.000000000000000000 ) ) ;
#1398 = EDGE_CURVE ( 'NONE', #5927, #12557, #2065, .T. ) ;
#1399 = DIRECTION ( 'NONE',  ( 1.000000000000000000, 0.000000000000000000, 0.000000000000000000 ) ) ;
#1400 = DIRECTION ( 'NONE',  ( -0.9396926207859084279, 0.000000000000000000, -0.3420201433256688794 ) ) ;
#1401 = CARTESIAN_POINT ( 'NONE',  ( -1.350000000000000533, 0.2530000000000000027, -5.612999999999999545 ) ) ;
#1402 = DIRECTION ( 'NONE',  ( 0.7071067811865365815, 0.000000000000000000, -0.7071067811865584529 ) ) ;
#1403 = FACE_OUTER_BOUND ( 'NONE', #12003, .T. ) ;
#1404 = VERTEX_POINT ( 'NONE', #13564 ) ;
#1405 = ORIENTED_EDGE ( 'NONE', *, *, #932, .F. ) ;
#1406 = CARTESIAN_POINT ( 'NONE',  ( 1.350000000000000755, 0.1125000000000000028, -4.753000000000000114 ) ) ;
#1407 = VERTEX_POINT ( 'NONE', #7160 ) ;
#1408 = EDGE_CURVE ( 'NONE', #11978, #7313, #13363, .T. ) ;
#1409 = ADVANCED_FACE ( 'NONE', ( #11439 ), #11303, .F. ) ;
#1410 = FACE_OUTER_BOUND ( 'NONE', #10111, .T. ) ;
#1411 = EDGE_CURVE ( 'NONE', #8264, #13048, #10416, .T. ) ;
#1412 = ADVANCED_FACE ( 'NONE', ( #1998 ), #9364, .F. ) ;
#1413 = FILL_AREA_STYLE_COLOUR ( '', #12481 ) ;
#1414 = LINE ( 'NONE', #2444, #8487 ) ;
#1415 = CARTESIAN_POINT ( 'NONE',  ( 1.717500000000033555, 0.1125000000000000028, -4.965645949983679728E-15 ) ) ;
#1416 = DIRECTION ( 'NONE',  ( 1.000000000000000000, 0.000000000000000000, -4.707526393424183343E-15 ) ) ;
#1417 = FACE_OUTER_BOUND ( 'NONE', #9676, .T. ) ;
#1418 = DIRECTION ( 'NONE',  ( 1.000000000000000000, 0.000000000000000000, 2.168404344971009262E-15 ) ) ;
#1419 = LINE ( 'NONE', #3545, #6002 ) ;
#1420 = ORIENTED_EDGE ( 'NONE', *, *, #11779, .T. ) ;
#1421 = CARTESIAN_POINT ( 'NONE',  ( -0.6499999999999966915, 0.06250000000000000000, 0.000000000000000000 ) ) ;
#1422 = ORIENTED_EDGE ( 'NONE', *, *, #12616, .T. ) ;
#1423 = DIRECTION ( 'NONE',  ( -0.000000000000000000, 1.000000000000000000, -0.000000000000000000 ) ) ;
#1424 = CARTESIAN_POINT ( 'NONE',  ( 4.602499999999985825, 0.1125000000000000028, -4.602500000000127933 ) ) ;
#1425 = ORIENTED_EDGE ( 'NONE', *, *, #6039, .T. ) ;
#1426 = ORIENTED_EDGE ( 'NONE', *, *, #8229, .T. ) ;
#1427 = ORIENTED_EDGE ( 'NONE', *, *, #493, .F. ) ;
#1428 = EDGE_CURVE ( 'NONE', #348, #5247, #7031, .T. ) ;
#1429 = ORIENTED_EDGE ( 'NONE', *, *, #6000, .T. ) ;
#1430 = EDGE_CURVE ( 'NONE', #10511, #7694, #3921, .T. ) ;
#1431 = ADVANCED_FACE ( 'NONE', ( #6205 ), #8134, .F. ) ;
#1432 = LINE ( 'NONE', #9983, #6347 ) ;
#1433 = DIRECTION ( 'NONE',  ( -0.000000000000000000, 1.000000000000000000, -0.000000000000000000 ) ) ;
#1434 = PLANE ( 'NONE',  #8744 ) ;
#1435 = LINE ( 'NONE', #9985, #4322 ) ;
#1436 = VERTEX_POINT ( 'NONE', #12467 ) ;
#1437 = EDGE_LOOP ( 'NONE', ( #10612, #4882, #4397, #3474, #5871, #4017, #2637, #11685, #12903, #1885, #9511, #8519, #8433, #11526, #555, #3683 ) ) ;
#1438 = CARTESIAN_POINT ( 'NONE',  ( 0.4500000000000001221, 0.06250000000000000000, -3.752999999999999226 ) ) ;
#1439 = CARTESIAN_POINT ( 'NONE',  ( 5.833750000000010871, 0.1125000000000000028, -5.833749999999960245 ) ) ;
#1440 = VERTEX_POINT ( 'NONE', #969 ) ;
#1441 = DIRECTION ( 'NONE',  ( -0.000000000000000000, 1.000000000000000000, -0.000000000000000000 ) ) ;
#1442 = CARTESIAN_POINT ( 'NONE',  ( 2.575000000000000178, 0.4780000000000000360, -8.699999999999999289 ) ) ;
#1443 = VERTEX_POINT ( 'NONE', #3094 ) ;
#1444 = CARTESIAN_POINT ( 'NONE',  ( -0.1500000000000061562, 0.06250000000000000000, -1.626303258728323951E-16 ) ) ;
#1445 = EDGE_CURVE ( 'NONE', #7626, #8046, #7296, .T. ) ;
#1446 = AXIS2_PLACEMENT_3D ( 'NONE', #12986, #10787, #3540 ) ;
#1447 = FACE_OUTER_BOUND ( 'NONE', #12011, .T. ) ;
#1448 = DIRECTION ( 'NONE',  ( -0.000000000000000000, -1.000000000000000000, -0.000000000000000000 ) ) ;
#1449 = DIRECTION ( 'NONE',  ( 0.000000000000000000, -0.000000000000000000, -1.000000000000000000 ) ) ;
#1450 = EDGE_LOOP ( 'NONE', ( #11291, #1616, #1005, #9715 ) ) ;
#1451 = ORIENTED_EDGE ( 'NONE', *, *, #10777, .F. ) ;
#1452 = CARTESIAN_POINT ( 'NONE',  ( 0.7000000000000002887, 0.06250000000000000000, 0.000000000000000000 ) ) ;
#1453 = FACE_OUTER_BOUND ( 'NONE', #3534, .T. ) ;
#1454 = AXIS2_PLACEMENT_3D ( 'NONE', #7255, #2028, #9389 ) ;
#1455 = CARTESIAN_POINT ( 'NONE',  ( 0.8150000000000000577, 0.06250000000000000000, -7.653000000000000469 ) ) ;
#1456 = ORIENTED_EDGE ( 'NONE', *, *, #8380, .T. ) ;
#1457 = ORIENTED_EDGE ( 'NONE', *, *, #5796, .T. ) ;
#1458 = DIRECTION ( 'NONE',  ( 1.000000000000000000, 0.000000000000000000, 2.693669993752811547E-16 ) ) ;
#1459 = VECTOR ( 'NONE', #10196, 1000.000000000000000 ) ;
#1460 = PLANE ( 'NONE',  #8128 ) ;
#1461 = CARTESIAN_POINT ( 'NONE',  ( 0.3850000000000014522, 0.06250000000000000000, -7.653000000000000469 ) ) ;
#1462 = ORIENTED_EDGE ( 'NONE', *, *, #583, .T. ) ;
#1463 = LINE ( 'NONE', #2767, #9442 ) ;
#1464 = LINE ( 'NONE', #12274, #5570 ) ;
#1465 = DIRECTION ( 'NONE',  ( 1.000000000000000000, 0.000000000000000000, -1.971276677246372012E-16 ) ) ;
#1466 = EDGE_CURVE ( 'NONE', #7965, #4455, #6265, .T. ) ;
#1467 = ORIENTED_EDGE ( 'NONE', *, *, #1241, .F. ) ;
#1468 = ORIENTED_EDGE ( 'NONE', *, *, #12343, .T. ) ;
#1469 = PLANE ( 'NONE',  #9831 ) ;
#1470 = VERTEX_POINT ( 'NONE', #2953 ) ;
#1471 = CARTESIAN_POINT ( 'NONE',  ( -4.187500000000001776, 0.1125000000000000028, -4.187500000000029310 ) ) ;
#1472 = AXIS2_PLACEMENT_3D ( 'NONE', #8575, #9474, #2295 ) ;
#1473 = AXIS2_PLACEMENT_3D ( 'NONE', #12910, #9807, #3464 ) ;
#1474 = DIRECTION ( 'NONE',  ( -0.000000000000000000, -1.000000000000000000, -0.000000000000000000 ) ) ;
#1475 = DIRECTION ( 'NONE',  ( 1.000000000000000000, 0.000000000000000000, 0.000000000000000000 ) ) ;
#1476 = DIRECTION ( 'NONE',  ( -0.7071067811865444641, 0.000000000000000000, 0.7071067811865505703 ) ) ;
#1477 = CARTESIAN_POINT ( 'NONE',  ( 0.6850000000000380229, 0.06250000000000000000, -3.224655579495744559E-15 ) ) ;
#1478 = DIRECTION ( 'NONE',  ( -0.000000000000000000, -1.000000000000000000, -0.000000000000000000 ) ) ;
#1479 = DIRECTION ( 'NONE',  ( -0.000000000000000000, 1.000000000000000000, -0.000000000000000000 ) ) ;
#1480 = EDGE_CURVE ( 'NONE', #6760, #312, #8112, .T. ) ;
#1481 = DIRECTION ( 'NONE',  ( -0.000000000000000000, -1.000000000000000000, -0.000000000000000000 ) ) ;
#1482 = EDGE_CURVE ( 'NONE', #2418, #9458, #840, .T. ) ;
#1483 = ORIENTED_EDGE ( 'NONE', *, *, #13539, .T. ) ;
#1484 =( LENGTH_UNIT ( ) NAMED_UNIT ( * ) SI_UNIT ( .MILLI., .METRE. ) );
#1485 = AXIS2_PLACEMENT_3D ( 'NONE', #1825, #6029, #793 ) ;
#1486 = ORIENTED_EDGE ( 'NONE', *, *, #4041, .T. ) ;
#1487 = EDGE_CURVE ( 'NONE', #2165, #6837, #12258, .T. ) ;
#1488 = DIRECTION ( 'NONE',  ( 0.000000000000000000, 0.000000000000000000, 1.000000000000000000 ) ) ;
#1489 = VECTOR ( 'NONE', #6622, 1000.000000000000000 ) ;
#1490 = DIRECTION ( 'NONE',  ( 0.000000000000000000, 0.000000000000000000, -1.000000000000000000 ) ) ;
#1491 = ORIENTED_EDGE ( 'NONE', *, *, #260, .T. ) ;
#1492 = VERTEX_POINT ( 'NONE', #5035 ) ;
#1493 = VERTEX_POINT ( 'NONE', #9235 ) ;
#1494 =( GEOMETRIC_REPRESENTATION_CONTEXT ( 3 ) GLOBAL_UNCERTAINTY_ASSIGNED_CONTEXT ( ( #2060 ) ) GLOBAL_UNIT_ASSIGNED_CONTEXT ( ( #13138, #11008, #4669 ) ) REPRESENTATION_CONTEXT ( 'NONE', 'WORKASPACE' ) );
#1495 = ORIENTED_EDGE ( 'NONE', *, *, #13510, .F. ) ;
#1496 = CARTESIAN_POINT ( 'NONE',  ( 2.200000000000001510, 0.000000000000000000, 6.300000000000001599 ) ) ;
#1497 = LINE ( 'NONE', #10871, #2834 ) ;
#1498 = VECTOR ( 'NONE', #10792, 1000.000000000000000 ) ;
#1499 = LINE ( 'NONE', #5711, #5678 ) ;
#1500 = DIRECTION ( 'NONE',  ( -0.000000000000000000, 1.000000000000000000, -0.000000000000000000 ) ) ;
#1501 = VERTEX_POINT ( 'NONE', #3997 ) ;
#1502 = VECTOR ( 'NONE', #4447, 1000.000000000000000 ) ;
#1503 = EDGE_CURVE ( 'NONE', #4502, #2346, #1929, .T. ) ;
#1504 = ORIENTED_EDGE ( 'NONE', *, *, #4951, .T. ) ;
#1505 = EDGE_CURVE ( 'NONE', #7846, #13320, #5107, .T. ) ;
#1506 = DIRECTION ( 'NONE',  ( 0.000000000000000000, 0.000000000000000000, -1.000000000000000000 ) ) ;
#1507 = VECTOR ( 'NONE', #3717, 1000.000000000000000 ) ;
#1508 = DIRECTION ( 'NONE',  ( 2.647983596301103229E-15, 0.000000000000000000, -1.000000000000000000 ) ) ;
#1509 = ORIENTED_EDGE ( 'NONE', *, *, #45, .F. ) ;
#1510 = EDGE_CURVE ( 'NONE', #2247, #1204, #7664, .T. ) ;
#1511 = DIRECTION ( 'NONE',  ( 0.000000000000000000, 0.000000000000000000, 1.000000000000000000 ) ) ;
#1512 = CARTESIAN_POINT ( 'NONE',  ( -0.8019999999999979368, 2.080000000000000071, 8.949999999999999289 ) ) ;
#1513 = VERTEX_POINT ( 'NONE', #2200 ) ;
#1514 = CARTESIAN_POINT ( 'NONE',  ( 0.000000000000000000, 0.06250000000000000000, -2.403000000000000025 ) ) ;
#1515 = VERTEX_POINT ( 'NONE', #3224 ) ;
#1516 = VECTOR ( 'NONE', #13240, 1000.000000000000000 ) ;
#1517 = AXIS2_PLACEMENT_3D ( 'NONE', #13119, #2717, #4722 ) ;
#1518 = PLANE ( 'NONE',  #1294 ) ;
#1519 = AXIS2_PLACEMENT_3D ( 'NONE', #4212, #7367, #11713 ) ;
#1520 =( NAMED_UNIT ( * ) PLANE_ANGLE_UNIT ( ) SI_UNIT ( $, .RADIAN. ) );
#1521 = PRODUCT_DEFINITION_FORMATION_WITH_SPECIFIED_SOURCE ( 'ANY', '', #3023, .NOT_KNOWN. ) ;
#1522 = DIRECTION ( 'NONE',  ( 0.7071067811865444641, 0.000000000000000000, 0.7071067811865505703 ) ) ;
#1523 = ORIENTED_EDGE ( 'NONE', *, *, #11258, .T. ) ;
#1524 = ORIENTED_EDGE ( 'NONE', *, *, #9799, .T. ) ;
#1525 = EDGE_CURVE ( 'NONE', #3610, #752, #6541, .T. ) ;
#1526 = LINE ( 'NONE', #4695, #6379 ) ;
#1527 = LINE ( 'NONE', #7848, #12064 ) ;
#1528 = EDGE_CURVE ( 'NONE', #327, #2486, #7509, .T. ) ;
#1529 = CARTESIAN_POINT ( 'NONE',  ( -0.04999999999999622802, 0.06250000000000000000, 0.000000000000000000 ) ) ;
#1530 = AXIS2_PLACEMENT_3D ( 'NONE', #1821, #791, #12214 ) ;
#1531 = CARTESIAN_POINT ( 'NONE',  ( -0.07499999999954208574, 0.06250000000000000000, 3.469446951932411974E-15 ) ) ;
#1532 = ORIENTED_EDGE ( 'NONE', *, *, #9908, .F. ) ;
#1533 = VECTOR ( 'NONE', #12172, 1000.000000000000000 ) ;
#1534 = VERTEX_POINT ( 'NONE', #9566 ) ;
#1535 = DIRECTION ( 'NONE',  ( 0.000000000000000000, 0.000000000000000000, -1.000000000000000000 ) ) ;
#1536 = VECTOR ( 'NONE', #360, 1000.000000000000000 ) ;
#1537 = CARTESIAN_POINT ( 'NONE',  ( 0.2000000000000000944, 0.06250000000000000000, -3.402999999999999581 ) ) ;
#1538 = VECTOR ( 'NONE', #2692, 1000.000000000000000 ) ;
#1539 = DIRECTION ( 'NONE',  ( 1.000000000000000000, -0.000000000000000000, 1.224646799147353207E-16 ) ) ;
#1540 = ORIENTED_EDGE ( 'NONE', *, *, #12594, .T. ) ;
#1541 = DIRECTION ( 'NONE',  ( 0.000000000000000000, 0.000000000000000000, -1.000000000000000000 ) ) ;
#1542 = FILL_AREA_STYLE ('',( #2635 ) ) ;
#1543 = PLANE ( 'NONE',  #9420 ) ;
#1544 = ORIENTED_EDGE ( 'NONE', *, *, #1104, .F. ) ;
#1545 = CARTESIAN_POINT ( 'NONE',  ( 0.6850000000000380229, 0.1125000000000000028, -3.224655579495744559E-15 ) ) ;
#1546 = ORIENTED_EDGE ( 'NONE', *, *, #6070, .T. ) ;
#1547 = VECTOR ( 'NONE', #9095, 1000.000000000000000 ) ;
#1548 = FACE_OUTER_BOUND ( 'NONE', #10703, .T. ) ;
#1549 = ORIENTED_EDGE ( 'NONE', *, *, #8508, .T. ) ;
#1550 = CARTESIAN_POINT ( 'NONE',  ( -2.200000000000000622, -0.2250000000000000056, 0.3499999999999987566 ) ) ;
#1551 = EDGE_CURVE ( 'NONE', #4588, #9784, #8535, .T. ) ;
#1552 = CARTESIAN_POINT ( 'NONE',  ( 2.149999999999999911, 0.4780000000000000360, -6.987373870972730217 ) ) ;
#1553 = CIRCLE ( 'NONE', #12774, 0.2000000000000005107 ) ;
#1554 = ORIENTED_EDGE ( 'NONE', *, *, #4444, .F. ) ;
#1555 = CARTESIAN_POINT ( 'NONE',  ( -0.2019999999999982920, 1.089999999999999414, 8.951564153662312506 ) ) ;
#1556 = CARTESIAN_POINT ( 'NONE',  ( -0.7019999999999981810, 2.080000000000000071, 8.949999999999999289 ) ) ;
#1557 = PLANE ( 'NONE',  #12077 ) ;
#1558 = LINE ( 'NONE', #13122, #13485 ) ;
#1559 = ORIENTED_EDGE ( 'NONE', *, *, #8565, .F. ) ;
#1560 = CARTESIAN_POINT ( 'NONE',  ( 2.150000000000000355, 7.883090691567329777, 9.299999999999998934 ) ) ;
#1561 = ORIENTED_EDGE ( 'NONE', *, *, #11090, .F. ) ;
#1562 = CARTESIAN_POINT ( 'NONE',  ( 1.114999999999970681, 0.06250000000000000000, 4.592780437584348139E-15 ) ) ;
#1563 = CARTESIAN_POINT ( 'NONE',  ( -2.200000000000000622, 0.2530000000000000027, 10.00000000000000000 ) ) ;
#1564 = ORIENTED_EDGE ( 'NONE', *, *, #829, .T. ) ;
#1565 = VERTEX_POINT ( 'NONE', #5235 ) ;
#1566 = EDGE_LOOP ( 'NONE', ( #8661, #11135, #426, #9056 ) ) ;
#1567 = ORIENTED_EDGE ( 'NONE', *, *, #1183, .T. ) ;
#1568 = AXIS2_PLACEMENT_3D ( 'NONE', #2281, #2416, #3316 ) ;
#1569 = ADVANCED_FACE ( 'NONE', ( #4474 ), #12607, .T. ) ;
#1570 = ADVANCED_FACE ( 'NONE', ( #286 ), #10815, .T. ) ;
#1571 = CARTESIAN_POINT ( 'NONE',  ( -0.5019999999999983364, 0.9799999999999999822, 7.875500200160160169 ) ) ;
#1572 = DIRECTION ( 'NONE',  ( -0.000000000000000000, -0.000000000000000000, -1.000000000000000000 ) ) ;
#1573 = EDGE_CURVE ( 'NONE', #13551, #10796, #10675, .T. ) ;
#1574 = PRESENTATION_STYLE_ASSIGNMENT (( #10194 ) ) ;
#1575 = DIRECTION ( 'NONE',  ( -0.000000000000000000, -1.000000000000000000, -0.000000000000000000 ) ) ;
#1576 = ORIENTED_EDGE ( 'NONE', *, *, #4529, .F. ) ;
#1577 = CLOSED_SHELL ( 'NONE', ( #11741, #10617, #575, #7115, #5746, #2243 ) ) ;
#1578 = ORIENTED_EDGE ( 'NONE', *, *, #3859, .F. ) ;
#1579 = AXIS2_PLACEMENT_3D ( 'NONE', #1714, #5925, #7706 ) ;
#1580 = LINE ( 'NONE', #10256, #12744 ) ;
#1581 = VERTEX_POINT ( 'NONE', #7638 ) ;
#1582 = DIRECTION ( 'NONE',  ( -0.000000000000000000, 1.000000000000000000, -0.000000000000000000 ) ) ;
#1583 = PLANE ( 'NONE',  #11003 ) ;
#1584 = ORIENTED_EDGE ( 'NONE', *, *, #5796, .F. ) ;
#1585 = DIRECTION ( 'NONE',  ( 0.000000000000000000, 0.000000000000000000, -1.000000000000000000 ) ) ;
#1586 = ORIENTED_EDGE ( 'NONE', *, *, #1168, .T. ) ;
#1587 = ADVANCED_FACE ( 'NONE', ( #7 ), #8673, .T. ) ;
#1588 = EDGE_CURVE ( 'NONE', #7468, #1186, #11769, .T. ) ;
#1589 = AXIS2_PLACEMENT_3D ( 'NONE', #7621, #8459, #2375 ) ;
#1590 = DIRECTION ( 'NONE',  ( -1.000000000000000000, 0.000000000000000000, 0.000000000000000000 ) ) ;
#1591 = ADVANCED_FACE ( 'NONE', ( #9435 ), #6334, .F. ) ;
#1592 = ADVANCED_FACE ( 'NONE', ( #6411 ), #11832, .T. ) ;
#1593 = SURFACE_STYLE_FILL_AREA ( #4689 ) ;
#1594 = CARTESIAN_POINT ( 'NONE',  ( -3.402500000000021174, 0.06250000000000000000, -3.402500000000126867 ) ) ;
#1595 = ORIENTED_EDGE ( 'NONE', *, *, #7129, .F. ) ;
#1596 = ORIENTED_EDGE ( 'NONE', *, *, #10779, .F. ) ;
#1597 = LINE ( 'NONE', #5736, #4389 ) ;
#1598 = LINE ( 'NONE', #5804, #10969 ) ;
#1599 = DIRECTION ( 'NONE',  ( 0.000000000000000000, 0.000000000000000000, -1.000000000000000000 ) ) ;
#1600 = CIRCLE ( 'NONE', #5572, 0.1749999999999998224 ) ;
#1601 = DIRECTION ( 'NONE',  ( 0.000000000000000000, -0.000000000000000000, -1.000000000000000000 ) ) ;
#1602 = VERTEX_POINT ( 'NONE', #11561 ) ;
#1603 = ORIENTED_EDGE ( 'NONE', *, *, #7501, .T. ) ;
#1604 = ADVANCED_FACE ( 'NONE', ( #2126 ), #5446, .F. ) ;
#1605 = LINE ( 'NONE', #438, #66 ) ;
#1606 = EDGE_CURVE ( 'NONE', #3349, #4010, #72, .T. ) ;
#1607 = AXIS2_PLACEMENT_3D ( 'NONE', #5816, #3735, #726 ) ;
#1608 = AXIS2_PLACEMENT_3D ( 'NONE', #12569, #9394, #9536 ) ;
#1609 = FACE_OUTER_BOUND ( 'NONE', #11467, .T. ) ;
#1610 = VECTOR ( 'NONE', #6435, 1000.000000000000000 ) ;
#1611 = LINE ( 'NONE', #367, #4525 ) ;
#1612 = EDGE_LOOP ( 'NONE', ( #12592, #11254, #2812, #5661 ) ) ;
#1613 = CARTESIAN_POINT ( 'NONE',  ( 8.138021506676188393E-15, 0.06250000000000000000, -3.752999999999996117 ) ) ;
#1614 = DIRECTION ( 'NONE',  ( -1.000000000000000000, -0.000000000000000000, -5.421010862427520198E-16 ) ) ;
#1615 = CARTESIAN_POINT ( 'NONE',  ( -0.5500000000000018208, 0.1125000000000000028, -8.424999999999997158 ) ) ;
#1616 = ORIENTED_EDGE ( 'NONE', *, *, #2760, .F. ) ;
#1617 = CARTESIAN_POINT ( 'NONE',  ( 2.199999999999999734, 0.2530000000000000027, -6.850000000000000533 ) ) ;
#1618 = ORIENTED_EDGE ( 'NONE', *, *, #2132, .T. ) ;
#1619 = PRESENTATION_LAYER_ASSIGNMENT (  '', '', ( #75 ) ) ;
#1620 = LINE ( 'NONE', #8917, #12252 ) ;
#1621 = ORIENTED_EDGE ( 'NONE', *, *, #10513, .F. ) ;
#1622 = VECTOR ( 'NONE', #2356, 1000.000000000000000 ) ;
#1623 = CARTESIAN_POINT ( 'NONE',  ( 4.637499999999998401, 0.06250000000000000000, -4.637499999999985079 ) ) ;
#1624 = EDGE_CURVE ( 'NONE', #7334, #11701, #12668, .T. ) ;
#1625 = CARTESIAN_POINT ( 'NONE',  ( 2.750000000000000000, 0.2530000000000000027, -8.500000000000001776 ) ) ;
#1626 = ORIENTED_EDGE ( 'NONE', *, *, #8293, .T. ) ;
#1627 = DIRECTION ( 'NONE',  ( -2.942203995890114589E-16, 0.000000000000000000, -1.000000000000000000 ) ) ;
#1628 = CARTESIAN_POINT ( 'NONE',  ( -1.285000000000000142, 0.06250000000000000000, -8.389999999999997016 ) ) ;
#1629 = CARTESIAN_POINT ( 'NONE',  ( 2.200000000000001510, 0.000000000000000000, 6.300000000000001599 ) ) ;
#1630 = VERTEX_POINT ( 'NONE', #12737 ) ;
#1631 = VERTEX_POINT ( 'NONE', #3300 ) ;
#1632 = CARTESIAN_POINT ( 'NONE',  ( -0.9750000000000026423, 0.06250000000000000000, -2.626328243909004028E-16 ) ) ;
#1633 = FACE_OUTER_BOUND ( 'NONE', #11184, .T. ) ;
#1634 = ORIENTED_EDGE ( 'NONE', *, *, #12717, .T. ) ;
#1635 = ORIENTED_EDGE ( 'NONE', *, *, #442, .T. ) ;
#1636 = VERTEX_POINT ( 'NONE', #11704 ) ;
#1637 = ORIENTED_EDGE ( 'NONE', *, *, #5208, .F. ) ;
#1638 = DIRECTION ( 'NONE',  ( -0.000000000000000000, -0.000000000000000000, -1.000000000000000000 ) ) ;
#1639 = DIRECTION ( 'NONE',  ( -1.000000000000000000, 0.000000000000000000, -0.000000000000000000 ) ) ;
#1640 = FILL_AREA_STYLE ('',( #8875 ) ) ;
#1641 = FILL_AREA_STYLE_COLOUR ( '', #7332 ) ;
#1642 = CARTESIAN_POINT ( 'NONE',  ( 1.150000000000004796, 0.1125000000000000028, -9.025000000000000355 ) ) ;
#1643 = DIRECTION ( 'NONE',  ( 0.000000000000000000, 0.000000000000000000, 1.000000000000000000 ) ) ;
#1644 = ORIENTED_EDGE ( 'NONE', *, *, #9157, .T. ) ;
#1645 = DIRECTION ( 'NONE',  ( 0.000000000000000000, 0.000000000000000000, 1.000000000000000000 ) ) ;
#1646 = DIRECTION ( 'NONE',  ( -1.000000000000000000, 0.000000000000000000, -0.000000000000000000 ) ) ;
#1647 = ADVANCED_FACE ( 'NONE', ( #6481 ), #8609, .T. ) ;
#1648 = EDGE_LOOP ( 'NONE', ( #9638, #8443, #9602, #12155 ) ) ;
#1649 = LINE ( 'NONE', #13145, #703 ) ;
#1650 = FACE_OUTER_BOUND ( 'NONE', #7212, .T. ) ;
#1651 = ORIENTED_EDGE ( 'NONE', *, *, #10499, .F. ) ;
#1652 = EDGE_CURVE ( 'NONE', #414, #11871, #551, .T. ) ;
#1653 = LINE ( 'NONE', #11089, #12488 ) ;
#1654 = EDGE_LOOP ( 'NONE', ( #7352, #2766, #12332, #11538 ) ) ;
#1655 = PLANE ( 'NONE',  #4587 ) ;
#1656 = CARTESIAN_POINT ( 'NONE',  ( 0.9943145750507611513, 1.089999999999999858, 6.299999999999999822 ) ) ;
#1657 = CARTESIAN_POINT ( 'NONE',  ( -1.742500000000000160, 0.06250000000000000000, -8.424999999999997158 ) ) ;
#1658 = UNCERTAINTY_MEASURE_WITH_UNIT (LENGTH_MEASURE( 1.000000000000000082E-05 ), #4307, 'distance_accuracy_value', 'NONE');
#1659 = ORIENTED_EDGE ( 'NONE', *, *, #7823, .F. ) ;
#1660 = EDGE_LOOP ( 'NONE', ( #5468, #9494, #3589, #7108 ) ) ;
#1661 = DIRECTION ( 'NONE',  ( 1.000000000000000000, 0.000000000000000000, 0.000000000000000000 ) ) ;
#1662 = PLANE ( 'NONE',  #7887 ) ;
#1663 = ADVANCED_FACE ( 'NONE', ( #10053 ), #4533, .F. ) ;
#1664 = EDGE_CURVE ( 'NONE', #13307, #7175, #1374, .T. ) ;
#1665 = DIRECTION ( 'NONE',  ( 1.000000000000000000, 0.000000000000000000, 0.000000000000000000 ) ) ;
#1666 = DIRECTION ( 'NONE',  ( -0.000000000000000000, 1.000000000000000000, -0.000000000000000000 ) ) ;
#1667 = ORIENTED_EDGE ( 'NONE', *, *, #8308, .F. ) ;
#1668 = EDGE_CURVE ( 'NONE', #10766, #7497, #7983, .T. ) ;
#1669 = VECTOR ( 'NONE', #2174, 1000.000000000000000 ) ;
#1670 = ORIENTED_EDGE ( 'NONE', *, *, #11315, .F. ) ;
#1671 = FACE_OUTER_BOUND ( 'NONE', #8888, .T. ) ;
#1672 = DIRECTION ( 'NONE',  ( 4.625929269271459921E-14, 0.000000000000000000, -1.000000000000000000 ) ) ;
#1673 = VECTOR ( 'NONE', #6093, 1000.000000000000000 ) ;
#1674 = CARTESIAN_POINT ( 'NONE',  ( -0.3850000000000008971, 0.06250000000000000000, -7.653000000000000469 ) ) ;
#1675 = ORIENTED_EDGE ( 'NONE', *, *, #10502, .F. ) ;
#1676 = DIRECTION ( 'NONE',  ( -4.707526393424183343E-15, 0.000000000000000000, -1.000000000000000000 ) ) ;
#1677 = LINE ( 'NONE', #652, #12597 ) ;
#1678 = CARTESIAN_POINT ( 'NONE',  ( 1.415000000000001812, 0.06250000000000000000, -8.389999999999998792 ) ) ;
#1679 = EDGE_CURVE ( 'NONE', #13048, #175, #12111, .T. ) ;
#1680 = ORIENTED_EDGE ( 'NONE', *, *, #699, .T. ) ;
#1681 = LINE ( 'NONE', #5887, #8774 ) ;
#1682 = ADVANCED_FACE ( 'NONE', ( #5648 ), #4810, .F. ) ;
#1683 = VERTEX_POINT ( 'NONE', #4676 ) ;
#1684 = ADVANCED_FACE ( 'NONE', ( #13010 ), #9989, .T. ) ;
#1685 = CARTESIAN_POINT ( 'NONE',  ( -0.5019999999999983364, 2.979999999999999982, 7.799999999999999822 ) ) ;
#1686 = ORIENTED_EDGE ( 'NONE', *, *, #641, .F. ) ;
#1687 = PLANE ( 'NONE',  #13033 ) ;
#1688 = VECTOR ( 'NONE', #8327, 1000.000000000000000 ) ;
#1689 = DIRECTION ( 'NONE',  ( 0.000000000000000000, 0.000000000000000000, -1.000000000000000000 ) ) ;
#1690 = ORIENTED_EDGE ( 'NONE', *, *, #12507, .T. ) ;
#1691 = DIRECTION ( 'NONE',  ( 3.614007241618349264E-16, 0.000000000000000000, -1.000000000000000000 ) ) ;
#1692 = CARTESIAN_POINT ( 'NONE',  ( -1.250000000000000000, 0.06250000000000000000, -9.025000000000000355 ) ) ;
#1693 = LINE ( 'NONE', #7749, #9491 ) ;
#1694 = DIRECTION ( 'NONE',  ( 0.000000000000000000, -1.000000000000000000, 0.000000000000000000 ) ) ;
#1695 = ORIENTED_EDGE ( 'NONE', *, *, #991, .T. ) ;
#1696 = ORIENTED_EDGE ( 'NONE', *, *, #6072, .T. ) ;
#1697 = EDGE_CURVE ( 'NONE', #4522, #1884, #8946, .T. ) ;
#1698 = DIRECTION ( 'NONE',  ( -0.000000000000000000, -1.000000000000000000, -0.000000000000000000 ) ) ;
#1699 = DIRECTION ( 'NONE',  ( 1.000000000000000000, 0.000000000000000000, 0.000000000000000000 ) ) ;
#1700 = EDGE_LOOP ( 'NONE', ( #707, #8461, #4873, #7256 ) ) ;
#1701 = ORIENTED_EDGE ( 'NONE', *, *, #5208, .T. ) ;
#1702 = VECTOR ( 'NONE', #588, 1000.000000000000000 ) ;
#1703 = ORIENTED_EDGE ( 'NONE', *, *, #11350, .T. ) ;
#1704 = CARTESIAN_POINT ( 'NONE',  ( 1.150000000000004796, 0.1125000000000000028, 0.000000000000000000 ) ) ;
#1705 = CARTESIAN_POINT ( 'NONE',  ( -2.150000000000000799, 0.2530000000000000027, -6.987373870972730217 ) ) ;
#1706 =( LENGTH_UNIT ( ) NAMED_UNIT ( * ) SI_UNIT ( .MILLI., .METRE. ) );
#1707 = VECTOR ( 'NONE', #12821, 1000.000000000000000 ) ;
#1708 = FACE_OUTER_BOUND ( 'NONE', #5516, .T. ) ;
#1709 = VERTEX_POINT ( 'NONE', #7770 ) ;
#1710 = COLOUR_RGB ( '',1.000000000000000000, 0.8117647058823529438, 0.5019607843137254832 ) ;
#1711 = ORIENTED_EDGE ( 'NONE', *, *, #6565, .T. ) ;
#1712 = FACE_OUTER_BOUND ( 'NONE', #2124, .T. ) ;
#1713 = ORIENTED_EDGE ( 'NONE', *, *, #10283, .F. ) ;
#1714 = CARTESIAN_POINT ( 'NONE',  ( 2.575000000000000178, 0.4780000000000000360, -8.699999999999999289 ) ) ;
#1715 = DIRECTION ( 'NONE',  ( -0.000000000000000000, 1.000000000000000000, -0.000000000000000000 ) ) ;
#1716 = VERTEX_POINT ( 'NONE', #12180 ) ;
#1717 = CARTESIAN_POINT ( 'NONE',  ( -0.7499999999999972244, 0.06250000000000000000, -9.125000000000000000 ) ) ;
#1718 = ORIENTED_EDGE ( 'NONE', *, *, #3002, .F. ) ;
#1719 = VECTOR ( 'NONE', #12613, 1000.000000000000000 ) ;
#1720 = DIRECTION ( 'NONE',  ( 0.000000000000000000, 0.000000000000000000, 1.000000000000000000 ) ) ;
#1721 = EDGE_CURVE ( 'NONE', #8319, #3905, #8804, .T. ) ;
#1722 = VECTOR ( 'NONE', #6646, 1000.000000000000000 ) ;
#1723 = LINE ( 'NONE', #12331, #3702 ) ;
#1724 = ORIENTED_EDGE ( 'NONE', *, *, #2489, .F. ) ;
#1725 = ORIENTED_EDGE ( 'NONE', *, *, #6473, .T. ) ;
#1726 = CYLINDRICAL_SURFACE ( 'NONE', #8354, 0.9999999999999991118 ) ;
#1727 = FACE_OUTER_BOUND ( 'NONE', #10328, .T. ) ;
#1728 = AXIS2_PLACEMENT_3D ( 'NONE', #7614, #11745, #2241 ) ;
#1729 = CARTESIAN_POINT ( 'NONE',  ( 2.149999999999999911, 0.2530000000000000027, -8.875000000000000000 ) ) ;
#1730 = FACE_OUTER_BOUND ( 'NONE', #4405, .T. ) ;
#1731 = VERTEX_POINT ( 'NONE', #2735 ) ;
#1732 = VECTOR ( 'NONE', #7445, 1000.000000000000000 ) ;
#1733 = ORIENTED_EDGE ( 'NONE', *, *, #13047, .T. ) ;
#1734 = AXIS2_PLACEMENT_3D ( 'NONE', #5101, #8129, #2809 ) ;
#1735 = AXIS2_PLACEMENT_3D ( 'NONE', #12121, #13428, #8125 ) ;
#1736 = DIRECTION ( 'NONE',  ( 2.942203995890114589E-16, 0.000000000000000000, -1.000000000000000000 ) ) ;
#1737 = EDGE_CURVE ( 'NONE', #2494, #5929, #12941, .T. ) ;
#1738 = ADVANCED_FACE ( 'NONE', ( #6944 ), #5591, .T. ) ;
#1739 = LINE ( 'NONE', #6585, #9185 ) ;
#1740 = CARTESIAN_POINT ( 'NONE',  ( -0.5019999999999983364, 2.880000000000000338, 7.799999999999999822 ) ) ;
#1741 = EDGE_CURVE ( 'NONE', #3876, #9952, #11907, .T. ) ;
#1742 = DIRECTION ( 'NONE',  ( 0.7071067811865365815, 0.000000000000000000, -0.7071067811865584529 ) ) ;
#1743 = AXIS2_PLACEMENT_3D ( 'NONE', #193, #9489, #7275 ) ;
#1744 = ORIENTED_EDGE ( 'NONE', *, *, #1664, .F. ) ;
#1745 = DIRECTION ( 'NONE',  ( 4.119085594246160228E-15, 0.000000000000000000, -1.000000000000000000 ) ) ;
#1746 = VECTOR ( 'NONE', #3388, 1000.000000000000000 ) ;
#1747 = DIRECTION ( 'NONE',  ( -0.000000000000000000, 1.000000000000000000, -0.000000000000000000 ) ) ;
#1748 = LINE ( 'NONE', #8014, #3465 ) ;
#1749 = VECTOR ( 'NONE', #1572, 1000.000000000000000 ) ;
#1750 = EDGE_LOOP ( 'NONE', ( #13616, #10800, #11767, #7968 ) ) ;
#1751 = DIRECTION ( 'NONE',  ( -4.707526393424183343E-15, 0.000000000000000000, -1.000000000000000000 ) ) ;
#1752 = VECTOR ( 'NONE', #10154, 1000.000000000000000 ) ;
#1753 = ORIENTED_EDGE ( 'NONE', *, *, #3519, .T. ) ;
#1754 = CARTESIAN_POINT ( 'NONE',  ( -0.000000000000000000, 0.1125000000000000028, -9.875000000000000000 ) ) ;
#1755 = VERTEX_POINT ( 'NONE', #10941 ) ;
#1756 = VECTOR ( 'NONE', #10760, 1000.000000000000000 ) ;
#1757 = VECTOR ( 'NONE', #4219, 1000.000000000000000 ) ;
#1758 = CARTESIAN_POINT ( 'NONE',  ( -2.150000000000001688, 0.2530000000000000027, -9.799999999999998934 ) ) ;
#1759 = EDGE_CURVE ( 'NONE', #3719, #8240, #6682, .T. ) ;
#1760 = EDGE_CURVE ( 'NONE', #9335, #7419, #8881, .T. ) ;
#1761 = EDGE_CURVE ( 'NONE', #6704, #8295, #5720, .T. ) ;
#1762 = DIRECTION ( 'NONE',  ( -0.7071067811865584529, 0.000000000000000000, -0.7071067811865365815 ) ) ;
#1763 = ORIENTED_EDGE ( 'NONE', *, *, #8544, .F. ) ;
#1764 = DIRECTION ( 'NONE',  ( -0.000000000000000000, -0.000000000000000000, -1.000000000000000000 ) ) ;
#1765 = PLANE ( 'NONE',  #1938 ) ;
#1766 = DIRECTION ( 'NONE',  ( -0.000000000000000000, 1.000000000000000000, -0.000000000000000000 ) ) ;
#1767 = SURFACE_STYLE_FILL_AREA ( #5831 ) ;
#1768 = EDGE_LOOP ( 'NONE', ( #7345, #11911, #5639, #8017 ) ) ;
#1769 = VECTOR ( 'NONE', #9510, 1000.000000000000000 ) ;
#1770 = STYLED_ITEM ( 'NONE', ( #3902 ), #9768 ) ;
#1771 = ORIENTED_EDGE ( 'NONE', *, *, #1721, .T. ) ;
#1772 = CARTESIAN_POINT ( 'NONE',  ( 1.350000000000000089, 0.06250000000000000000, -9.125000000000000000 ) ) ;
#1773 = CARTESIAN_POINT ( 'NONE',  ( 0.000000000000000000, 0.06250000000000000000, 0.000000000000000000 ) ) ;
#1774 = ORIENTED_EDGE ( 'NONE', *, *, #5083, .F. ) ;
#1775 = EDGE_LOOP ( 'NONE', ( #11562, #1364, #3079, #9595 ) ) ;
#1776 = EDGE_CURVE ( 'NONE', #5929, #11413, #2599, .T. ) ;
#1777 = CARTESIAN_POINT ( 'NONE',  ( 4.422499999999998543, 0.06250000000000000000, -4.422499999999850218 ) ) ;
#1778 = PRESENTATION_LAYER_ASSIGNMENT (  '', '', ( #17 ) ) ;
#1779 = DIRECTION ( 'NONE',  ( 1.000000000000000000, 0.000000000000000000, 0.000000000000000000 ) ) ;
#1780 = EDGE_CURVE ( 'NONE', #5832, #4715, #1580, .T. ) ;
#1781 = DIRECTION ( 'NONE',  ( 0.000000000000000000, -1.000000000000000000, 0.000000000000000000 ) ) ;
#1782 =( LENGTH_UNIT ( ) NAMED_UNIT ( * ) SI_UNIT ( .MILLI., .METRE. ) );
#1783 = PLANE ( 'NONE',  #7397 ) ;
#1784 = DIRECTION ( 'NONE',  ( 0.000000000000000000, 1.000000000000000000, 0.000000000000000000 ) ) ;
#1785 = ORIENTED_EDGE ( 'NONE', *, *, #2147, .T. ) ;
#1786 = CARTESIAN_POINT ( 'NONE',  ( 0.8499999999999995337, 0.4780000000000000360, 3.174999999999999822 ) ) ;
#1787 = ORIENTED_EDGE ( 'NONE', *, *, #3083, .F. ) ;
#1788 = DIRECTION ( 'NONE',  ( 0.000000000000000000, 0.000000000000000000, -1.000000000000000000 ) ) ;
#1789 = VECTOR ( 'NONE', #1699, 1000.000000000000000 ) ;
#1790 = LINE ( 'NONE', #2942, #905 ) ;
#1791 = VECTOR ( 'NONE', #12537, 1000.000000000000000 ) ;
#1792 = ORIENTED_EDGE ( 'NONE', *, *, #8815, .T. ) ;
#1793 = ORIENTED_EDGE ( 'NONE', *, *, #10183, .F. ) ;
#1794 = DIRECTION ( 'NONE',  ( -0.000000000000000000, 1.000000000000000000, -0.000000000000000000 ) ) ;
#1795 = DIRECTION ( 'NONE',  ( 0.000000000000000000, 0.000000000000000000, -1.000000000000000000 ) ) ;
#1796 = VECTOR ( 'NONE', #9484, 1000.000000000000000 ) ;
#1797 = CARTESIAN_POINT ( 'NONE',  ( 2.350000000000000089, 0.4780000000000000360, -9.074999999999999289 ) ) ;
#1798 = VECTOR ( 'NONE', #1582, 1000.000000000000000 ) ;
#1799 = CARTESIAN_POINT ( 'NONE',  ( 1.620000000000002993, 0.06250000000000000000, -9.025000000000000355 ) ) ;
#1800 = UNCERTAINTY_MEASURE_WITH_UNIT (LENGTH_MEASURE( 1.000000000000000082E-05 ), #10624, 'distance_accuracy_value', 'NONE');
#1801 = VERTEX_POINT ( 'NONE', #5018 ) ;
#1802 = VERTEX_POINT ( 'NONE', #7011 ) ;
#1803 =( NAMED_UNIT ( * ) PLANE_ANGLE_UNIT ( ) SI_UNIT ( $, .RADIAN. ) );
#1804 = CARTESIAN_POINT ( 'NONE',  ( -2.350000000000000977, 0.2530000000000000027, -9.074999999999999289 ) ) ;
#1805 = CARTESIAN_POINT ( 'NONE',  ( 1.585000000000001297, 0.06250000000000000000, 4.663393333485835159E-16 ) ) ;
#1806 = DIRECTION ( 'NONE',  ( -0.000000000000000000, 0.000000000000000000, -1.000000000000000000 ) ) ;
#1807 = VERTEX_POINT ( 'NONE', #12393 ) ;
#1808 = AXIS2_PLACEMENT_3D ( 'NONE', #12438, #3889, #6101 ) ;
#1809 = CARTESIAN_POINT ( 'NONE',  ( -0.4499999999999921285, 0.06250000000000000000, 4.878909776184686137E-16 ) ) ;
#1810 = CARTESIAN_POINT ( 'NONE',  ( -1.350000000000000311, 0.06250000000000000000, -9.724999999999996092 ) ) ;
#1811 = FACE_OUTER_BOUND ( 'NONE', #11630, .T. ) ;
#1812 = FACE_OUTER_BOUND ( 'NONE', #11553, .T. ) ;
#1813 =( GEOMETRIC_REPRESENTATION_CONTEXT ( 3 ) GLOBAL_UNCERTAINTY_ASSIGNED_CONTEXT ( ( #5936 ) ) GLOBAL_UNIT_ASSIGNED_CONTEXT ( ( #12432, #3959, #9392 ) ) REPRESENTATION_CONTEXT ( 'NONE', 'WORKASPACE' ) );
#1814 = PLANE ( 'NONE',  #13113 ) ;
#1815 = EDGE_LOOP ( 'NONE', ( #133, #12918, #4604, #8026 ) ) ;
#1816 = DIRECTION ( 'NONE',  ( -0.000000000000000000, -0.000000000000000000, 1.000000000000000000 ) ) ;
#1817 = AXIS2_PLACEMENT_3D ( 'NONE', #720, #6216, #12347 ) ;
#1818 = CARTESIAN_POINT ( 'NONE',  ( 2.574999999999998845, 0.2530000000000000027, -8.875000000000000000 ) ) ;
#1819 = CARTESIAN_POINT ( 'NONE',  ( -1.414999999999999591, 0.06250000000000000000, -8.389999999999998792 ) ) ;
#1820 =( LENGTH_UNIT ( ) NAMED_UNIT ( * ) SI_UNIT ( .MILLI., .METRE. ) );
#1821 = CARTESIAN_POINT ( 'NONE',  ( 2.199999999999999734, 0.2530000000000000027, 10.00000000000000000 ) ) ;
#1822 = VERTEX_POINT ( 'NONE', #4955 ) ;
#1823 = EDGE_CURVE ( 'NONE', #7412, #9817, #690, .T. ) ;
#1824 = ADVANCED_FACE ( 'NONE', ( #956 ), #12240, .F. ) ;
#1825 = CARTESIAN_POINT ( 'NONE',  ( -2.200000000000000622, 0.2530000000000000027, 10.00000000000000000 ) ) ;
#1826 = EDGE_LOOP ( 'NONE', ( #2937, #6348, #11499, #13360, #13461, #4760 ) ) ;
#1827 = AXIS2_PLACEMENT_3D ( 'NONE', #11518, #1943, #10492 ) ;
#1828 = EDGE_CURVE ( 'NONE', #2910, #8644, #821, .T. ) ;
#1829 = VECTOR ( 'NONE', #11107, 1000.000000000000000 ) ;
#1830 = CARTESIAN_POINT ( 'NONE',  ( -0.8019999999999980478, 1.089999999999999414, 9.054631419979587648 ) ) ;
#1831 = DIRECTION ( 'NONE',  ( 5.884407991780216359E-16, 0.000000000000000000, -1.000000000000000000 ) ) ;
#1832 = ORIENTED_EDGE ( 'NONE', *, *, #1828, .F. ) ;
#1833 = CARTESIAN_POINT ( 'NONE',  ( 1.900000000000000577, 0.06250000000000000000, 0.000000000000000000 ) ) ;
#1834 = CARTESIAN_POINT ( 'NONE',  ( 1.390000000000000346, 1.119999999999999885, 6.299999999999999822 ) ) ;
#1835 = DIRECTION ( 'NONE',  ( -0.000000000000000000, -1.000000000000000000, -0.000000000000000000 ) ) ;
#1836 = CARTESIAN_POINT ( 'NONE',  ( 2.199999999999999734, -0.2250000000000000056, 0.3499999999999987566 ) ) ;
#1837 = MECHANICAL_DESIGN_GEOMETRIC_PRESENTATION_REPRESENTATION (  '', ( #75 ), #5142 ) ;
#1838 = VERTEX_POINT ( 'NONE', #2939 ) ;
#1839 = VERTEX_POINT ( 'NONE', #12451 ) ;
#1840 = ADVANCED_FACE ( 'NONE', ( #1712 ), #13419, .T. ) ;
#1841 = LINE ( 'NONE', #8028, #9718 ) ;
#1842 = EDGE_CURVE ( 'NONE', #3192, #7418, #7143, .T. ) ;
#1843 = DIRECTION ( 'NONE',  ( -1.000000000000000000, -0.000000000000000000, -0.000000000000000000 ) ) ;
#1844 = VERTEX_POINT ( 'NONE', #7206 ) ;
#1845 = ADVANCED_FACE ( 'NONE', ( #9151 ), #4050, .F. ) ;
#1846 = DIRECTION ( 'NONE',  ( -2.168404344971009262E-15, 0.000000000000000000, 1.000000000000000000 ) ) ;
#1847 = CARTESIAN_POINT ( 'NONE',  ( -1.707500000000000684, 0.06250000000000000000, -8.390000000000000568 ) ) ;
#1848 = DIRECTION ( 'NONE',  ( 1.000000000000000000, -0.000000000000000000, -0.000000000000000000 ) ) ;
#1849 = CARTESIAN_POINT ( 'NONE',  ( -1.380000000000000115, 0.06250000000000000000, -8.424999999999997158 ) ) ;
#1850 = DIRECTION ( 'NONE',  ( 1.000000000000000000, 0.000000000000000000, 2.647983596301103623E-15 ) ) ;
#1851 = ORIENTED_EDGE ( 'NONE', *, *, #2265, .T. ) ;
#1852 = VERTEX_POINT ( 'NONE', #8250 ) ;
#1853 = FACE_OUTER_BOUND ( 'NONE', #13480, .T. ) ;
#1854 = ORIENTED_EDGE ( 'NONE', *, *, #138, .T. ) ;
#1855 = DIRECTION ( 'NONE',  ( 1.084202172485504631E-15, 0.000000000000000000, 1.000000000000000000 ) ) ;
#1856 = EDGE_CURVE ( 'NONE', #3698, #5201, #8190, .T. ) ;
#1857 = CARTESIAN_POINT ( 'NONE',  ( -0.5019999999999983364, 2.979999999999999982, 7.799999999999999822 ) ) ;
#1858 = EDGE_CURVE ( 'NONE', #6366, #10595, #3978, .T. ) ;
#1859 = ORIENTED_EDGE ( 'NONE', *, *, #7499, .F. ) ;
#1860 = EDGE_CURVE ( 'NONE', #6728, #5347, #1913, .T. ) ;
#1861 = ORIENTED_EDGE ( 'NONE', *, *, #1142, .T. ) ;
#1862 = DIRECTION ( 'NONE',  ( 0.7071067811865356934, 0.000000000000000000, -0.7071067811865593411 ) ) ;
#1863 = DIRECTION ( 'NONE',  ( 0.000000000000000000, 0.000000000000000000, -1.000000000000000000 ) ) ;
#1864 = LINE ( 'NONE', #9232, #11843 ) ;
#1865 = ORIENTED_EDGE ( 'NONE', *, *, #2740, .T. ) ;
#1866 = ORIENTED_EDGE ( 'NONE', *, *, #97, .T. ) ;
#1867 = CARTESIAN_POINT ( 'NONE',  ( -4.537499999999987210, 0.06250000000000000000, -4.537500000000126654 ) ) ;
#1868 = DIRECTION ( 'NONE',  ( 0.000000000000000000, 1.000000000000000000, 0.000000000000000000 ) ) ;
#1869 = FACE_OUTER_BOUND ( 'NONE', #10566, .T. ) ;
#1870 = CARTESIAN_POINT ( 'NONE',  ( 0.000000000000000000, 0.2530000000000000027, -6.460000000000000853 ) ) ;
#1871 = EDGE_CURVE ( 'NONE', #5847, #4386, #10129, .T. ) ;
#1872 = DIRECTION ( 'NONE',  ( 1.000000000000000000, 0.000000000000000000, -1.084202172485504631E-15 ) ) ;
#1873 = CARTESIAN_POINT ( 'NONE',  ( 0.5500000000000035971, 0.06250000000000000000, -8.424999999999997158 ) ) ;
#1874 = CARTESIAN_POINT ( 'NONE',  ( -1.380000000000000115, 0.06250000000000000000, -9.025000000000000355 ) ) ;
#1875 = FACE_OUTER_BOUND ( 'NONE', #787, .T. ) ;
#1876 = CARTESIAN_POINT ( 'NONE',  ( -1.867500000000000826, 0.06250000000000000000, -9.875000000000000000 ) ) ;
#1877 = ORIENTED_EDGE ( 'NONE', *, *, #9237, .F. ) ;
#1878 = CARTESIAN_POINT ( 'NONE',  ( -0.2249999999999995060, 0.06250000000000000000, -9.875000000000000000 ) ) ;
#1879 = DIRECTION ( 'NONE',  ( -5.421010862427520198E-16, 0.000000000000000000, 1.000000000000000000 ) ) ;
#1880 = CARTESIAN_POINT ( 'NONE',  ( 0.9750000000000016431, 0.06250000000000000000, -9.070000000000003837 ) ) ;
#1881 = CARTESIAN_POINT ( 'NONE',  ( 1.749999999999999778, 0.000000000000000000, -0.7429999999999999938 ) ) ;
#1882 = EDGE_LOOP ( 'NONE', ( #9917, #1554, #1596, #10598 ) ) ;
#1883 = DIRECTION ( 'NONE',  ( -0.000000000000000000, 1.000000000000000000, -0.000000000000000000 ) ) ;
#1884 = VERTEX_POINT ( 'NONE', #11417 ) ;
#1885 = ORIENTED_EDGE ( 'NONE', *, *, #13272, .F. ) ;
#1886 = DIRECTION ( 'NONE',  ( 0.000000000000000000, 0.000000000000000000, -1.000000000000000000 ) ) ;
#1887 = EDGE_CURVE ( 'NONE', #11311, #4988, #1980, .T. ) ;
#1888 = CARTESIAN_POINT ( 'NONE',  ( 0.000000000000000000, 0.06250000000000000000, -4.753000000000000114 ) ) ;
#1889 = VERTEX_POINT ( 'NONE', #7085 ) ;
#1890 = DIRECTION ( 'NONE',  ( 0.000000000000000000, 0.000000000000000000, 1.000000000000000000 ) ) ;
#1891 = DIRECTION ( 'NONE',  ( 0.000000000000000000, 0.000000000000000000, -1.000000000000000000 ) ) ;
#1892 = DIRECTION ( 'NONE',  ( -0.000000000000000000, 1.000000000000000000, -0.000000000000000000 ) ) ;
#1893 = CARTESIAN_POINT ( 'NONE',  ( -0.2149999999999980815, 0.1125000000000000028, -7.653000000000000469 ) ) ;
#1894 = EDGE_LOOP ( 'NONE', ( #9701, #12761, #3822, #12161 ) ) ;
#1895 = VERTEX_POINT ( 'NONE', #3834 ) ;
#1896 = CARTESIAN_POINT ( 'NONE',  ( 0.000000000000000000, 0.06250000000000000000, -4.753000000000000114 ) ) ;
#1897 = VECTOR ( 'NONE', #10773, 1000.000000000000000 ) ;
#1898 = DIRECTION ( 'NONE',  ( -0.000000000000000000, 1.000000000000000000, -0.000000000000000000 ) ) ;
#1899 = VERTEX_POINT ( 'NONE', #891 ) ;
#1900 = COLOUR_RGB ( '',1.000000000000000000, 0.8117647058823529438, 0.5019607843137254832 ) ;
#1901 = DIRECTION ( 'NONE',  ( 1.000000000000000000, 0.000000000000000000, 2.168404344971009262E-15 ) ) ;
#1902 = DIRECTION ( 'NONE',  ( -1.000000000000000000, -0.000000000000000000, -0.000000000000000000 ) ) ;
#1903 = ADVANCED_FACE ( 'NONE', ( #11219, #3903, #762 ), #6188, .F. ) ;
#1904 = VECTOR ( 'NONE', #3489, 1000.000000000000000 ) ;
#1905 = ADVANCED_FACE ( 'NONE', ( #1853 ), #10401, .T. ) ;
#1906 = LINE ( 'NONE', #4045, #5029 ) ;
#1907 = LINE ( 'NONE', #10395, #12170 ) ;
#1908 = CARTESIAN_POINT ( 'NONE',  ( 1.415000000000001812, 0.06250000000000000000, -8.389999999999998792 ) ) ;
#1909 = ADVANCED_FACE ( 'NONE', ( #9618 ), #2308, .F. ) ;
#1910 = LINE ( 'NONE', #3831, #4659 ) ;
#1911 = ORIENTED_EDGE ( 'NONE', *, *, #2096, .F. ) ;
#1912 =( LENGTH_UNIT ( ) NAMED_UNIT ( * ) SI_UNIT ( .MILLI., .METRE. ) );
#1913 = LINE ( 'NONE', #13493, #12514 ) ;
#1914 = AXIS2_PLACEMENT_3D ( 'NONE', #7780, #6752, #13087 ) ;
#1915 = ORIENTED_EDGE ( 'NONE', *, *, #3087, .F. ) ;
#1916 = CARTESIAN_POINT ( 'NONE',  ( -1.250000000000000000, 0.06250000000000000000, 0.000000000000000000 ) ) ;
#1917 = PLANE ( 'NONE',  #7040 ) ;
#1918 = EDGE_LOOP ( 'NONE', ( #5144, #11013, #4866, #2358 ) ) ;
#1919 = VERTEX_POINT ( 'NONE', #4390 ) ;
#1920 = LINE ( 'NONE', #10334, #2169 ) ;
#1921 = DIRECTION ( 'NONE',  ( 0.000000000000000000, 0.000000000000000000, -1.000000000000000000 ) ) ;
#1922 = EDGE_CURVE ( 'NONE', #161, #3719, #7561, .T. ) ;
#1923 = CARTESIAN_POINT ( 'NONE',  ( -0.5019999999999983364, 1.089999999999999414, 6.609999999999999432 ) ) ;
#1924 = UNCERTAINTY_MEASURE_WITH_UNIT (LENGTH_MEASURE( 1.000000000000000082E-05 ), #11438, 'distance_accuracy_value', 'NONE');
#1925 = ADVANCED_FACE ( 'NONE', ( #3143 ), #13049, .F. ) ;
#1926 = VERTEX_POINT ( 'NONE', #12794 ) ;
#1927 = VERTEX_POINT ( 'NONE', #12654 ) ;
#1928 = FACE_OUTER_BOUND ( 'NONE', #6321, .T. ) ;
#1929 = LINE ( 'NONE', #10345, #3476 ) ;
#1930 = LINE ( 'NONE', #5036, #13226 ) ;
#1931 = CARTESIAN_POINT ( 'NONE',  ( 5.383749999999922764, 0.06250000000000000000, -5.383750000000421920 ) ) ;
#1932 = VECTOR ( 'NONE', #3528, 1000.000000000000000 ) ;
#1933 = CARTESIAN_POINT ( 'NONE',  ( -2.575000000000001066, 0.2530000000000000027, -8.699999999999999289 ) ) ;
#1934 = DIRECTION ( 'NONE',  ( 0.000000000000000000, 0.000000000000000000, 1.000000000000000000 ) ) ;
#1935 = CARTESIAN_POINT ( 'NONE',  ( -2.200000000000000622, 0.2530000000000000027, -6.460000000000002629 ) ) ;
#1936 = EDGE_CURVE ( 'NONE', #12611, #3383, #10719, .T. ) ;
#1937 = CARTESIAN_POINT ( 'NONE',  ( -0.5019999999999983364, 1.089999999999999414, 6.609999999999999432 ) ) ;
#1938 = AXIS2_PLACEMENT_3D ( 'NONE', #801, #7065, #10176 ) ;
#1939 = ADVANCED_FACE ( 'NONE', ( #2049 ), #11486, .F. ) ;
#1940 = DIRECTION ( 'NONE',  ( -0.7071067811865584529, 0.000000000000000000, -0.7071067811865365815 ) ) ;
#1941 = ORIENTED_EDGE ( 'NONE', *, *, #3371, .F. ) ;
#1942 = CARTESIAN_POINT ( 'NONE',  ( 0.000000000000000000, 0.06250000000000000000, -4.753000000000000114 ) ) ;
#1943 = DIRECTION ( 'NONE',  ( -0.000000000000000000, 0.000000000000000000, 1.000000000000000000 ) ) ;
#1944 = LINE ( 'NONE', #8151, #10772 ) ;
#1945 = SURFACE_SIDE_STYLE ('',( #10365 ) ) ;
#1946 = VECTOR ( 'NONE', #6901, 1000.000000000000000 ) ;
#1947 = CARTESIAN_POINT ( 'NONE',  ( -0.4500000000000001221, 0.06250000000000000000, -3.402999999999999581 ) ) ;
#1948 = VECTOR ( 'NONE', #4617, 1000.000000000000000 ) ;
#1949 = EDGE_LOOP ( 'NONE', ( #4201, #6283, #6100, #1861 ) ) ;
#1950 = AXIS2_PLACEMENT_3D ( 'NONE', #4482, #8681, #12883 ) ;
#1951 = VERTEX_POINT ( 'NONE', #6524 ) ;
#1952 = EDGE_LOOP ( 'NONE', ( #12324, #3891, #4140, #8618 ) ) ;
#1953 = CARTESIAN_POINT ( 'NONE',  ( -1.799999999999999600, 0.4780000000000000360, -4.798000000000000043 ) ) ;
#1954 = AXIS2_PLACEMENT_3D ( 'NONE', #10145, #8824, #13027 ) ;
#1955 = CIRCLE ( 'NONE', #7230, 1.289999999999999591 ) ;
#1956 = AXIS2_PLACEMENT_3D ( 'NONE', #2792, #11210, #1779 ) ;
#1957 = DIRECTION ( 'NONE',  ( 1.000000000000000000, 0.000000000000000000, 5.884407991780216359E-16 ) ) ;
#1958 = ORIENTED_EDGE ( 'NONE', *, *, #7993, .T. ) ;
#1959 = DIRECTION ( 'NONE',  ( 1.000000000000000000, 0.000000000000000000, 1.084202172485504631E-15 ) ) ;
#1960 = VECTOR ( 'NONE', #8348, 1000.000000000000000 ) ;
#1961 =( LENGTH_UNIT ( ) NAMED_UNIT ( * ) SI_UNIT ( .MILLI., .METRE. ) );
#1962 = LINE ( 'NONE', #5973, #4175 ) ;
#1963 = FACE_OUTER_BOUND ( 'NONE', #9390, .T. ) ;
#1964 = EDGE_LOOP ( 'NONE', ( #2659, #341, #2859, #7771 ) ) ;
#1965 = ORIENTED_EDGE ( 'NONE', *, *, #3963, .F. ) ;
#1966 = DIRECTION ( 'NONE',  ( 0.000000000000000000, 0.000000000000000000, -1.000000000000000000 ) ) ;
#1967 = VECTOR ( 'NONE', #10021, 1000.000000000000000 ) ;
#1968 = DIRECTION ( 'NONE',  ( -0.000000000000000000, 1.000000000000000000, -0.000000000000000000 ) ) ;
#1969 = AXIS2_PLACEMENT_3D ( 'NONE', #11783, #6756, #12196 ) ;
#1970 = EDGE_LOOP ( 'NONE', ( #4055, #7348, #5104, #5325 ) ) ;
#1971 = AXIS2_PLACEMENT_3D ( 'NONE', #6607, #4524, #7764 ) ;
#1972 = SURFACE_STYLE_USAGE ( .BOTH. , #2988 ) ;
#1973 = CARTESIAN_POINT ( 'NONE',  ( -1.350000000000000533, 0.4780000000000000360, 3.694999999999999840 ) ) ;
#1974 = CARTESIAN_POINT ( 'NONE',  ( 0.9049999999999993605, 0.4780000000000000360, 2.674999999999999822 ) ) ;
#1975 = VECTOR ( 'NONE', #11459, 1000.000000000000000 ) ;
#1976 = STYLED_ITEM ( 'NONE', ( #3223 ), #9626 ) ;
#1977 = DIRECTION ( 'NONE',  ( 0.000000000000000000, -1.000000000000000000, 0.000000000000000000 ) ) ;
#1978 = DIRECTION ( 'NONE',  ( 0.000000000000000000, 0.000000000000000000, -1.000000000000000000 ) ) ;
#1979 = ORIENTED_EDGE ( 'NONE', *, *, #844, .F. ) ;
#1980 = LINE ( 'NONE', #10322, #7229 ) ;
#1981 = EDGE_LOOP ( 'NONE', ( #2456, #3690, #7323, #6708 ) ) ;
#1982 = CARTESIAN_POINT ( 'NONE',  ( -3.702500000000012559, 0.1125000000000000028, -3.702500000000127134 ) ) ;
#1983 = PLANE ( 'NONE',  #8156 ) ;
#1984 = ORIENTED_EDGE ( 'NONE', *, *, #10269, .T. ) ;
#1985 = ADVANCED_FACE ( 'NONE', ( #10597 ), #1285, .F. ) ;
#1986 = EDGE_CURVE ( 'NONE', #893, #4588, #9695, .T. ) ;
#1987 = AXIS2_PLACEMENT_3D ( 'NONE', #7228, #9305, #9438 ) ;
#1988 = ORIENTED_EDGE ( 'NONE', *, *, #8828, .F. ) ;
#1989 = EDGE_CURVE ( 'NONE', #7896, #8785, #2179, .T. ) ;
#1990 = CARTESIAN_POINT ( 'NONE',  ( -1.750000000000000444, 0.1125000000000000028, -3.402999999999999581 ) ) ;
#1991 = DIRECTION ( 'NONE',  ( 0.000000000000000000, 1.000000000000000000, 0.000000000000000000 ) ) ;
#1992 = DIRECTION ( 'NONE',  ( -0.000000000000000000, 1.000000000000000000, -0.000000000000000000 ) ) ;
#1993 = DIRECTION ( 'NONE',  ( -0.000000000000000000, 1.000000000000000000, -0.000000000000000000 ) ) ;
#1994 = VERTEX_POINT ( 'NONE', #11547 ) ;
#1995 = ORIENTED_EDGE ( 'NONE', *, *, #11011, .F. ) ;
#1996 = FACE_OUTER_BOUND ( 'NONE', #9846, .T. ) ;
#1997 = VECTOR ( 'NONE', #7247, 1000.000000000000000 ) ;
#1998 = FACE_OUTER_BOUND ( 'NONE', #11061, .T. ) ;
#1999 = ORIENTED_EDGE ( 'NONE', *, *, #279, .T. ) ;
#2000 = DIRECTION ( 'NONE',  ( -0.000000000000000000, -1.000000000000000000, -0.000000000000000000 ) ) ;
#2001 = DIRECTION ( 'NONE',  ( 1.000000000000000000, 0.000000000000000000, -0.000000000000000000 ) ) ;
#2002 = EDGE_CURVE ( 'NONE', #7189, #10931, #5218, .T. ) ;
#2003 = EDGE_CURVE ( 'NONE', #10927, #1994, #5431, .T. ) ;
#2004 = EDGE_CURVE ( 'NONE', #4261, #13108, #6316, .T. ) ;
#2005 = EDGE_CURVE ( 'NONE', #12993, #11492, #3723, .T. ) ;
#2006 = AXIS2_PLACEMENT_3D ( 'NONE', #10998, #4518, #331 ) ;
#2007 = VECTOR ( 'NONE', #10943, 1000.000000000000000 ) ;
#2008 = CARTESIAN_POINT ( 'NONE',  ( -1.867500000000000826, 0.06250000000000000000, 0.000000000000000000 ) ) ;
#2009 = CARTESIAN_POINT ( 'NONE',  ( -0.2249999999999992839, 0.1125000000000000028, -9.070000000000003837 ) ) ;
#2010 = LINE ( 'NONE', #3863, #3494 ) ;
#2011 = DIRECTION ( 'NONE',  ( 0.7071067811865513475, 0.000000000000000000, -0.7071067811865437980 ) ) ;
#2012 = CARTESIAN_POINT ( 'NONE',  ( 0.2149999999999986089, 0.1125000000000000028, -8.389999999999998792 ) ) ;
#2013 = ORIENTED_EDGE ( 'NONE', *, *, #9908, .T. ) ;
#2014 = DIRECTION ( 'NONE',  ( 1.000000000000000000, 0.000000000000000000, 0.000000000000000000 ) ) ;
#2015 = PLANE ( 'NONE',  #2912 ) ;
#2016 = CARTESIAN_POINT ( 'NONE',  ( -5.087499999999995914, 0.1125000000000000028, -5.087500000000028777 ) ) ;
#2017 = VECTOR ( 'NONE', #10104, 1000.000000000000000 ) ;
#2018 = CARTESIAN_POINT ( 'NONE',  ( 0.6849999999999984990, 0.06250000000000000000, -8.389999999999998792 ) ) ;
#2019 = CARTESIAN_POINT ( 'NONE',  ( 2.199999999999999734, 0.2530000000000000027, -6.850000000000000533 ) ) ;
#2020 = CIRCLE ( 'NONE', #7952, 0.2000000000000005107 ) ;
#2021 = ORIENTED_EDGE ( 'NONE', *, *, #666, .T. ) ;
#2022 = ADVANCED_FACE ( 'NONE', ( #8456 ), #3208, .F. ) ;
#2023 = EDGE_CURVE ( 'NONE', #6542, #8295, #1153, .T. ) ;
#2024 = ORIENTED_EDGE ( 'NONE', *, *, #7544, .F. ) ;
#2025 = EDGE_LOOP ( 'NONE', ( #9, #3794, #3394, #12035 ) ) ;
#2026 = ADVANCED_FACE ( 'NONE', ( #120 ), #8521, .T. ) ;
#2027 = LINE ( 'NONE', #6167, #1152 ) ;
#2028 = DIRECTION ( 'NONE',  ( 1.000000000000000000, 0.000000000000000000, 0.000000000000000000 ) ) ;
#2029 = VERTEX_POINT ( 'NONE', #1218 ) ;
#2030 = DIRECTION ( 'NONE',  ( -1.084202172485504631E-15, 0.000000000000000000, 1.000000000000000000 ) ) ;
#2031 = DIRECTION ( 'NONE',  ( -2.942203995890114589E-16, 0.000000000000000000, -1.000000000000000000 ) ) ;
#2032 = CARTESIAN_POINT ( 'NONE',  ( 0.2149999999999986089, 0.06250000000000000000, -8.389999999999998792 ) ) ;
#2033 = ORIENTED_EDGE ( 'NONE', *, *, #9691, .T. ) ;
#2034 = EDGE_LOOP ( 'NONE', ( #1115, #8791, #1462, #2871 ) ) ;
#2035 = PRESENTATION_LAYER_ASSIGNMENT (  '', '', ( #3789 ) ) ;
#2036 = CARTESIAN_POINT ( 'NONE',  ( -0.8500000000000003109, 0.06250000000000000000, -3.752999999999999226 ) ) ;
#2037 = VECTOR ( 'NONE', #462, 1000.000000000000000 ) ;
#2038 = CARTESIAN_POINT ( 'NONE',  ( 2.575000000000000178, 0.2530000000000000027, -8.500000000000000000 ) ) ;
#2039 = VECTOR ( 'NONE', #5811, 1000.000000000000000 ) ;
#2040 = ORIENTED_EDGE ( 'NONE', *, *, #12489, .F. ) ;
#2041 = EDGE_CURVE ( 'NONE', #9272, #6846, #9124, .T. ) ;
#2042 = DIRECTION ( 'NONE',  ( 0.000000000000000000, 1.000000000000000000, 0.000000000000000000 ) ) ;
#2043 = DIRECTION ( 'NONE',  ( -1.000000000000000000, 0.000000000000000000, 0.000000000000000000 ) ) ;
#2044 = DIRECTION ( 'NONE',  ( 1.000000000000000000, 0.000000000000000000, 2.168404344971009262E-15 ) ) ;
#2045 = CYLINDRICAL_SURFACE ( 'NONE', #5359, 0.4000000000000001887 ) ;
#2046 = LINE ( 'NONE', #3899, #5204 ) ;
#2047 = CARTESIAN_POINT ( 'NONE',  ( 1.250000000000000222, 0.06250000000000000000, 0.000000000000000000 ) ) ;
#2048 = ORIENTED_EDGE ( 'NONE', *, *, #1238, .T. ) ;
#2049 = FACE_OUTER_BOUND ( 'NONE', #4404, .T. ) ;
#2050 = ORIENTED_EDGE ( 'NONE', *, *, #8927, .T. ) ;
#2051 = CARTESIAN_POINT ( 'NONE',  ( -3.689539992968170800E-15, 0.06250000000000000000, -3.402999999999998693 ) ) ;
#2052 = PLANE ( 'NONE',  #12333 ) ;
#2053 = VERTEX_POINT ( 'NONE', #7051 ) ;
#2054 = VERTEX_POINT ( 'NONE', #2771 ) ;
#2055 =( GEOMETRIC_REPRESENTATION_CONTEXT ( 3 ) GLOBAL_UNCERTAINTY_ASSIGNED_CONTEXT ( ( #3848 ) ) GLOBAL_UNIT_ASSIGNED_CONTEXT ( ( #9271, #942, #4034 ) ) REPRESENTATION_CONTEXT ( 'NONE', 'WORKASPACE' ) );
#2056 = ORIENTED_EDGE ( 'NONE', *, *, #2581, .T. ) ;
#2057 = DIRECTION ( 'NONE',  ( -0.000000000000000000, 1.000000000000000000, -0.000000000000000000 ) ) ;
#2058 = DIRECTION ( 'NONE',  ( -0.000000000000000000, 1.000000000000000000, -0.000000000000000000 ) ) ;
#2059 = LINE ( 'NONE', #3088, #6304 ) ;
#2060 = UNCERTAINTY_MEASURE_WITH_UNIT (LENGTH_MEASURE( 1.000000000000000082E-05 ), #13138, 'distance_accuracy_value', 'NONE');
#2061 = ADVANCED_FACE ( 'NONE', ( #4776 ), #6917, .T. ) ;
#2062 = VERTEX_POINT ( 'NONE', #13179 ) ;
#2063 = ORIENTED_EDGE ( 'NONE', *, *, #328, .T. ) ;
#2064 = DIRECTION ( 'NONE',  ( 0.000000000000000000, 1.000000000000000000, -0.000000000000000000 ) ) ;
#2065 = LINE ( 'NONE', #10215, #13606 ) ;
#2067 = ORIENTED_EDGE ( 'NONE', *, *, #11238, .F. ) ;
#2066 = EDGE_CURVE ( 'NONE', #7169, #657, #10229, .T. ) ;
#2068 = CARTESIAN_POINT ( 'NONE',  ( 2.350000000000000089, 0.2530000000000000027, -9.074999999999999289 ) ) ;
#2069 = FACE_OUTER_BOUND ( 'NONE', #9123, .T. ) ;
#2070 = ORIENTED_EDGE ( 'NONE', *, *, #4931, .F. ) ;
#2071 = CARTESIAN_POINT ( 'NONE',  ( -1.049999999999999600, 0.1125000000000000028, -0.000000000000000000 ) ) ;
#2072 = CARTESIAN_POINT ( 'NONE',  ( -0.6000000000000000888, 0.06250000000000000000, 0.000000000000000000 ) ) ;
#2073 = DIRECTION ( 'NONE',  ( -0.000000000000000000, -1.000000000000000000, -0.000000000000000000 ) ) ;
#2074 = CARTESIAN_POINT ( 'NONE',  ( -1.250000000000000222, 0.1125000000000000028, -3.753000000000000114 ) ) ;
#2075 = ADVANCED_FACE ( 'NONE', ( #9957 ), #6773, .T. ) ;
#2076 = EDGE_CURVE ( 'NONE', #4490, #9836, #3739, .T. ) ;
#2077 = FACE_OUTER_BOUND ( 'NONE', #2378, .T. ) ;
#2078 = ORIENTED_EDGE ( 'NONE', *, *, #8416, .T. ) ;
#2079 = CARTESIAN_POINT ( 'NONE',  ( 1.250000000000000222, 0.06250000000000000000, -3.403000000000000025 ) ) ;
#2080 = CARTESIAN_POINT ( 'NONE',  ( 2.350000000000000089, 0.4780000000000000360, -8.875000000000000000 ) ) ;
#2081 = DIRECTION ( 'NONE',  ( 1.000000000000000000, 0.000000000000000000, -2.647983596301103623E-15 ) ) ;
#2082 = EDGE_CURVE ( 'NONE', #3652, #5089, #1681, .T. ) ;
#2083 = PLANE ( 'NONE',  #6838 ) ;
#2084 = CARTESIAN_POINT ( 'NONE',  ( -0.8019999999999982698, 2.080000000000000071, 9.150000000000000355 ) ) ;
#2085 = ORIENTED_EDGE ( 'NONE', *, *, #81, .F. ) ;
#2086 = ORIENTED_EDGE ( 'NONE', *, *, #8477, .T. ) ;
#2087 = VERTEX_POINT ( 'NONE', #8078 ) ;
#2088 = CARTESIAN_POINT ( 'NONE',  ( 2.199999999999999734, 0.2530000000000000027, 10.00000000000000000 ) ) ;
#2089 = EDGE_CURVE ( 'NONE', #13325, #9214, #11250, .T. ) ;
#2090 = CARTESIAN_POINT ( 'NONE',  ( 0.6000000000000000888, 0.06250000000000000000, -2.403000000000000025 ) ) ;
#2091 = ORIENTED_EDGE ( 'NONE', *, *, #2172, .F. ) ;
#2092 = ADVANCED_FACE ( 'NONE', ( #5819 ), #6847, .F. ) ;
#2093 = DIRECTION ( 'NONE',  ( 0.7071067811865147101, 0.000000000000000000, -0.7071067811865804353 ) ) ;
#2094 = CARTESIAN_POINT ( 'NONE',  ( -1.125000000000028644, 0.1125000000000000028, -3.252606517456577594E-15 ) ) ;
#2095 = DIRECTION ( 'NONE',  ( 1.000000000000000000, 0.000000000000000000, 0.000000000000000000 ) ) ;
#2096 = EDGE_CURVE ( 'NONE', #336, #3776, #730, .T. ) ;
#2097 = DIRECTION ( 'NONE',  ( -0.000000000000000000, 1.000000000000000000, -0.000000000000000000 ) ) ;
#2098 = ORIENTED_EDGE ( 'NONE', *, *, #6381, .F. ) ;
#2099 = ORIENTED_EDGE ( 'NONE', *, *, #7866, .T. ) ;
#2100 = PLANE ( 'NONE',  #3779 ) ;
#2101 = CARTESIAN_POINT ( 'NONE',  ( -0.2000000000000000944, 0.06250000000000000000, -3.752999999999999226 ) ) ;
#2102 = EDGE_LOOP ( 'NONE', ( #11928, #9729, #12819, #1357, #7967, #2628, #8963, #3769, #5082, #13238, #9262, #12565, #1696, #7327, #12719, #4191 ) ) ;
#2103 = DIRECTION ( 'NONE',  ( 0.000000000000000000, -0.000000000000000000, 1.000000000000000000 ) ) ;
#2104 = DIRECTION ( 'NONE',  ( 6.862039066363945233E-17, 1.000000000000000000, -0.000000000000000000 ) ) ;
#2105 = LINE ( 'NONE', #7402, #2152 ) ;
#2106 = SURFACE_STYLE_FILL_AREA ( #114 ) ;
#2107 = DIRECTION ( 'NONE',  ( 0.000000000000000000, 0.000000000000000000, 1.000000000000000000 ) ) ;
#2108 = EDGE_CURVE ( 'NONE', #11752, #60, #3602, .T. ) ;
#2109 = DIRECTION ( 'NONE',  ( 0.000000000000000000, 0.000000000000000000, -1.000000000000000000 ) ) ;
#2110 = VECTOR ( 'NONE', #7937, 1000.000000000000000 ) ;
#2111 = ORIENTED_EDGE ( 'NONE', *, *, #3600, .F. ) ;
#2112 = SURFACE_SIDE_STYLE ('',( #7274 ) ) ;
#2113 = DIRECTION ( 'NONE',  ( -0.7071067811865584529, 0.000000000000000000, -0.7071067811865365815 ) ) ;
#2114 = ORIENTED_EDGE ( 'NONE', *, *, #3825, .F. ) ;
#2115 = DIRECTION ( 'NONE',  ( -0.000000000000000000, 1.000000000000000000, -0.000000000000000000 ) ) ;
#2116 = CARTESIAN_POINT ( 'NONE',  ( -4.602499999999984936, 0.1125000000000000028, -4.602500000000127045 ) ) ;
#2117 = VERTEX_POINT ( 'NONE', #7944 ) ;
#2118 = ORIENTED_EDGE ( 'NONE', *, *, #12330, .T. ) ;
#2119 = ORIENTED_EDGE ( 'NONE', *, *, #3691, .T. ) ;
#2120 = VECTOR ( 'NONE', #7634, 1000.000000000000000 ) ;
#2121 = CARTESIAN_POINT ( 'NONE',  ( -0.5019999999999983364, 1.089999999999999414, 7.799999999999999822 ) ) ;
#2122 = DIRECTION ( 'NONE',  ( 0.000000000000000000, 0.000000000000000000, -1.000000000000000000 ) ) ;
#2123 = ORIENTED_EDGE ( 'NONE', *, *, #3966, .F. ) ;
#2124 = EDGE_LOOP ( 'NONE', ( #8699, #869, #3728, #250 ) ) ;
#2125 = CARTESIAN_POINT ( 'NONE',  ( -0.8019999999999980478, 2.879999999999999893, 8.949999999999999289 ) ) ;
#2126 = FACE_OUTER_BOUND ( 'NONE', #6592, .T. ) ;
#2127 = VERTEX_POINT ( 'NONE', #7801 ) ;
#2128 = DIRECTION ( 'NONE',  ( 0.000000000000000000, -1.000000000000000000, 0.000000000000000000 ) ) ;
#2129 = PLANE ( 'NONE',  #13198 ) ;
#2130 = ORIENTED_EDGE ( 'NONE', *, *, #11793, .F. ) ;
#2131 = CARTESIAN_POINT ( 'NONE',  ( 1.050000000000005373, 0.1125000000000000028, -9.724999999999999645 ) ) ;
#2132 = EDGE_CURVE ( 'NONE', #2285, #3, #2839, .T. ) ;
#2133 = VECTOR ( 'NONE', #812, 1000.000000000000000 ) ;
#2134 = DIRECTION ( 'NONE',  ( -0.000000000000000000, 1.000000000000000000, -0.000000000000000000 ) ) ;
#2135 = LINE ( 'NONE', #1873, #2580 ) ;
#2136 = FACE_OUTER_BOUND ( 'NONE', #12522, .T. ) ;
#2137 = ORIENTED_EDGE ( 'NONE', *, *, #5083, .T. ) ;
#2138 = CARTESIAN_POINT ( 'NONE',  ( 1.350000000000000755, 0.06250000000000000000, 0.000000000000000000 ) ) ;
#2139 = LINE ( 'NONE', #3175, #207 ) ;
#2140 = DIRECTION ( 'NONE',  ( -0.000000000000000000, 1.000000000000000000, -0.000000000000000000 ) ) ;
#2141 = CARTESIAN_POINT ( 'NONE',  ( -0.7499999999999961142, 0.06250000000000000000, -9.724999999999999645 ) ) ;
#2142 = LINE ( 'NONE', #2019, #13413 ) ;
#2143 = ORIENTED_EDGE ( 'NONE', *, *, #991, .F. ) ;
#2144 =( GEOMETRIC_REPRESENTATION_CONTEXT ( 3 ) GLOBAL_UNCERTAINTY_ASSIGNED_CONTEXT ( ( #5102 ) ) GLOBAL_UNIT_ASSIGNED_CONTEXT ( ( #1706, #6876, #2593 ) ) REPRESENTATION_CONTEXT ( 'NONE', 'WORKASPACE' ) );
#2145 = VERTEX_POINT ( 'NONE', #8977 ) ;
#2146 = EDGE_LOOP ( 'NONE', ( #9590, #6539, #436, #12167 ) ) ;
#2147 = EDGE_CURVE ( 'NONE', #7443, #5929, #4713, .T. ) ;
#2148 = EDGE_CURVE ( 'NONE', #5818, #2264, #5753, .T. ) ;
#2149 = DIRECTION ( 'NONE',  ( 0.000000000000000000, -1.000000000000000000, 0.000000000000000000 ) ) ;
#2150 = VECTOR ( 'NONE', #9132, 1000.000000000000000 ) ;
#2151 = EDGE_CURVE ( 'NONE', #9758, #1247, #12147, .T. ) ;
#2152 = VECTOR ( 'NONE', #9684, 1000.000000000000000 ) ;
#2153 = LINE ( 'NONE', #5264, #10697 ) ;
#2154 = ORIENTED_EDGE ( 'NONE', *, *, #7131, .F. ) ;
#2155 = DIRECTION ( 'NONE',  ( 0.3420201433256688239, -0.000000000000000000, -0.9396926207859083169 ) ) ;
#2156 = AXIS2_PLACEMENT_3D ( 'NONE', #7465, #11663, #1201 ) ;
#2157 = CARTESIAN_POINT ( 'NONE',  ( -0.5019999999999983364, 2.080000000000000071, 7.799999999999999822 ) ) ;
#2158 = LINE ( 'NONE', #11797, #3177 ) ;
#2159 = CARTESIAN_POINT ( 'NONE',  ( -1.350000000000000533, 0.2530000000000000027, 3.294999999999999041 ) ) ;
#2160 = ORIENTED_EDGE ( 'NONE', *, *, #8146, .F. ) ;
#2161 = VECTOR ( 'NONE', #2791, 1000.000000000000000 ) ;
#2162 = EDGE_LOOP ( 'NONE', ( #6227, #11204, #11150, #6335, #13096, #8217 ) ) ;
#2163 = FACE_OUTER_BOUND ( 'NONE', #11168, .T. ) ;
#2164 = LINE ( 'NONE', #8510, #9184 ) ;
#2165 = VERTEX_POINT ( 'NONE', #11052 ) ;
#2166 = EDGE_CURVE ( 'NONE', #8869, #11827, #2710, .T. ) ;
#2167 = EDGE_CURVE ( 'NONE', #1343, #12655, #9054, .T. ) ;
#2168 = VECTOR ( 'NONE', #2327, 1000.000000000000000 ) ;
#2169 = VECTOR ( 'NONE', #2057, 1000.000000000000000 ) ;
#2170 = FACE_OUTER_BOUND ( 'NONE', #10907, .T. ) ;
#2171 = VECTOR ( 'NONE', #6970, 1000.000000000000000 ) ;
#2172 = EDGE_CURVE ( 'NONE', #7566, #290, #11182, .T. ) ;
#2173 = AXIS2_PLACEMENT_3D ( 'NONE', #7041, #10221, #13375 ) ;
#2174 = DIRECTION ( 'NONE',  ( 0.000000000000000000, 0.000000000000000000, -1.000000000000000000 ) ) ;
#2175 = PLANE ( 'NONE',  #8872 ) ;
#2176 = CARTESIAN_POINT ( 'NONE',  ( 0.3850000000000033951, 0.1125000000000000028, -8.389999999999998792 ) ) ;
#2177 = CARTESIAN_POINT ( 'NONE',  ( 1.429999999999998828, 0.2530000000000000027, 2.494999999999999662 ) ) ;
#2178 = EDGE_LOOP ( 'NONE', ( #8004, #3145, #9020, #13181 ) ) ;
#2179 = CIRCLE ( 'NONE', #2387, 1.190000000000000169 ) ;
#2180 = PRESENTATION_STYLE_ASSIGNMENT (( #9617 ) ) ;
#2181 = VECTOR ( 'NONE', #13592, 1000.000000000000000 ) ;
#2182 = DIRECTION ( 'NONE',  ( -0.000000000000000000, -1.000000000000000000, -0.000000000000000000 ) ) ;
#2183 = VERTEX_POINT ( 'NONE', #11579 ) ;
#2184 = AXIS2_PLACEMENT_3D ( 'NONE', #6803, #13073, #2319 ) ;
#2185 = LINE ( 'NONE', #4393, #13021 ) ;
#2186 = DIRECTION ( 'NONE',  ( -2.891205793294679312E-16, -0.000000000000000000, -1.000000000000000000 ) ) ;
#2187 = ORIENTED_EDGE ( 'NONE', *, *, #11238, .T. ) ;
#2188 = ORIENTED_EDGE ( 'NONE', *, *, #5884, .F. ) ;
#2189 = VERTEX_POINT ( 'NONE', #3039 ) ;
#2190 = EDGE_CURVE ( 'NONE', #7853, #1492, #4223, .T. ) ;
#2191 = EDGE_CURVE ( 'NONE', #7417, #767, #6161, .T. ) ;
#2192 = VECTOR ( 'NONE', #8490, 1000.000000000000000 ) ;
#2193 = CARTESIAN_POINT ( 'NONE',  ( -1.350000000000000533, 0.2530000000000000027, -5.213000000000000078 ) ) ;
#2194 = VECTOR ( 'NONE', #1661, 1000.000000000000000 ) ;
#2195 = CARTESIAN_POINT ( 'NONE',  ( 1.500000000000000666, 0.06250000000000000000, 0.000000000000000000 ) ) ;
#2196 = LINE ( 'NONE', #6406, #3906 ) ;
#2197 = ORIENTED_EDGE ( 'NONE', *, *, #8292, .F. ) ;
#2198 = VERTEX_POINT ( 'NONE', #6281 ) ;
#2199 = CARTESIAN_POINT ( 'NONE',  ( 0.4500000000000001221, 0.1125000000000000028, -4.753000000000000114 ) ) ;
#2200 = CARTESIAN_POINT ( 'NONE',  ( 0.2149999999999986089, 0.1125000000000000028, -8.389999999999998792 ) ) ;
#2201 = ORIENTED_EDGE ( 'NONE', *, *, #10823, .T. ) ;
#2202 = CARTESIAN_POINT ( 'NONE',  ( -2.150000000000000799, 0.1125000000000000028, -7.653000000000000469 ) ) ;
#2203 = AXIS2_PLACEMENT_3D ( 'NONE', #3165, #8207, #972 ) ;
#2204 = DIRECTION ( 'NONE',  ( -0.3420201433256688239, 0.000000000000000000, -0.9396926207859083169 ) ) ;
#2205 = ORIENTED_EDGE ( 'NONE', *, *, #6490, .F. ) ;
#2206 = CARTESIAN_POINT ( 'NONE',  ( 0.000000000000000000, 0.06250000000000000000, -9.875000000000000000 ) ) ;
#2207 = CARTESIAN_POINT ( 'NONE',  ( -1.125000000000000222, 0.1125000000000000028, -9.799999999999998934 ) ) ;
#2208 = SURFACE_SIDE_STYLE ('',( #11642 ) ) ;
#2209 = CARTESIAN_POINT ( 'NONE',  ( 0.1799999999999989664, 0.1125000000000000028, -9.025000000000000355 ) ) ;
#2210 = MECHANICAL_DESIGN_GEOMETRIC_PRESENTATION_REPRESENTATION (  '', ( #12336 ), #12547 ) ;
#2211 = FACE_OUTER_BOUND ( 'NONE', #2803, .T. ) ;
#2212 = ORIENTED_EDGE ( 'NONE', *, *, #829, .F. ) ;
#2213 = CARTESIAN_POINT ( 'NONE',  ( 0.000000000000000000, 0.06250000000000000000, -2.403000000000000025 ) ) ;
#2214 = LINE ( 'NONE', #9582, #5919 ) ;
#2215 = DIRECTION ( 'NONE',  ( -1.000000000000000000, 0.000000000000000000, -0.000000000000000000 ) ) ;
#2216 = DIRECTION ( 'NONE',  ( -4.707526393424183343E-15, 0.000000000000000000, -1.000000000000000000 ) ) ;
#2217 = ORIENTED_EDGE ( 'NONE', *, *, #4044, .T. ) ;
#2218 = STYLED_ITEM ( 'NONE', ( #2905 ), #10004 ) ;
#2219 = EDGE_LOOP ( 'NONE', ( #13068, #10051 ) ) ;
#2220 = ORIENTED_EDGE ( 'NONE', *, *, #2003, .T. ) ;
#2221 = DIRECTION ( 'NONE',  ( 0.000000000000000000, -1.000000000000000000, 0.000000000000000000 ) ) ;
#2222 = FACE_OUTER_BOUND ( 'NONE', #5975, .T. ) ;
#2223 = CLOSED_SHELL ( 'NONE', ( #8561, #11654, #8145, #1845 ) ) ;
#2224 = ORIENTED_EDGE ( 'NONE', *, *, #7823, .T. ) ;
#2225 = DIRECTION ( 'NONE',  ( -0.7071067811865584529, 0.000000000000000000, -0.7071067811865365815 ) ) ;
#2226 = AXIS2_PLACEMENT_3D ( 'NONE', #9509, #1376, #11834 ) ;
#2227 = CARTESIAN_POINT ( 'NONE',  ( -2.150000000000000799, 0.4780000000000000360, -6.987373870972730217 ) ) ;
#2228 = DIRECTION ( 'NONE',  ( 0.000000000000000000, 0.000000000000000000, 1.000000000000000000 ) ) ;
#2229 = EDGE_CURVE ( 'NONE', #12096, #1844, #10495, .T. ) ;
#2230 = DIRECTION ( 'NONE',  ( 0.7071067811865497932, 0.000000000000000000, -0.7071067811865452413 ) ) ;
#2231 = ORIENTED_EDGE ( 'NONE', *, *, #13489, .T. ) ;
#2232 = VERTEX_POINT ( 'NONE', #8430 ) ;
#2233 = CARTESIAN_POINT ( 'NONE',  ( -0.7019999999999981810, 2.979999999999999982, 9.429999999999999716 ) ) ;
#2234 = DIRECTION ( 'NONE',  ( 0.000000000000000000, 0.000000000000000000, -1.000000000000000000 ) ) ;
#2235 = ORIENTED_EDGE ( 'NONE', *, *, #12507, .F. ) ;
#2236 = VECTOR ( 'NONE', #2115, 1000.000000000000000 ) ;
#2237 = LINE ( 'NONE', #12847, #7534 ) ;
#2238 = CARTESIAN_POINT ( 'NONE',  ( -1.415000000000002256, 0.1125000000000000028, -4.163218654184518962E-16 ) ) ;
#2239 = CARTESIAN_POINT ( 'NONE',  ( 1.125000000000001998, 0.1125000000000000028, -9.875000000000000000 ) ) ;
#2240 = LINE ( 'NONE', #2367, #5482 ) ;
#2241 = DIRECTION ( 'NONE',  ( 0.7071067811865321406, 0.000000000000000000, -0.7071067811865628938 ) ) ;
#2242 = CARTESIAN_POINT ( 'NONE',  ( -1.350000000000000533, 0.000000000000000000, -5.612999999999999545 ) ) ;
#2243 = ADVANCED_FACE ( 'NONE', ( #12556 ), #9255, .T. ) ;
#2244 = MECHANICAL_DESIGN_GEOMETRIC_PRESENTATION_REPRESENTATION (  '', ( #11921 ), #512 ) ;
#2245 = CARTESIAN_POINT ( 'NONE',  ( 2.350000000000000089, 0.4780000000000000360, -8.325000000000001066 ) ) ;
#2246 = EDGE_CURVE ( 'NONE', #5334, #10970, #13583, .T. ) ;
#2247 = VERTEX_POINT ( 'NONE', #8222 ) ;
#2248 = FILL_AREA_STYLE ('',( #9411 ) ) ;
#2249 = VECTOR ( 'NONE', #4930, 1000.000000000000000 ) ;
#2250 = DIRECTION ( 'NONE',  ( 0.000000000000000000, -0.000000000000000000, 1.000000000000000000 ) ) ;
#2251 = ORIENTED_EDGE ( 'NONE', *, *, #6563, .T. ) ;
#2252 = EDGE_CURVE ( 'NONE', #5240, #890, #2966, .T. ) ;
#2253 = DIRECTION ( 'NONE',  ( 0.7071067811865356934, 0.000000000000000000, -0.7071067811865594521 ) ) ;
#2254 = LINE ( 'NONE', #11689, #8807 ) ;
#2255 = ORIENTED_EDGE ( 'NONE', *, *, #6477, .T. ) ;
#2256 = ORIENTED_EDGE ( 'NONE', *, *, #1528, .F. ) ;
#2257 = VERTEX_POINT ( 'NONE', #13457 ) ;
#2258 = AXIS2_PLACEMENT_3D ( 'NONE', #2290, #9797, #4560 ) ;
#2259 = VECTOR ( 'NONE', #5546, 1000.000000000000000 ) ;
#2260 = DIRECTION ( 'NONE',  ( -1.000000000000000000, 0.000000000000000000, 0.000000000000000000 ) ) ;
#2261 = FILL_AREA_STYLE_COLOUR ( '', #11828 ) ;
#2262 = ORIENTED_EDGE ( 'NONE', *, *, #5981, .F. ) ;
#2263 = EDGE_CURVE ( 'NONE', #8255, #7286, #2142, .T. ) ;
#2264 = VERTEX_POINT ( 'NONE', #6085 ) ;
#2265 = EDGE_CURVE ( 'NONE', #5717, #7891, #10437, .T. ) ;
#2266 = DIRECTION ( 'NONE',  ( 1.000000000000000000, 0.000000000000000000, 0.000000000000000000 ) ) ;
#2267 = CARTESIAN_POINT ( 'NONE',  ( -0.8019999999999979368, 1.089999999999999414, 9.150000000000000355 ) ) ;
#2268 = ORIENTED_EDGE ( 'NONE', *, *, #3167, .F. ) ;
#2269 = ADVANCED_FACE ( 'NONE', ( #10565 ), #12422, .F. ) ;
#2270 = DIRECTION ( 'NONE',  ( 0.000000000000000000, 0.000000000000000000, 1.000000000000000000 ) ) ;
#2271 = PLANE ( 'NONE',  #7695 ) ;
#2272 = ORIENTED_EDGE ( 'NONE', *, *, #2685, .F. ) ;
#2273 = CARTESIAN_POINT ( 'NONE',  ( 1.425000000000002709, 0.06250000000000000000, -9.875000000000000000 ) ) ;
#2274 = CARTESIAN_POINT ( 'NONE',  ( 0.000000000000000000, 0.1125000000000000028, -4.753000000000000114 ) ) ;
#2275 = CARTESIAN_POINT ( 'NONE',  ( 8.138021506676197859E-15, 0.06250000000000000000, -3.753000000000000114 ) ) ;
#2276 = ORIENTED_EDGE ( 'NONE', *, *, #6068, .T. ) ;
#2277 = DIRECTION ( 'NONE',  ( 0.000000000000000000, -0.000000000000000000, -1.000000000000000000 ) ) ;
#2278 = DIRECTION ( 'NONE',  ( -1.000000000000000000, 0.000000000000000000, 0.000000000000000000 ) ) ;
#2279 = CARTESIAN_POINT ( 'NONE',  ( 1.900000000000000577, 0.1125000000000000028, -2.403000000000000025 ) ) ;
#2280 = EDGE_CURVE ( 'NONE', #2534, #1440, #857, .T. ) ;
#2281 = CARTESIAN_POINT ( 'NONE',  ( -4.487499999999999822, 0.06250000000000000000, -4.487500000000030020 ) ) ;
#2282 = CARTESIAN_POINT ( 'NONE',  ( 2.200000000000001510, 0.2530000000000000027, 6.300000000000001599 ) ) ;
#2283 = ORIENTED_EDGE ( 'NONE', *, *, #946, .T. ) ;
#2284 = VERTEX_POINT ( 'NONE', #3180 ) ;
#2285 = VERTEX_POINT ( 'NONE', #9456 ) ;
#2286 = LINE ( 'NONE', #10501, #1610 ) ;
#2287 = CARTESIAN_POINT ( 'NONE',  ( -0.04999999999999622802, 0.1125000000000000028, -0.000000000000000000 ) ) ;
#2288 = ORIENTED_EDGE ( 'NONE', *, *, #8920, .F. ) ;
#2289 = DIRECTION ( 'NONE',  ( 1.000000000000000000, 0.000000000000000000, 4.625929269271459921E-14 ) ) ;
#2290 = CARTESIAN_POINT ( 'NONE',  ( 0.000000000000000000, 0.1125000000000000028, 0.000000000000000000 ) ) ;
#2291 = CARTESIAN_POINT ( 'NONE',  ( 3.937500000000006217, 0.06250000000000000000, -3.937500000000127454 ) ) ;
#2292 = VERTEX_POINT ( 'NONE', #1881 ) ;
#2293 = ORIENTED_EDGE ( 'NONE', *, *, #5040, .F. ) ;
#2294 = DIRECTION ( 'NONE',  ( 4.119085594246160228E-15, 0.000000000000000000, -1.000000000000000000 ) ) ;
#2295 = DIRECTION ( 'NONE',  ( -1.000000000000000000, 0.000000000000000000, -0.000000000000000000 ) ) ;
#2296 = VERTEX_POINT ( 'NONE', #25 ) ;
#2297 = CARTESIAN_POINT ( 'NONE',  ( -1.114999999999999325, 0.06250000000000000000, -8.389999999999997016 ) ) ;
#2298 = EDGE_CURVE ( 'NONE', #12655, #344, #7379, .T. ) ;
#2299 = CARTESIAN_POINT ( 'NONE',  ( 0.000000000000000000, 0.2530000000000000027, 0.000000000000000000 ) ) ;
#2300 = DIRECTION ( 'NONE',  ( -4.625929269271459921E-14, 0.000000000000000000, -1.000000000000000000 ) ) ;
#2301 = LINE ( 'NONE', #1415, #85 ) ;
#2302 = PLANE ( 'NONE',  #7874 ) ;
#2303 = PLANE ( 'NONE',  #3911 ) ;
#2304 = CARTESIAN_POINT ( 'NONE',  ( 2.200000000000001510, 0.2530000000000000027, 6.300000000000001599 ) ) ;
#2305 = CARTESIAN_POINT ( 'NONE',  ( 1.125000000000001998, 0.06250000000000000000, -9.875000000000000000 ) ) ;
#2306 = ORIENTED_EDGE ( 'NONE', *, *, #11503, .T. ) ;
#2307 = FILL_AREA_STYLE_COLOUR ( '', #1329 ) ;
#2308 = PLANE ( 'NONE',  #1743 ) ;
#2309 = ORIENTED_EDGE ( 'NONE', *, *, #5125, .T. ) ;
#2310 = CARTESIAN_POINT ( 'NONE',  ( -1.250000000000000222, 0.06250000000000000000, -4.753000000000000114 ) ) ;
#2311 = CARTESIAN_POINT ( 'NONE',  ( -2.575000000000001066, 0.4780000000000000360, -8.500000000000000000 ) ) ;
#2312 = ORIENTED_EDGE ( 'NONE', *, *, #12680, .F. ) ;
#2313 = ORIENTED_EDGE ( 'NONE', *, *, #12113, .T. ) ;
#2314 = ORIENTED_EDGE ( 'NONE', *, *, #12841, .T. ) ;
#2315 = ORIENTED_EDGE ( 'NONE', *, *, #11007, .T. ) ;
#2316 = EDGE_CURVE ( 'NONE', #678, #3194, #4016, .T. ) ;
#2317 = ADVANCED_FACE ( 'NONE', ( #9319 ), #13521, .F. ) ;
#2318 = CARTESIAN_POINT ( 'NONE',  ( -1.867500000000000826, 0.1125000000000000028, -9.799999999999998934 ) ) ;
#2319 = DIRECTION ( 'NONE',  ( 0.000000000000000000, 0.000000000000000000, -1.000000000000000000 ) ) ;
#2320 = EDGE_CURVE ( 'NONE', #1801, #9423, #8280, .T. ) ;
#2321 = CIRCLE ( 'NONE', #2757, 0.2000000000000005107 ) ;
#2322 = LINE ( 'NONE', #6536, #10953 ) ;
#2323 = CARTESIAN_POINT ( 'NONE',  ( 0.2149999999999986089, 0.06250000000000000000, -8.389999999999998792 ) ) ;
#2324 = VERTEX_POINT ( 'NONE', #12483 ) ;
#2325 = EDGE_LOOP ( 'NONE', ( #8750, #3149, #3297, #3353 ) ) ;
#2326 = CARTESIAN_POINT ( 'NONE',  ( -1.585000000000001075, 0.1125000000000000028, -8.389999999999998792 ) ) ;
#2327 = DIRECTION ( 'NONE',  ( -0.000000000000000000, 1.000000000000000000, -0.000000000000000000 ) ) ;
#2328 = EDGE_LOOP ( 'NONE', ( #7207, #10477, #11833, #2118 ) ) ;
#2329 = CARTESIAN_POINT ( 'NONE',  ( 2.149999999999999911, 0.000000000000000000, -9.074999999999999289 ) ) ;
#2330 = CARTESIAN_POINT ( 'NONE',  ( -1.125000000000028644, 0.06250000000000000000, -3.252606517456577594E-15 ) ) ;
#2331 = ORIENTED_EDGE ( 'NONE', *, *, #13208, .T. ) ;
#2332 = CARTESIAN_POINT ( 'NONE',  ( 1.380000000000003224, 0.06250000000000000000, -9.025000000000000355 ) ) ;
#2333 = AXIS2_PLACEMENT_3D ( 'NONE', #246, #12768, #10443 ) ;
#2334 = ADVANCED_FACE ( 'NONE', ( #986 ), #11522, .F. ) ;
#2335 = LINE ( 'NONE', #495, #202 ) ;
#2336 = AXIS2_PLACEMENT_3D ( 'NONE', #11307, #8211, #7234 ) ;
#2337 = EDGE_CURVE ( 'NONE', #1602, #10970, #301, .T. ) ;
#2338 = LINE ( 'NONE', #11778, #7897 ) ;
#2339 = LINE ( 'NONE', #9578, #4809 ) ;
#2340 = VECTOR ( 'NONE', #3629, 1000.000000000000000 ) ;
#2341 = VERTEX_POINT ( 'NONE', #12831 ) ;
#2342 = DIRECTION ( 'NONE',  ( -4.707526393424183343E-15, 0.000000000000000000, -1.000000000000000000 ) ) ;
#2343 = CARTESIAN_POINT ( 'NONE',  ( -0.1799999999999974398, 0.06250000000000000000, -8.424999999999997158 ) ) ;
#2344 = LINE ( 'NONE', #92, #6848 ) ;
#2345 = DIRECTION ( 'NONE',  ( 2.710505431213760099E-16, 0.000000000000000000, -1.000000000000000000 ) ) ;
#2346 = VERTEX_POINT ( 'NONE', #5467 ) ;
#2347 = STYLED_ITEM ( 'NONE', ( #13153 ), #5317 ) ;
#2348 = ORIENTED_EDGE ( 'NONE', *, *, #1183, .F. ) ;
#2349 = EDGE_CURVE ( 'NONE', #394, #13149, #11787, .T. ) ;
#2350 = CARTESIAN_POINT ( 'NONE',  ( 0.000000000000000000, 0.06250000000000000000, 0.000000000000000000 ) ) ;
#2351 = ADVANCED_FACE ( 'NONE', ( #11722 ), #8754, .T. ) ;
#2352 = LINE ( 'NONE', #13482, #1080 ) ;
#2353 = DIRECTION ( 'NONE',  ( 0.7071067811865584529, 0.000000000000000000, -0.7071067811865365815 ) ) ;
#2354 = LINE ( 'NONE', #9049, #6363 ) ;
#2355 = CARTESIAN_POINT ( 'NONE',  ( -0.000000000000000000, 0.1125000000000000028, -7.653000000000000469 ) ) ;
#2356 = DIRECTION ( 'NONE',  ( -0.000000000000000000, -1.000000000000000000, -0.000000000000000000 ) ) ;
#2357 = ORIENTED_EDGE ( 'NONE', *, *, #7477, .F. ) ;
#2358 = ORIENTED_EDGE ( 'NONE', *, *, #3608, .T. ) ;
#2359 = LINE ( 'NONE', #525, #7411 ) ;
#2360 = VERTEX_POINT ( 'NONE', #2282 ) ;
#2361 = VECTOR ( 'NONE', #5596, 1000.000000000000000 ) ;
#2362 = CARTESIAN_POINT ( 'NONE',  ( -2.750000000000000888, 0.2530000000000000027, -8.699999999999997513 ) ) ;
#2363 = AXIS2_PLACEMENT_3D ( 'NONE', #5304, #7423, #12730 ) ;
#2364 = AXIS2_PLACEMENT_3D ( 'NONE', #11428, #10407, #7152 ) ;
#2365 = CARTESIAN_POINT ( 'NONE',  ( 0.2250000000000010325, 0.06250000000000000000, -9.875000000000000000 ) ) ;
#2366 = LINE ( 'NONE', #10914, #291 ) ;
#2367 = CARTESIAN_POINT ( 'NONE',  ( -5.237499999999998934, 0.1125000000000000028, -5.237499999999984723 ) ) ;
#2368 = LINE ( 'NONE', #10714, #634 ) ;
#2369 = CIRCLE ( 'NONE', #12055, 0.09999999999999939493 ) ;
#2370 = LINE ( 'NONE', #6460, #10390 ) ;
#2371 = LINE ( 'NONE', #12015, #12151 ) ;
#2372 = EDGE_LOOP ( 'NONE', ( #9376, #2293, #5861, #2625 ) ) ;
#2373 = CARTESIAN_POINT ( 'NONE',  ( 0.000000000000000000, 0.1125000000000000028, 0.000000000000000000 ) ) ;
#2374 = ORIENTED_EDGE ( 'NONE', *, *, #6037, .F. ) ;
#2375 = DIRECTION ( 'NONE',  ( 0.000000000000000000, 0.000000000000000000, 1.000000000000000000 ) ) ;
#2376 = AXIS2_PLACEMENT_3D ( 'NONE', #6832, #6694, #3721 ) ;
#2377 = LINE ( 'NONE', #7493, #2648 ) ;
#2378 = EDGE_LOOP ( 'NONE', ( #7082, #4115, #615, #10692 ) ) ;
#2379 = VECTOR ( 'NONE', #9033, 1000.000000000000000 ) ;
#2380 = ORIENTED_EDGE ( 'NONE', *, *, #13387, .T. ) ;
#2381 = ORIENTED_EDGE ( 'NONE', *, *, #8983, .F. ) ;
#2382 = AXIS2_PLACEMENT_3D ( 'NONE', #3987, #12329, #3780 ) ;
#2383 = ORIENTED_EDGE ( 'NONE', *, *, #4914, .F. ) ;
#2384 = EDGE_CURVE ( 'NONE', #12516, #1515, #10634, .T. ) ;
#2385 = DIRECTION ( 'NONE',  ( 0.000000000000000000, 0.000000000000000000, -1.000000000000000000 ) ) ;
#2386 = PLANE ( 'NONE',  #4392 ) ;
#2387 = AXIS2_PLACEMENT_3D ( 'NONE', #10659, #11684, #1016 ) ;
#2388 = AXIS2_PLACEMENT_3D ( 'NONE', #1401, #7537, #1335 ) ;
#2389 = DIRECTION ( 'NONE',  ( 1.000000000000000000, 0.000000000000000000, -1.084202172485504828E-15 ) ) ;
#2390 = VECTOR ( 'NONE', #5098, 1000.000000000000000 ) ;
#2391 = ORIENTED_EDGE ( 'NONE', *, *, #2930, .T. ) ;
#2392 = ORIENTED_EDGE ( 'NONE', *, *, #1823, .T. ) ;
#2393 = CARTESIAN_POINT ( 'NONE',  ( -2.350000000000000977, 0.1125000000000000028, -8.875000000000000000 ) ) ;
#2394 = COLOUR_RGB ( '',0.7921568627450980005, 0.8196078431372548767, 0.9333333333333333481 ) ;
#2395 = DIRECTION ( 'NONE',  ( -1.000000000000000000, 0.000000000000000000, 0.000000000000000000 ) ) ;
#2396 = EDGE_CURVE ( 'NONE', #12516, #12148, #10690, .T. ) ;
#2397 = EDGE_LOOP ( 'NONE', ( #12466, #9986, #6170, #8406 ) ) ;
#2398 = EDGE_CURVE ( 'NONE', #13551, #8396, #3444, .T. ) ;
#2399 = CARTESIAN_POINT ( 'NONE',  ( -0.5019999999999983364, 2.880000000000000338, 7.799999999999999822 ) ) ;
#2400 = CARTESIAN_POINT ( 'NONE',  ( 2.199999999999999734, 0.000000000000000000, 10.00000000000000000 ) ) ;
#2401 = ORIENTED_EDGE ( 'NONE', *, *, #1737, .T. ) ;
#2402 = EDGE_CURVE ( 'NONE', #173, #10254, #6633, .T. ) ;
#2403 = CARTESIAN_POINT ( 'NONE',  ( 0.000000000000000000, 0.1125000000000000028, -9.875000000000000000 ) ) ;
#2404 = AXIS2_PLACEMENT_3D ( 'NONE', #3855, #7850, #6903 ) ;
#2405 = AXIS2_PLACEMENT_3D ( 'NONE', #7375, #8356, #2215 ) ;
#2406 = CARTESIAN_POINT ( 'NONE',  ( 1.642500000000001403, 0.06250000000000000000, 5.936006894358143679E-16 ) ) ;
#2407 = CARTESIAN_POINT ( 'NONE',  ( 0.6750000000000002665, 0.06250000000000000000, -9.799999999999998934 ) ) ;
#2408 = CARTESIAN_POINT ( 'NONE',  ( 1.275000000000000133, 0.06250000000000000000, -9.799999999999998934 ) ) ;
#2409 = CIRCLE ( 'NONE', #2203, 0.1749999999999998224 ) ;
#2410 = ORIENTED_EDGE ( 'NONE', *, *, #6608, .T. ) ;
#2411 = CARTESIAN_POINT ( 'NONE',  ( -0.5500000000000005995, 0.4780000000000000360, 3.294999999999999929 ) ) ;
#2412 = AXIS2_PLACEMENT_3D ( 'NONE', #9635, #8607, #7427 ) ;
#2413 = DIRECTION ( 'NONE',  ( -0.000000000000000000, 0.000000000000000000, -1.000000000000000000 ) ) ;
#2414 = ADVANCED_FACE ( 'NONE', ( #1390 ), #11652, .T. ) ;
#2415 = EDGE_CURVE ( 'NONE', #3551, #8240, #9790, .T. ) ;
#2416 = DIRECTION ( 'NONE',  ( 0.7071067811865452413, 0.000000000000000000, 0.7071067811865497932 ) ) ;
#2417 = DIRECTION ( 'NONE',  ( 0.000000000000000000, 0.000000000000000000, -1.000000000000000000 ) ) ;
#2418 = VERTEX_POINT ( 'NONE', #7720 ) ;
#2419 = ADVANCED_FACE ( 'NONE', ( #11853 ), #4284, .F. ) ;
#2420 = EDGE_CURVE ( 'NONE', #3460, #6990, #9726, .T. ) ;
#2421 = ORIENTED_EDGE ( 'NONE', *, *, #4025, .T. ) ;
#2422 = AXIS2_PLACEMENT_3D ( 'NONE', #6467, #8594, #5434 ) ;
#2423 = AXIS2_PLACEMENT_3D ( 'NONE', #2373, #4656, #5630 ) ;
#2424 = LINE ( 'NONE', #8759, #294 ) ;
#2425 = DIRECTION ( 'NONE',  ( 8.673617379884034239E-17, 0.000000000000000000, 1.000000000000000000 ) ) ;
#2426 = PLANE ( 'NONE',  #4311 ) ;
#2427 = CARTESIAN_POINT ( 'NONE',  ( -0.7019999999999981810, 2.080000000000000071, 9.150000000000000355 ) ) ;
#2428 = LINE ( 'NONE', #11938, #8205 ) ;
#2429 = CARTESIAN_POINT ( 'NONE',  ( 0.7500000000000087708, 0.06250000000000000000, -8.131516293641381863E-16 ) ) ;
#2430 = EDGE_CURVE ( 'NONE', #12864, #484, #7594, .T. ) ;
#2431 = ORIENTED_EDGE ( 'NONE', *, *, #11367, .F. ) ;
#2432 = VECTOR ( 'NONE', #10040, 1000.000000000000000 ) ;
#2433 = EDGE_CURVE ( 'NONE', #453, #88, #6560, .T. ) ;
#2434 = EDGE_CURVE ( 'NONE', #2481, #7365, #12687, .T. ) ;
#2435 = AXIS2_PLACEMENT_3D ( 'NONE', #11923, #1250, #6559 ) ;
#2436 = EDGE_LOOP ( 'NONE', ( #11440, #2656, #4673, #7463, #10947, #1283, #10309, #880 ) ) ;
#2437 = EDGE_CURVE ( 'NONE', #10451, #7620, #7449, .T. ) ;
#2438 = DIRECTION ( 'NONE',  ( -0.000000000000000000, 1.000000000000000000, -0.000000000000000000 ) ) ;
#2439 = VERTEX_POINT ( 'NONE', #9585 ) ;
#2440 = CARTESIAN_POINT ( 'NONE',  ( -0.8019999999999979368, 1.289999999999999591, 9.150000000000000355 ) ) ;
#2441 = CLOSED_SHELL ( 'NONE', ( #11256, #6189, #2075, #8473, #8876, #9607, #6699, #8332, #7738, #8065, #13116, #11840, #10119, #3099 ) ) ;
#2442 = DIRECTION ( 'NONE',  ( 1.000000000000000000, 0.000000000000000000, -0.000000000000000000 ) ) ;
#2443 = VECTOR ( 'NONE', #8317, 1000.000000000000000 ) ;
#2444 = CARTESIAN_POINT ( 'NONE',  ( -1.999999999999999556, 0.4780000000000000360, -2.328000000000001624 ) ) ;
#2445 = DIRECTION ( 'NONE',  ( -0.000000000000000000, 1.000000000000000000, -0.000000000000000000 ) ) ;
#2446 = DIRECTION ( 'NONE',  ( 0.7071067811865465735, 0.000000000000000000, -0.7071067811865485719 ) ) ;
#2447 = FACE_OUTER_BOUND ( 'NONE', #12430, .T. ) ;
#2448 = FACE_OUTER_BOUND ( 'NONE', #2146, .T. ) ;
#2449 = DIRECTION ( 'NONE',  ( 0.000000000000000000, 0.000000000000000000, 1.000000000000000000 ) ) ;
#2450 = VERTEX_POINT ( 'NONE', #156 ) ;
#2451 = DIRECTION ( 'NONE',  ( 0.000000000000000000, -0.000000000000000000, -1.000000000000000000 ) ) ;
#2452 = EDGE_LOOP ( 'NONE', ( #374, #1911, #12704, #5636 ) ) ;
#2453 = EDGE_CURVE ( 'NONE', #2053, #11491, #4351, .T. ) ;
#2454 = DIRECTION ( 'NONE',  ( -1.372407813272789047E-16, 1.000000000000000000, 0.000000000000000000 ) ) ;
#2455 = DIRECTION ( 'NONE',  ( 0.000000000000000000, 0.000000000000000000, -1.000000000000000000 ) ) ;
#2456 = ORIENTED_EDGE ( 'NONE', *, *, #1652, .T. ) ;
#2457 = ORIENTED_EDGE ( 'NONE', *, *, #2835, .F. ) ;
#2458 = VERTEX_POINT ( 'NONE', #7527 ) ;
#2459 = ORIENTED_EDGE ( 'NONE', *, *, #5550, .F. ) ;
#2460 = DIRECTION ( 'NONE',  ( 0.000000000000000000, 0.000000000000000000, -1.000000000000000000 ) ) ;
#2461 = CARTESIAN_POINT ( 'NONE',  ( -0.7500000000000066613, 0.1125000000000000028, -8.131516293641358197E-16 ) ) ;
#2462 = COLOUR_RGB ( '',1.000000000000000000, 0.8117647058823529438, 0.5019607843137254832 ) ;
#2463 = FACE_OUTER_BOUND ( 'NONE', #3758, .T. ) ;
#2464 = VECTOR ( 'NONE', #785, 1000.000000000000000 ) ;
#2465 = PLANE ( 'NONE',  #12234 ) ;
#2466 = VERTEX_POINT ( 'NONE', #236 ) ;
#2467 = ORIENTED_EDGE ( 'NONE', *, *, #10234, .F. ) ;
#2468 = CARTESIAN_POINT ( 'NONE',  ( -4.602499999999984936, 0.06250000000000000000, -4.602500000000127045 ) ) ;
#2469 = CARTESIAN_POINT ( 'NONE',  ( 0.1500000000000083489, 0.06250000000000000000, -1.626303258728347617E-16 ) ) ;
#2470 = ORIENTED_EDGE ( 'NONE', *, *, #9242, .T. ) ;
#2471 = CARTESIAN_POINT ( 'NONE',  ( 0.2250000000000010325, 0.1125000000000000028, -9.875000000000000000 ) ) ;
#2472 = DIRECTION ( 'NONE',  ( 4.625929269271459921E-14, 0.000000000000000000, -1.000000000000000000 ) ) ;
#2473 = ORIENTED_EDGE ( 'NONE', *, *, #9730, .T. ) ;
#2474 = AXIS2_PLACEMENT_3D ( 'NONE', #2963, #925, #4142 ) ;
#2475 = DIRECTION ( 'NONE',  ( 0.7071067811865593411, 0.000000000000000000, 0.7071067811865358044 ) ) ;
#2476 = VECTOR ( 'NONE', #12584, 1000.000000000000000 ) ;
#2477 = AXIS2_PLACEMENT_3D ( 'NONE', #8435, #2221, #7457 ) ;
#2478 = DIRECTION ( 'NONE',  ( -0.000000000000000000, -1.000000000000000000, -0.000000000000000000 ) ) ;
#2479 = EDGE_CURVE ( 'NONE', #9215, #4272, #7033, .T. ) ;
#2480 = LINE ( 'NONE', #6691, #3479 ) ;
#2481 = VERTEX_POINT ( 'NONE', #9941 ) ;
#2482 = PLANE ( 'NONE',  #3725 ) ;
#2483 = LINE ( 'NONE', #7716, #9644 ) ;
#2484 = FACE_OUTER_BOUND ( 'NONE', #3605, .T. ) ;
#2485 = DIRECTION ( 'NONE',  ( 6.862039066363945233E-17, 1.000000000000000000, -0.000000000000000000 ) ) ;
#2486 = VERTEX_POINT ( 'NONE', #9040 ) ;
#2487 = ORIENTED_EDGE ( 'NONE', *, *, #6983, .F. ) ;
#2488 = LINE ( 'NONE', #4555, #2039 ) ;
#2489 = EDGE_CURVE ( 'NONE', #3977, #1636, #11236, .T. ) ;
#2490 = EDGE_CURVE ( 'NONE', #1683, #3391, #711, .T. ) ;
#2491 = LINE ( 'NONE', #8760, #2614 ) ;
#2492 = EDGE_CURVE ( 'NONE', #5247, #8662, #2623, .T. ) ;
#2493 = LINE ( 'NONE', #1461, #2984 ) ;
#2494 = VERTEX_POINT ( 'NONE', #5869 ) ;
#2495 = FACE_OUTER_BOUND ( 'NONE', #9274, .T. ) ;
#2496 = PLANE ( 'NONE',  #2258 ) ;
#2497 = LINE ( 'NONE', #2429, #1932 ) ;
#2498 = VERTEX_POINT ( 'NONE', #5740 ) ;
#2499 = VERTEX_POINT ( 'NONE', #6835 ) ;
#2500 = CARTESIAN_POINT ( 'NONE',  ( -0.7799999999999979172, 0.1125000000000000028, -9.025000000000000355 ) ) ;
#2501 = EDGE_LOOP ( 'NONE', ( #2220, #3108, #5853, #4225 ) ) ;
#2502 = DIRECTION ( 'NONE',  ( 0.000000000000000000, -0.000000000000000000, -1.000000000000000000 ) ) ;
#2503 = EDGE_CURVE ( 'NONE', #12924, #5735, #3058, .T. ) ;
#2504 = EDGE_CURVE ( 'NONE', #6425, #6542, #2754, .T. ) ;
#2505 =( NAMED_UNIT ( * ) PLANE_ANGLE_UNIT ( ) SI_UNIT ( $, .RADIAN. ) );
#2506 = ADVANCED_FACE ( 'NONE', ( #1730 ), #5943, .F. ) ;
#2507 = DIRECTION ( 'NONE',  ( -1.000000000000000000, 0.000000000000000000, 0.000000000000000000 ) ) ;
#2508 = DIRECTION ( 'NONE',  ( -4.707526393424183343E-15, 0.000000000000000000, -1.000000000000000000 ) ) ;
#2509 = FACE_OUTER_BOUND ( 'NONE', #4182, .T. ) ;
#2510 = LINE ( 'NONE', #8858, #3537 ) ;
#2511 = CARTESIAN_POINT ( 'NONE',  ( 0.000000000000000000, 0.1125000000000000028, -4.753000000000000114 ) ) ;
#2512 = ORIENTED_EDGE ( 'NONE', *, *, #1828, .T. ) ;
#2513 = LINE ( 'NONE', #1560, #1113 ) ;
#2514 = ORIENTED_EDGE ( 'NONE', *, *, #9309, .F. ) ;
#2515 = DIRECTION ( 'NONE',  ( 0.000000000000000000, 0.000000000000000000, -1.000000000000000000 ) ) ;
#2516 = CARTESIAN_POINT ( 'NONE',  ( 1.649999999999999467, 0.2530000000000000027, 4.299999999999999822 ) ) ;
#2517 = VERTEX_POINT ( 'NONE', #5806 ) ;
#2518 = ORIENTED_EDGE ( 'NONE', *, *, #3163, .T. ) ;
#2519 = ORIENTED_EDGE ( 'NONE', *, *, #6453, .F. ) ;
#2520 = ORIENTED_EDGE ( 'NONE', *, *, #4081, .T. ) ;
#2521 = ADVANCED_FACE ( 'NONE', ( #3792 ), #3651, .T. ) ;
#2522 = CARTESIAN_POINT ( 'NONE',  ( 4.122499999999988063, 0.1125000000000000028, -4.122499999999850395 ) ) ;
#2523 = DIRECTION ( 'NONE',  ( -0.000000000000000000, 1.000000000000000000, -0.000000000000000000 ) ) ;
#2524 = ADVANCED_FACE ( 'NONE', ( #8003 ), #4911, .F. ) ;
#2525 = CARTESIAN_POINT ( 'NONE',  ( 0.04999999999999839295, 0.1125000000000000028, 0.000000000000000000 ) ) ;
#2526 = CARTESIAN_POINT ( 'NONE',  ( -2.150000000000000799, 0.2530000000000000027, -9.074999999999999289 ) ) ;
#2527 = ORIENTED_EDGE ( 'NONE', *, *, #4698, .F. ) ;
#2528 = ORIENTED_EDGE ( 'NONE', *, *, #3844, .F. ) ;
#2529 = DIRECTION ( 'NONE',  ( -0.000000000000000000, 1.000000000000000000, -0.000000000000000000 ) ) ;
#2530 = DIRECTION ( 'NONE',  ( 0.7071067811865444641, 0.000000000000000000, 0.7071067811865505703 ) ) ;
#2531 = ORIENTED_EDGE ( 'NONE', *, *, #1349, .T. ) ;
#2532 = DIRECTION ( 'NONE',  ( 1.000000000000000000, 0.000000000000000000, 0.000000000000000000 ) ) ;
#2533 = CARTESIAN_POINT ( 'NONE',  ( -0.5249999999999994671, 0.06250000000000000000, -9.875000000000000000 ) ) ;
#2534 = VERTEX_POINT ( 'NONE', #569 ) ;
#2535 = LINE ( 'NONE', #2607, #10730 ) ;
#2536 = ORIENTED_EDGE ( 'NONE', *, *, #10579, .F. ) ;
#2537 = VECTOR ( 'NONE', #9750, 1000.000000000000000 ) ;
#2538 = CARTESIAN_POINT ( 'NONE',  ( 0.000000000000000000, 0.1125000000000000028, 0.000000000000000000 ) ) ;
#2539 = DIRECTION ( 'NONE',  ( 0.000000000000000000, -1.000000000000000000, 0.000000000000000000 ) ) ;
#2540 = VERTEX_POINT ( 'NONE', #4759 ) ;
#2541 = ORIENTED_EDGE ( 'NONE', *, *, #9463, .F. ) ;
#2542 = CARTESIAN_POINT ( 'NONE',  ( -1.750000000000000444, 0.06250000000000000000, -2.403000000000000025 ) ) ;
#2543 = DIRECTION ( 'NONE',  ( 0.7071067811865465735, 0.000000000000000000, -0.7071067811865485719 ) ) ;
#2544 = VECTOR ( 'NONE', #4431, 1000.000000000000000 ) ;
#2545 = DIRECTION ( 'NONE',  ( 0.7071067811865452413, 0.000000000000000000, 0.7071067811865497932 ) ) ;
#2546 = DIRECTION ( 'NONE',  ( 0.000000000000000000, 0.000000000000000000, -1.000000000000000000 ) ) ;
#2547 = ORIENTED_EDGE ( 'NONE', *, *, #13528, .F. ) ;
#2548 = EDGE_CURVE ( 'NONE', #1440, #5155, #13306, .T. ) ;
#2549 = EDGE_LOOP ( 'NONE', ( #1686, #2887, #8801, #2255 ) ) ;
#2550 = VECTOR ( 'NONE', #13444, 1000.000000000000000 ) ;
#2551 = CARTESIAN_POINT ( 'NONE',  ( -0.05000000000000012768, 0.06250000000000000000, 0.000000000000000000 ) ) ;
#2552 = VECTOR ( 'NONE', #4470, 1000.000000000000000 ) ;
#2553 = DIRECTION ( 'NONE',  ( 0.7071067811865465735, 0.000000000000000000, -0.7071067811865485719 ) ) ;
#2554 = DIRECTION ( 'NONE',  ( 0.000000000000000000, 1.000000000000000000, -0.000000000000000000 ) ) ;
#2555 = ORIENTED_EDGE ( 'NONE', *, *, #10740, .T. ) ;
#2556 = CARTESIAN_POINT ( 'NONE',  ( -1.380000000000000115, 0.1125000000000000028, -0.000000000000000000 ) ) ;
#2557 =( LENGTH_UNIT ( ) NAMED_UNIT ( * ) SI_UNIT ( .MILLI., .METRE. ) );
#2558 = CARTESIAN_POINT ( 'NONE',  ( -2.200000000000000178, 0.000000000000000000, 5.349999999999999645 ) ) ;
#2559 = COLOUR_RGB ( '',1.000000000000000000, 0.8117647058823529438, 0.5019607843137254832 ) ;
#2560 = ORIENTED_EDGE ( 'NONE', *, *, #5793, .F. ) ;
#2561 = DIRECTION ( 'NONE',  ( 0.000000000000000000, 1.000000000000000000, 0.000000000000000000 ) ) ;
#2562 = ORIENTED_EDGE ( 'NONE', *, *, #3421, .F. ) ;
#2563 = ADVANCED_FACE ( 'NONE', ( #10071 ), #11101, .T. ) ;
#2564 = EDGE_CURVE ( 'NONE', #8914, #175, #13162, .T. ) ;
#2565 = FACE_OUTER_BOUND ( 'NONE', #3457, .T. ) ;
#2566 = ORIENTED_EDGE ( 'NONE', *, *, #7044, .T. ) ;
#2567 = EDGE_CURVE ( 'NONE', #1231, #5837, #8826, .T. ) ;
#2568 = DIRECTION ( 'NONE',  ( -1.000000000000000000, -0.000000000000000000, -0.000000000000000000 ) ) ;
#2569 = VECTOR ( 'NONE', #4501, 1000.000000000000000 ) ;
#2570 = CARTESIAN_POINT ( 'NONE',  ( 1.950000000000000400, 0.4780000000000000360, -9.799999999999998934 ) ) ;
#2571 = ORIENTED_EDGE ( 'NONE', *, *, #1047, .F. ) ;
#2572 = LINE ( 'NONE', #7956, #4373 ) ;
#2573 = DIRECTION ( 'NONE',  ( 1.000000000000000000, 0.000000000000000000, -1.084202172485504631E-15 ) ) ;
#2574 = DIRECTION ( 'NONE',  ( -0.7071067811865444641, 0.000000000000000000, 0.7071067811865505703 ) ) ;
#2575 = CARTESIAN_POINT ( 'NONE',  ( 0.000000000000000000, 0.06250000000000000000, -4.753000000000000114 ) ) ;
#2576 = VERTEX_POINT ( 'NONE', #3587 ) ;
#2577 = ORIENTED_EDGE ( 'NONE', *, *, #7723, .T. ) ;
#2578 = EDGE_CURVE ( 'NONE', #10133, #12293, #13242, .T. ) ;
#2579 = DIRECTION ( 'NONE',  ( 0.000000000000000000, -1.000000000000000000, 0.000000000000000000 ) ) ;
#2580 = VECTOR ( 'NONE', #13572, 1000.000000000000000 ) ;
#2581 = EDGE_CURVE ( 'NONE', #6576, #336, #4700, .T. ) ;
#2582 = DIRECTION ( 'NONE',  ( 0.000000000000000000, -1.000000000000000000, 0.000000000000000000 ) ) ;
#2583 = ORIENTED_EDGE ( 'NONE', *, *, #4874, .F. ) ;
#2584 = ORIENTED_EDGE ( 'NONE', *, *, #121, .T. ) ;
#2585 = ORIENTED_EDGE ( 'NONE', *, *, #10374, .F. ) ;
#2586 = EDGE_CURVE ( 'NONE', #12865, #13467, #10962, .T. ) ;
#2587 = ADVANCED_FACE ( 'NONE', ( #9240 ), #7102, .T. ) ;
#2588 = COLOUR_RGB ( '',0.5019607843137254832, 0.5019607843137254832, 0.5019607843137254832 ) ;
#2589 = VERTEX_POINT ( 'NONE', #9170 ) ;
#2590 = LINE ( 'NONE', #12310, #2161 ) ;
#2591 = DIRECTION ( 'NONE',  ( 0.000000000000000000, 0.000000000000000000, -1.000000000000000000 ) ) ;
#2592 = VECTOR ( 'NONE', #11965, 1000.000000000000000 ) ;
#2593 =( NAMED_UNIT ( * ) SI_UNIT ( $, .STERADIAN. ) SOLID_ANGLE_UNIT ( ) );
#2594 = DIRECTION ( 'NONE',  ( 2.647983596301103229E-15, 0.000000000000000000, -1.000000000000000000 ) ) ;
#2595 = CARTESIAN_POINT ( 'NONE',  ( 2.574999999999998845, 0.1125000000000000028, -8.875000000000000000 ) ) ;
#2596 = ORIENTED_EDGE ( 'NONE', *, *, #10650, .T. ) ;
#2597 = VERTEX_POINT ( 'NONE', #4129 ) ;
#2598 = CIRCLE ( 'NONE', #1291, 0.2000000000000005107 ) ;
#2599 = LINE ( 'NONE', #12037, #4595 ) ;
#2600 = EDGE_LOOP ( 'NONE', ( #7946, #12318, #4992, #4367 ) ) ;
#2601 = LINE ( 'NONE', #2471, #2007 ) ;
#2602 = ADVANCED_FACE ( 'NONE', ( #2069 ), #3097, .F. ) ;
#2603 = LINE ( 'NONE', #1512, #239 ) ;
#2604 = EDGE_CURVE ( 'NONE', #9125, #9423, #13509, .T. ) ;
#2605 = ORIENTED_EDGE ( 'NONE', *, *, #6530, .F. ) ;
#2606 = EDGE_CURVE ( 'NONE', #4116, #2439, #4207, .T. ) ;
#2607 = CARTESIAN_POINT ( 'NONE',  ( 1.575000000000005285, 0.06250000000000000000, -4.242530240160701508E-16 ) ) ;
#2608 = EDGE_LOOP ( 'NONE', ( #3823, #955, #1603, #3708 ) ) ;
#2609 = AXIS2_PLACEMENT_3D ( 'NONE', #4421, #2413, #3381 ) ;
#2610 = VECTOR ( 'NONE', #13315, 1000.000000000000000 ) ;
#2611 = FACE_OUTER_BOUND ( 'NONE', #4170, .T. ) ;
#2612 = VECTOR ( 'NONE', #1109, 1000.000000000000000 ) ;
#2613 = FILL_AREA_STYLE ('',( #11025 ) ) ;
#2614 = VECTOR ( 'NONE', #11993, 1000.000000000000114 ) ;
#2615 = DIRECTION ( 'NONE',  ( 0.000000000000000000, -1.000000000000000000, 0.000000000000000000 ) ) ;
#2616 = UNCERTAINTY_MEASURE_WITH_UNIT (LENGTH_MEASURE( 1.000000000000000082E-05 ), #11947, 'distance_accuracy_value', 'NONE');
#2617 = EDGE_LOOP ( 'NONE', ( #7177, #5130, #10996, #3819 ) ) ;
#2618 = VERTEX_POINT ( 'NONE', #8138 ) ;
#2619 = LINE ( 'NONE', #1452, #9228 ) ;
#2620 = DIRECTION ( 'NONE',  ( 0.000000000000000000, 0.000000000000000000, 1.000000000000000000 ) ) ;
#2621 = PLANE ( 'NONE',  #10151 ) ;
#2622 = AXIS2_PLACEMENT_3D ( 'NONE', #9774, #3495, #7702 ) ;
#2623 = LINE ( 'NONE', #8900, #9013 ) ;
#2624 = AXIS2_PLACEMENT_3D ( 'NONE', #9181, #13577, #3033 ) ;
#2625 = ORIENTED_EDGE ( 'NONE', *, *, #6208, .T. ) ;
#2626 = AXIS2_PLACEMENT_3D ( 'NONE', #7990, #12189, #1720 ) ;
#2627 = EDGE_CURVE ( 'NONE', #9817, #8444, #7299, .T. ) ;
#2628 = ORIENTED_EDGE ( 'NONE', *, *, #1741, .F. ) ;
#2629 = CARTESIAN_POINT ( 'NONE',  ( -0.6499999999999964695, 0.06250000000000000000, -8.424999999999997158 ) ) ;
#2630 = DIRECTION ( 'NONE',  ( -0.000000000000000000, 0.000000000000000000, -1.000000000000000000 ) ) ;
#2631 = PRESENTATION_LAYER_ASSIGNMENT (  '', '', ( #6166 ) ) ;
#2632 = LINE ( 'NONE', #12974, #4757 ) ;
#2633 = ORIENTED_EDGE ( 'NONE', *, *, #13336, .T. ) ;
#2634 = DIRECTION ( 'NONE',  ( -0.000000000000000000, -1.000000000000000000, -0.000000000000000000 ) ) ;
#2635 = FILL_AREA_STYLE_COLOUR ( '', #9733 ) ;
#2636 = DIRECTION ( 'NONE',  ( 1.000000000000000000, 0.000000000000000000, 1.084202172485504828E-15 ) ) ;
#2637 = ORIENTED_EDGE ( 'NONE', *, *, #3581, .F. ) ;
#2638 = DIRECTION ( 'NONE',  ( -2.647983596301103229E-15, 0.000000000000000000, -1.000000000000000000 ) ) ;
#2639 = ORIENTED_EDGE ( 'NONE', *, *, #7134, .T. ) ;
#2640 = CIRCLE ( 'NONE', #10355, 0.2000000000000005107 ) ;
#2641 = AXIS2_PLACEMENT_3D ( 'NONE', #8612, #10547, #2204 ) ;
#2642 = FACE_OUTER_BOUND ( 'NONE', #5600, .T. ) ;
#2643 = VECTOR ( 'NONE', #11546, 1000.000000000000000 ) ;
#2644 = ORIENTED_EDGE ( 'NONE', *, *, #2911, .T. ) ;
#2645 = DIRECTION ( 'NONE',  ( -2.647983596301103623E-15, 0.000000000000000000, -1.000000000000000000 ) ) ;
#2646 = ADVANCED_FACE ( 'NONE', ( #11508 ), #6268, .F. ) ;
#2647 = DIRECTION ( 'NONE',  ( 0.000000000000000000, -0.000000000000000000, -1.000000000000000000 ) ) ;
#2648 = VECTOR ( 'NONE', #10662, 1000.000000000000000 ) ;
#2649 = ORIENTED_EDGE ( 'NONE', *, *, #7202, .F. ) ;
#2650 = CARTESIAN_POINT ( 'NONE',  ( 1.115000000000003544, 0.06250000000000000000, -7.653000000000000469 ) ) ;
#2651 = AXIS2_PLACEMENT_3D ( 'NONE', #10689, #5400, #3443 ) ;
#2652 = FACE_OUTER_BOUND ( 'NONE', #4020, .T. ) ;
#2653 = CARTESIAN_POINT ( 'NONE',  ( 0.2250000000000010325, 0.06250000000000000000, -9.875000000000000000 ) ) ;
#2654 = PRODUCT_DEFINITION ( 'UNKNOWN', '', #1521, #10475 ) ;
#2655 = ORIENTED_EDGE ( 'NONE', *, *, #775, .F. ) ;
#2656 = ORIENTED_EDGE ( 'NONE', *, *, #4481, .T. ) ;
#2657 = CARTESIAN_POINT ( 'NONE',  ( -0.7019999999999981810, 2.080000000000000071, 9.429999999999999716 ) ) ;
#2658 = LINE ( 'NONE', #11890, #7712 ) ;
#2659 = ORIENTED_EDGE ( 'NONE', *, *, #1697, .T. ) ;
#2660 = ORIENTED_EDGE ( 'NONE', *, *, #10022, .T. ) ;
#2661 = ORIENTED_EDGE ( 'NONE', *, *, #1624, .F. ) ;
#2662 = VECTOR ( 'NONE', #6864, 1000.000000000000000 ) ;
#2663 = ORIENTED_EDGE ( 'NONE', *, *, #9730, .F. ) ;
#2664 = VECTOR ( 'NONE', #3497, 1000.000000000000000 ) ;
#2665 = CARTESIAN_POINT ( 'NONE',  ( -1.575000000000003064, 0.1125000000000000028, -4.242530240160686223E-16 ) ) ;
#2666 = PLANE ( 'NONE',  #881 ) ;
#2667 = EDGE_CURVE ( 'NONE', #6538, #12195, #2409, .T. ) ;
#2668 = EDGE_CURVE ( 'NONE', #3055, #2087, #10421, .T. ) ;
#2669 = DIRECTION ( 'NONE',  ( 1.000000000000000000, 0.000000000000000000, 0.000000000000000000 ) ) ;
#2670 = LINE ( 'NONE', #11215, #5656 ) ;
#2671 = ADVANCED_FACE ( 'NONE', ( #842 ), #8411, .F. ) ;
#2672 = CARTESIAN_POINT ( 'NONE',  ( -1.500000000000000444, 0.1125000000000000028, -4.753000000000000114 ) ) ;
#2673 = AXIS2_PLACEMENT_3D ( 'NONE', #11543, #4508, #2107 ) ;
#2674 = ORIENTED_EDGE ( 'NONE', *, *, #10190, .F. ) ;
#2675 = DIRECTION ( 'NONE',  ( -0.7071067811865358044, 0.000000000000000000, -0.7071067811865593411 ) ) ;
#2676 = CIRCLE ( 'NONE', #8608, 0.1749999999999998224 ) ;
#2677 = DIRECTION ( 'NONE',  ( -0.000000000000000000, 0.000000000000000000, -1.000000000000000000 ) ) ;
#2678 = EDGE_LOOP ( 'NONE', ( #3995, #10526, #9113, #9250 ) ) ;
#2679 = CARTESIAN_POINT ( 'NONE',  ( -1.350000000000000533, 0.2530000000000000027, -5.612999999999999545 ) ) ;
#2680 = FACE_OUTER_BOUND ( 'NONE', #12866, .T. ) ;
#2681 = VERTEX_POINT ( 'NONE', #5037 ) ;
#2682 = DIRECTION ( 'NONE',  ( -2.693669993752817464E-16, 0.000000000000000000, -1.000000000000000000 ) ) ;
#2683 = EDGE_LOOP ( 'NONE', ( #10868, #8610, #12465, #1234 ) ) ;
#2684 = CARTESIAN_POINT ( 'NONE',  ( 0.2149999999999986089, 0.06250000000000000000, -8.389999999999998792 ) ) ;
#2685 = EDGE_CURVE ( 'NONE', #9804, #8613, #6210, .T. ) ;
#2686 = DIRECTION ( 'NONE',  ( -0.000000000000000000, -1.000000000000000000, -0.000000000000000000 ) ) ;
#2687 = ADVANCED_FACE ( 'NONE', ( #10482 ), #12470, .T. ) ;
#2688 = CARTESIAN_POINT ( 'NONE',  ( -0.3750000000000003331, 0.06250000000000000000, -9.070000000000003837 ) ) ;
#2689 = EDGE_CURVE ( 'NONE', #589, #192, #780, .T. ) ;
#2690 = ORIENTED_EDGE ( 'NONE', *, *, #8257, .F. ) ;
#2691 = EDGE_LOOP ( 'NONE', ( #1865, #7918, #2119, #823, #9135 ) ) ;
#2692 = DIRECTION ( 'NONE',  ( -1.000000000000000000, 0.000000000000000000, 0.000000000000000000 ) ) ;
#2693 = CARTESIAN_POINT ( 'NONE',  ( -0.07499999999999890088, 0.06250000000000000000, -9.875000000000000000 ) ) ;
#2694 = VECTOR ( 'NONE', #12787, 1000.000000000000000 ) ;
#2695 = DIRECTION ( 'NONE',  ( 0.7071067811865147101, 0.000000000000000000, 0.7071067811865804353 ) ) ;
#2696 = DIRECTION ( 'NONE',  ( 0.000000000000000000, 1.000000000000000000, 0.000000000000000000 ) ) ;
#2697 = AXIS2_PLACEMENT_3D ( 'NONE', #8578, #2103, #1208 ) ;
#2698 = ORIENTED_EDGE ( 'NONE', *, *, #11922, .F. ) ;
#2699 = ORIENTED_EDGE ( 'NONE', *, *, #5374, .F. ) ;
#2700 = LINE ( 'NONE', #4491, #12601 ) ;
#2701 = COLOUR_RGB ( '',1.000000000000000000, 0.8117647058823529438, 0.5019607843137254832 ) ;
#2702 = LINE ( 'NONE', #6702, #9008 ) ;
#2703 = EDGE_CURVE ( 'NONE', #1852, #13467, #3022, .T. ) ;
#2704 = DIRECTION ( 'NONE',  ( 1.000000000000000000, 0.000000000000000000, 2.168404344971009262E-15 ) ) ;
#2705 = ORIENTED_EDGE ( 'NONE', *, *, #8256, .F. ) ;
#2706 = PLANE ( 'NONE',  #5262 ) ;
#2707 = CARTESIAN_POINT ( 'NONE',  ( -0.9850000000000023181, 0.06250000000000000000, -8.389999999999998792 ) ) ;
#2708 = CARTESIAN_POINT ( 'NONE',  ( -2.200000000000000622, 0.2530000000000000027, -8.325000000000001066 ) ) ;
#2709 = ORIENTED_EDGE ( 'NONE', *, *, #11408, .T. ) ;
#2710 = LINE ( 'NONE', #656, #11212 ) ;
#2711 = VERTEX_POINT ( 'NONE', #1032 ) ;
#2712 = DIRECTION ( 'NONE',  ( 0.000000000000000000, -0.000000000000000000, -1.000000000000000000 ) ) ;
#2713 = ORIENTED_EDGE ( 'NONE', *, *, #2004, .T. ) ;
#2714 = FACE_OUTER_BOUND ( 'NONE', #2162, .T. ) ;
#2715 = LINE ( 'NONE', #1552, #10473 ) ;
#2716 = VERTEX_POINT ( 'NONE', #914 ) ;
#2717 = DIRECTION ( 'NONE',  ( 0.000000000000000000, -1.000000000000000000, 0.000000000000000000 ) ) ;
#2718 = CARTESIAN_POINT ( 'NONE',  ( 2.350000000000000089, 0.4780000000000000360, -8.125000000000000000 ) ) ;
#2719 = DIRECTION ( 'NONE',  ( 1.000000000000000000, 0.000000000000000000, -7.228014483236656126E-16 ) ) ;
#2720 = EDGE_LOOP ( 'NONE', ( #3515, #6412, #13069, #9942 ) ) ;
#2721 = ORIENTED_EDGE ( 'NONE', *, *, #3517, .F. ) ;
#2722 = LINE ( 'NONE', #1632, #714 ) ;
#2723 = LINE ( 'NONE', #1424, #4190 ) ;
#2724 = ORIENTED_EDGE ( 'NONE', *, *, #7475, .F. ) ;
#2725 = ORIENTED_EDGE ( 'NONE', *, *, #11043, .F. ) ;
#2726 = ADVANCED_FACE ( 'NONE', ( #5110 ), #13365, .F. ) ;
#2727 = VERTEX_POINT ( 'NONE', #3926 ) ;
#2728 = LINE ( 'NONE', #1847, #9888 ) ;
#2729 = CARTESIAN_POINT ( 'NONE',  ( 2.000000000000000444, 0.4780000000000000360, -2.328000000000001624 ) ) ;
#2730 = DIRECTION ( 'NONE',  ( 0.000000000000000000, 0.000000000000000000, -1.000000000000000000 ) ) ;
#2731 = DIRECTION ( 'NONE',  ( -0.7071067811865584529, 0.000000000000000000, -0.7071067811865365815 ) ) ;
#2732 = EDGE_LOOP ( 'NONE', ( #585, #2040, #12886, #1372 ) ) ;
#2733 = ORIENTED_EDGE ( 'NONE', *, *, #8378, .T. ) ;
#2734 = DIRECTION ( 'NONE',  ( 0.7071067811865584529, 0.000000000000000000, -0.7071067811865365815 ) ) ;
#2735 = CARTESIAN_POINT ( 'NONE',  ( 2.149999999999999467, 0.2530000000000000027, 6.299999999999999822 ) ) ;
#2736 = ORIENTED_EDGE ( 'NONE', *, *, #8664, .F. ) ;
#2737 = DIRECTION ( 'NONE',  ( -1.000000000000000000, 0.000000000000000000, -0.000000000000000000 ) ) ;
#2738 = DIRECTION ( 'NONE',  ( 0.000000000000000000, 0.000000000000000000, 1.000000000000000000 ) ) ;
#2739 = ORIENTED_EDGE ( 'NONE', *, *, #5275, .F. ) ;
#2740 = EDGE_CURVE ( 'NONE', #8878, #9633, #12539, .T. ) ;
#2741 = DIRECTION ( 'NONE',  ( 1.000000000000000000, 0.000000000000000000, 0.000000000000000000 ) ) ;
#2742 = EDGE_CURVE ( 'NONE', #2117, #3776, #7512, .T. ) ;
#2743 = EDGE_LOOP ( 'NONE', ( #8844, #10174, #13343, #8855, #11621, #11262, #11053, #4779 ) ) ;
#2744 = EDGE_CURVE ( 'NONE', #3856, #3460, #4478, .T. ) ;
#2745 = LINE ( 'NONE', #11153, #11190 ) ;
#2746 = CARTESIAN_POINT ( 'NONE',  ( -0.4500000000000001221, 0.06250000000000000000, -2.403000000000000025 ) ) ;
#2747 = CARTESIAN_POINT ( 'NONE',  ( 1.020000000000003570, 0.1125000000000000028, 0.000000000000000000 ) ) ;
#2748 = UNCERTAINTY_MEASURE_WITH_UNIT (LENGTH_MEASURE( 1.000000000000000082E-05 ), #6463, 'distance_accuracy_value', 'NONE');
#2749 = EDGE_LOOP ( 'NONE', ( #10012, #6022, #9972, #5734, #13417, #2187, #9527, #2283, #5653, #8097, #10950, #1859 ) ) ;
#2750 = ORIENTED_EDGE ( 'NONE', *, *, #1856, .T. ) ;
#2751 = CARTESIAN_POINT ( 'NONE',  ( -0.05000000000000012768, 0.06250000000000000000, -3.403000000000000025 ) ) ;
#2752 = CARTESIAN_POINT ( 'NONE',  ( 2.200000000000001510, 0.2530000000000000027, 6.300000000000001599 ) ) ;
#2753 = DIRECTION ( 'NONE',  ( 1.000000000000000000, 0.000000000000000000, 0.000000000000000000 ) ) ;
#2754 = LINE ( 'NONE', #11166, #8786 ) ;
#2755 = ORIENTED_EDGE ( 'NONE', *, *, #10650, .F. ) ;
#2756 = ADVANCED_FACE ( 'NONE', ( #10742 ), #12671, .T. ) ;
#2757 = AXIS2_PLACEMENT_3D ( 'NONE', #2570, #6780, #10987 ) ;
#2758 = EDGE_CURVE ( 'NONE', #10733, #11904, #6484, .T. ) ;
#2759 = VERTEX_POINT ( 'NONE', #4537 ) ;
#2760 = EDGE_CURVE ( 'NONE', #12138, #7925, #3227, .T. ) ;
#2761 = DIRECTION ( 'NONE',  ( 0.000000000000000000, -1.000000000000000000, 0.000000000000000000 ) ) ;
#2762 = SURFACE_SIDE_STYLE ('',( #11242 ) ) ;
#2763 = DIRECTION ( 'NONE',  ( -1.196361017915039437E-15, 0.000000000000000000, -1.000000000000000000 ) ) ;
#2764 = VECTOR ( 'NONE', #6972, 1000.000000000000000 ) ;
#2765 = DIRECTION ( 'NONE',  ( -0.7071067811865321406, 0.000000000000000000, -0.7071067811865627828 ) ) ;
#2766 = ORIENTED_EDGE ( 'NONE', *, *, #4342, .F. ) ;
#2767 = CARTESIAN_POINT ( 'NONE',  ( 0.000000000000000000, 0.1125000000000000028, -4.753000000000000114 ) ) ;
#2768 = SURFACE_STYLE_USAGE ( .BOTH. , #12211 ) ;
#2769 = PLANE ( 'NONE',  #11183 ) ;
#2770 = ORIENTED_EDGE ( 'NONE', *, *, #2479, .F. ) ;
#2771 = CARTESIAN_POINT ( 'NONE',  ( -1.414999999999999591, 0.06250000000000000000, -8.389999999999998792 ) ) ;
#2772 = ORIENTED_EDGE ( 'NONE', *, *, #2868, .F. ) ;
#2773 = CARTESIAN_POINT ( 'NONE',  ( 0.5250000000000045741, 0.06250000000000000000, -9.799999999999998934 ) ) ;
#2774 = EDGE_CURVE ( 'NONE', #4455, #417, #1309, .T. ) ;
#2775 = ORIENTED_EDGE ( 'NONE', *, *, #4303, .T. ) ;
#2776 = EDGE_CURVE ( 'NONE', #7069, #3652, #7431, .T. ) ;
#2777 = AXIS2_PLACEMENT_3D ( 'NONE', #8604, #12811, #10732 ) ;
#2778 = FACE_OUTER_BOUND ( 'NONE', #8362, .T. ) ;
#2779 = LINE ( 'NONE', #10235, #12890 ) ;
#2780 = VERTEX_POINT ( 'NONE', #9777 ) ;
#2781 = CARTESIAN_POINT ( 'NONE',  ( -1.620000000000000773, 0.06250000000000000000, -9.025000000000000355 ) ) ;
#2782 = DIRECTION ( 'NONE',  ( 0.000000000000000000, 0.000000000000000000, 1.000000000000000000 ) ) ;
#2783 = CARTESIAN_POINT ( 'NONE',  ( -1.620000000000000773, 0.1125000000000000028, -9.025000000000000355 ) ) ;
#2784 = DIRECTION ( 'NONE',  ( -1.000000000000000000, 0.000000000000000000, 0.000000000000000000 ) ) ;
#2785 = ORIENTED_EDGE ( 'NONE', *, *, #10756, .F. ) ;
#2786 = VERTEX_POINT ( 'NONE', #8676 ) ;
#2787 = DIRECTION ( 'NONE',  ( -0.000000000000000000, 0.000000000000000000, 1.000000000000000000 ) ) ;
#2788 = LINE ( 'NONE', #3890, #8165 ) ;
#2789 = ORIENTED_EDGE ( 'NONE', *, *, #6892, .T. ) ;
#2790 = ORIENTED_EDGE ( 'NONE', *, *, #13622, .F. ) ;
#2791 = DIRECTION ( 'NONE',  ( -0.000000000000000000, 1.000000000000000000, -0.000000000000000000 ) ) ;
#2792 = CARTESIAN_POINT ( 'NONE',  ( 0.000000000000000000, 0.06250000000000000000, -9.875000000000000000 ) ) ;
#2793 = DIRECTION ( 'NONE',  ( 1.000000000000000000, 0.000000000000000000, 0.000000000000000000 ) ) ;
#2794 = CARTESIAN_POINT ( 'NONE',  ( -0.8249999999999997335, 0.1125000000000000028, -9.070000000000003837 ) ) ;
#2795 = DIRECTION ( 'NONE',  ( 0.000000000000000000, 1.000000000000000000, 0.000000000000000000 ) ) ;
#2796 = LINE ( 'NONE', #3767, #8622 ) ;
#2797 = VERTEX_POINT ( 'NONE', #12741 ) ;
#2798 = DIRECTION ( 'NONE',  ( 0.000000000000000000, 0.000000000000000000, -1.000000000000000000 ) ) ;
#2799 = ORIENTED_EDGE ( 'NONE', *, *, #1989, .F. ) ;
#2800 = CARTESIAN_POINT ( 'NONE',  ( 0.9049999999999992495, 0.4780000000000000360, 1.874999999999999778 ) ) ;
#2801 = DIRECTION ( 'NONE',  ( 1.000000000000000000, 0.000000000000000000, -0.000000000000000000 ) ) ;
#2802 = ORIENTED_EDGE ( 'NONE', *, *, #2433, .F. ) ;
#2803 = EDGE_LOOP ( 'NONE', ( #1100, #10041, #6511, #1549 ) ) ;
#2804 = VECTOR ( 'NONE', #2573, 1000.000000000000000 ) ;
#2805 = LINE ( 'NONE', #3007, #3026 ) ;
#2806 = DIRECTION ( 'NONE',  ( -0.7071067811865356934, 0.000000000000000000, -0.7071067811865593411 ) ) ;
#2807 = SURFACE_STYLE_FILL_AREA ( #11228 ) ;
#2808 = VECTOR ( 'NONE', #2140, 1000.000000000000000 ) ;
#2809 = DIRECTION ( 'NONE',  ( 1.000000000000000000, 0.000000000000000000, 0.000000000000000000 ) ) ;
#2810 = ADVANCED_FACE ( 'NONE', ( #5529 ), #11635, .T. ) ;
#2811 = ORIENTED_EDGE ( 'NONE', *, *, #661, .T. ) ;
#2812 = ORIENTED_EDGE ( 'NONE', *, *, #9813, .T. ) ;
#2813 = DIRECTION ( 'NONE',  ( 0.7071067811865584529, 0.000000000000000000, -0.7071067811865365815 ) ) ;
#2814 = DIRECTION ( 'NONE',  ( -0.000000000000000000, 1.000000000000000000, -0.000000000000000000 ) ) ;
#2815 = LINE ( 'NONE', #4830, #3093 ) ;
#2816 = DIRECTION ( 'NONE',  ( -0.7071067811865321406, 0.000000000000000000, -0.7071067811865628938 ) ) ;
#2817 = ORIENTED_EDGE ( 'NONE', *, *, #1141, .T. ) ;
#2818 = VECTOR ( 'NONE', #4549, 1000.000000000000000 ) ;
#2819 = VECTOR ( 'NONE', #1317, 1000.000000000000000 ) ;
#2820 = AXIS2_PLACEMENT_3D ( 'NONE', #2821, #10075, #2956 ) ;
#2821 = CARTESIAN_POINT ( 'NONE',  ( -1.575000000000003064, 0.06250000000000000000, -4.242530240160686223E-16 ) ) ;
#2822 = FACE_OUTER_BOUND ( 'NONE', #2034, .T. ) ;
#2823 = LINE ( 'NONE', #6020, #2902 ) ;
#2824 = ADVANCED_FACE ( 'NONE', ( #3370 ), #2129, .T. ) ;
#2825 = VECTOR ( 'NONE', #8926, 1000.000000000000000 ) ;
#2826 = ADVANCED_FACE ( 'NONE', ( #10619 ), #2271, .T. ) ;
#2827 = PLANE ( 'NONE',  #11801 ) ;
#2828 = VECTOR ( 'NONE', #1751, 1000.000000000000000 ) ;
#2829 = ORIENTED_EDGE ( 'NONE', *, *, #1759, .F. ) ;
#2830 = DIRECTION ( 'NONE',  ( -1.000000000000000000, 0.000000000000000000, 0.000000000000000000 ) ) ;
#2831 = AXIS2_PLACEMENT_3D ( 'NONE', #13469, #4031, #8232 ) ;
#2832 = DIRECTION ( 'NONE',  ( 0.7071067811865804353, 0.000000000000000000, -0.7071067811865147101 ) ) ;
#2833 = DIRECTION ( 'NONE',  ( 0.000000000000000000, 0.000000000000000000, 1.000000000000000000 ) ) ;
#2834 = VECTOR ( 'NONE', #1433, 1000.000000000000000 ) ;
#2835 = EDGE_CURVE ( 'NONE', #3610, #11384, #1236, .T. ) ;
#2836 = EDGE_CURVE ( 'NONE', #7223, #11376, #7582, .T. ) ;
#2837 = LINE ( 'NONE', #3618, #3082 ) ;
#2838 = ORIENTED_EDGE ( 'NONE', *, *, #2089, .F. ) ;
#2839 = LINE ( 'NONE', #586, #12091 ) ;
#2840 = AXIS2_PLACEMENT_3D ( 'NONE', #12207, #11373, #13310 ) ;
#2841 = ORIENTED_EDGE ( 'NONE', *, *, #3752, .F. ) ;
#2842 = FACE_OUTER_BOUND ( 'NONE', #3042, .T. ) ;
#2843 = ORIENTED_EDGE ( 'NONE', *, *, #600, .F. ) ;
#2844 = VECTOR ( 'NONE', #1666, 1000.000000000000000 ) ;
#2845 = AXIS2_PLACEMENT_3D ( 'NONE', #5326, #9521, #1248 ) ;
#2846 = CARTESIAN_POINT ( 'NONE',  ( 1.585000000000003739, 0.06250000000000000000, -8.389999999999998792 ) ) ;
#2847 = EDGE_CURVE ( 'NONE', #1919, #10545, #11772, .T. ) ;
#2848 = CARTESIAN_POINT ( 'NONE',  ( -0.9849999999999802247, 0.06250000000000000000, 2.608263842356534209E-15 ) ) ;
#2849 = ORIENTED_EDGE ( 'NONE', *, *, #8045, .T. ) ;
#2850 = ADVANCED_FACE ( 'NONE', ( #1175 ), #5316, .T. ) ;
#2851 = FACE_OUTER_BOUND ( 'NONE', #6790, .T. ) ;
#2852 = DIRECTION ( 'NONE',  ( -0.7071067811865465735, 0.000000000000000000, -0.7071067811865485719 ) ) ;
#2853 = PLANE ( 'NONE',  #8162 ) ;
#2854 = EDGE_CURVE ( 'NONE', #7286, #2786, #11564, .T. ) ;
#2855 = CARTESIAN_POINT ( 'NONE',  ( -0.000000000000000000, 0.1125000000000000028, -9.875000000000000000 ) ) ;
#2856 = ORIENTED_EDGE ( 'NONE', *, *, #3611, .T. ) ;
#2857 = VECTOR ( 'NONE', #6745, 1000.000000000000000 ) ;
#2858 = VECTOR ( 'NONE', #2266, 1000.000000000000000 ) ;
#2859 = ORIENTED_EDGE ( 'NONE', *, *, #4044, .F. ) ;
#2860 = LINE ( 'NONE', #4869, #3770 ) ;
#2861 = DIRECTION ( 'NONE',  ( 0.000000000000000000, 0.000000000000000000, -1.000000000000000000 ) ) ;
#2862 = ORIENTED_EDGE ( 'NONE', *, *, #7911, .T. ) ;
#2863 = ORIENTED_EDGE ( 'NONE', *, *, #1668, .T. ) ;
#2864 = LINE ( 'NONE', #13542, #13392 ) ;
#2865 = CARTESIAN_POINT ( 'NONE',  ( 1.350000000000009415, 0.06250000000000000000, -1.463672932855441833E-15 ) ) ;
#2866 = DIRECTION ( 'NONE',  ( -1.000000000000000000, 0.000000000000000000, 1.355252715606880049E-16 ) ) ;
#2867 = CARTESIAN_POINT ( 'NONE',  ( -0.8150000000000198197, 0.06250000000000000000, -2.158106630985451445E-15 ) ) ;
#2868 = EDGE_CURVE ( 'NONE', #7997, #5308, #7481, .T. ) ;
#2869 = ORIENTED_EDGE ( 'NONE', *, *, #3002, .T. ) ;
#2870 = CARTESIAN_POINT ( 'NONE',  ( 0.000000000000000000, 0.2530000000000000027, 0.000000000000000000 ) ) ;
#2871 = ORIENTED_EDGE ( 'NONE', *, *, #3167, .T. ) ;
#2872 = LINE ( 'NONE', #7087, #936 ) ;
#2873 = VECTOR ( 'NONE', #4871, 1000.000000000000000 ) ;
#2874 = DIRECTION ( 'NONE',  ( 0.7071067811865365815, 0.000000000000000000, 0.7071067811865584529 ) ) ;
#2875 = VECTOR ( 'NONE', #5109, 1000.000000000000000 ) ;
#2876 = ORIENTED_EDGE ( 'NONE', *, *, #1697, .F. ) ;
#2877 = ORIENTED_EDGE ( 'NONE', *, *, #7610, .T. ) ;
#2878 = CARTESIAN_POINT ( 'NONE',  ( 0.1500000000000083489, 0.1125000000000000028, -1.626303258728347617E-16 ) ) ;
#2879 = CARTESIAN_POINT ( 'NONE',  ( 4.122499999999988063, 0.06250000000000000000, -4.122499999999850395 ) ) ;
#2880 = AXIS2_PLACEMENT_3D ( 'NONE', #9690, #1145, #9754 ) ;
#2881 = SURFACE_STYLE_FILL_AREA ( #12403 ) ;
#2882 = CLOSED_SHELL ( 'NONE', ( #5454, #4895, #9341, #10930, #993, #748 ) ) ;
#2883 = AXIS2_PLACEMENT_3D ( 'NONE', #6058, #5092, #12245 ) ;
#2884 = LINE ( 'NONE', #704, #4584 ) ;
#2885 = UNCERTAINTY_MEASURE_WITH_UNIT (LENGTH_MEASURE( 1.000000000000000082E-05 ), #11677, 'distance_accuracy_value', 'NONE');
#2886 = ORIENTED_EDGE ( 'NONE', *, *, #10905, .T. ) ;
#2887 = ORIENTED_EDGE ( 'NONE', *, *, #3533, .F. ) ;
#2888 = DIRECTION ( 'NONE',  ( 1.000000000000000000, 0.000000000000000000, 0.000000000000000000 ) ) ;
#2889 = CARTESIAN_POINT ( 'NONE',  ( -0.8249999999999997335, 0.06250000000000000000, -9.070000000000003837 ) ) ;
#2890 = DIRECTION ( 'NONE',  ( -2.942203995890114589E-16, 0.000000000000000000, -1.000000000000000000 ) ) ;
#2891 = VECTOR ( 'NONE', #7813, 1000.000000000000000 ) ;
#2892 = VECTOR ( 'NONE', #4186, 1000.000000000000000 ) ;
#2893 = ADVANCED_FACE ( 'NONE', ( #140 ), #7707, .T. ) ;
#2894 = DIRECTION ( 'NONE',  ( -0.000000000000000000, -1.000000000000000000, -0.000000000000000000 ) ) ;
#2895 =( LENGTH_UNIT ( ) NAMED_UNIT ( * ) SI_UNIT ( .MILLI., .METRE. ) );
#2896 = CARTESIAN_POINT ( 'NONE',  ( 0.7499999999999988898, 0.1125000000000000028, -9.124999999999998224 ) ) ;
#2897 = CARTESIAN_POINT ( 'NONE',  ( -0.2019999999999983475, 2.880000000000000338, 9.054631419979587648 ) ) ;
#2898 = LINE ( 'NONE', #3936, #10059 ) ;
#2899 = MECHANICAL_DESIGN_GEOMETRIC_PRESENTATION_REPRESENTATION (  '', ( #9961 ), #4685 ) ;
#2900 = ORIENTED_EDGE ( 'NONE', *, *, #7371, .F. ) ;
#2901 = DIRECTION ( 'NONE',  ( 0.7071067811865465735, 0.000000000000000000, -0.7071067811865485719 ) ) ;
#2902 = VECTOR ( 'NONE', #921, 1000.000000000000000 ) ;
#2903 = FACE_OUTER_BOUND ( 'NONE', #7249, .T. ) ;
#2904 = LINE ( 'NONE', #1819, #3916 ) ;
#2905 = PRESENTATION_STYLE_ASSIGNMENT (( #12421 ) ) ;
#2906 = CARTESIAN_POINT ( 'NONE',  ( 0.000000000000000000, 0.000000000000000000, 0.000000000000000000 ) ) ;
#2907 = ORIENTED_EDGE ( 'NONE', *, *, #13011, .T. ) ;
#2908 = DIRECTION ( 'NONE',  ( 0.000000000000000000, -1.000000000000000000, 0.000000000000000000 ) ) ;
#2909 = EDGE_LOOP ( 'NONE', ( #5294, #9558, #9439, #4130, #11509, #10470, #9551, #5143 ) ) ;
#2910 = VERTEX_POINT ( 'NONE', #13293 ) ;
#2911 = EDGE_CURVE ( 'NONE', #11620, #10232, #10056, .T. ) ;
#2912 = AXIS2_PLACEMENT_3D ( 'NONE', #5123, #13518, #9454 ) ;
#2913 = EDGE_CURVE ( 'NONE', #7820, #4522, #2603, .T. ) ;
#2914 = AXIS2_PLACEMENT_3D ( 'NONE', #2350, #9530, #6566 ) ;
#2915 = LINE ( 'NONE', #7120, #5795 ) ;
#2916 = EDGE_CURVE ( 'NONE', #12148, #1919, #3707, .T. ) ;
#2917 = CARTESIAN_POINT ( 'NONE',  ( 1.800000000000000488, 0.4780000000000000360, -2.328000000000000291 ) ) ;
#2918 = ORIENTED_EDGE ( 'NONE', *, *, #6791, .T. ) ;
#2919 = LINE ( 'NONE', #12371, #2181 ) ;
#2920 = DIRECTION ( 'NONE',  ( 0.000000000000000000, -0.000000000000000000, -1.000000000000000000 ) ) ;
#2921 = DIRECTION ( 'NONE',  ( 2.647983596301103229E-15, 0.000000000000000000, -1.000000000000000000 ) ) ;
#2922 =( NAMED_UNIT ( * ) SI_UNIT ( $, .STERADIAN. ) SOLID_ANGLE_UNIT ( ) );
#2923 = ORIENTED_EDGE ( 'NONE', *, *, #12783, .F. ) ;
#2924 = ORIENTED_EDGE ( 'NONE', *, *, #7723, .F. ) ;
#2925 = DIRECTION ( 'NONE',  ( -0.000000000000000000, 1.000000000000000000, -0.000000000000000000 ) ) ;
#2926 = CARTESIAN_POINT ( 'NONE',  ( -2.200000000000000622, 0.2530000000000000027, -6.460000000000002629 ) ) ;
#2927 = ORIENTED_EDGE ( 'NONE', *, *, #7717, .F. ) ;
#2928 = EDGE_CURVE ( 'NONE', #7891, #6698, #5651, .T. ) ;
#2929 = EDGE_CURVE ( 'NONE', #8662, #8895, #8949, .T. ) ;
#2930 = EDGE_CURVE ( 'NONE', #1515, #1919, #12116, .T. ) ;
#2931 = LINE ( 'NONE', #882, #3010 ) ;
#2932 = CARTESIAN_POINT ( 'NONE',  ( -0.2019999999999982920, 1.089999999999999414, 9.150000000000000355 ) ) ;
#2933 = DIRECTION ( 'NONE',  ( 0.000000000000000000, -0.000000000000000000, 1.000000000000000000 ) ) ;
#2934 = LINE ( 'NONE', #9483, #1396 ) ;
#2935 = DIRECTION ( 'NONE',  ( 2.647983596301103623E-15, 0.000000000000000000, -1.000000000000000000 ) ) ;
#2936 = PLANE ( 'NONE',  #3339 ) ;
#2937 = ORIENTED_EDGE ( 'NONE', *, *, #3691, .F. ) ;
#2938 = CARTESIAN_POINT ( 'NONE',  ( 1.285000000000000808, 0.06250000000000000000, -7.653000000000000469 ) ) ;
#2939 = CARTESIAN_POINT ( 'NONE',  ( -0.7000000000000002887, 0.1125000000000000028, -3.403000000000000025 ) ) ;
#2940 = ORIENTED_EDGE ( 'NONE', *, *, #7285, .T. ) ;
#2941 = DIRECTION ( 'NONE',  ( -0.000000000000000000, 1.000000000000000000, -0.000000000000000000 ) ) ;
#2942 = CARTESIAN_POINT ( 'NONE',  ( -1.707500000000000684, 0.06250000000000000000, -7.653000000000000469 ) ) ;
#2943 = ORIENTED_EDGE ( 'NONE', *, *, #10837, .F. ) ;
#2944 = ORIENTED_EDGE ( 'NONE', *, *, #1107, .F. ) ;
#2945 = ADVANCED_FACE ( 'NONE', ( #1650 ), #5926, .F. ) ;
#2946 = EDGE_CURVE ( 'NONE', #8176, #12864, #5723, .T. ) ;
#2947 = DIRECTION ( 'NONE',  ( 0.000000000000000000, -1.000000000000000000, 0.000000000000000000 ) ) ;
#2948 = CARTESIAN_POINT ( 'NONE',  ( 1.750000000000000666, 0.1125000000000000028, -4.753000000000000114 ) ) ;
#2949 = FACE_OUTER_BOUND ( 'NONE', #6446, .T. ) ;
#2950 = ORIENTED_EDGE ( 'NONE', *, *, #6562, .F. ) ;
#2951 = ORIENTED_EDGE ( 'NONE', *, *, #11694, .F. ) ;
#2952 = CARTESIAN_POINT ( 'NONE',  ( 0.000000000000000000, 0.1125000000000000028, 0.000000000000000000 ) ) ;
#2953 = CARTESIAN_POINT ( 'NONE',  ( 2.149999999999999911, 0.000000000000000000, -6.987373870972730217 ) ) ;
#2954 = DIRECTION ( 'NONE',  ( -0.000000000000000000, 1.000000000000000000, -0.000000000000000000 ) ) ;
#2955 = DIRECTION ( 'NONE',  ( -1.000000000000000000, 0.000000000000000000, 0.000000000000000000 ) ) ;
#2956 = DIRECTION ( 'NONE',  ( 2.693669993752811547E-16, 0.000000000000000000, -1.000000000000000000 ) ) ;
#2957 = FILL_AREA_STYLE_COLOUR ( '', #1900 ) ;
#2958 = DIRECTION ( 'NONE',  ( 0.000000000000000000, 0.000000000000000000, -1.000000000000000000 ) ) ;
#2959 = DIRECTION ( 'NONE',  ( -2.693669993752817464E-16, 0.000000000000000000, -1.000000000000000000 ) ) ;
#2960 = LINE ( 'NONE', #6021, #5194 ) ;
#2961 = VERTEX_POINT ( 'NONE', #6948 ) ;
#2962 = CARTESIAN_POINT ( 'NONE',  ( -0.8500000000000003109, 0.06250000000000000000, -4.753000000000000114 ) ) ;
#2963 = CARTESIAN_POINT ( 'NONE',  ( 0.000000000000000000, 0.06250000000000000000, 0.000000000000000000 ) ) ;
#2964 = PLANE ( 'NONE',  #9669 ) ;
#2965 = DIRECTION ( 'NONE',  ( 1.000000000000000000, 0.000000000000000000, 0.000000000000000000 ) ) ;
#2966 = LINE ( 'NONE', #5058, #1975 ) ;
#2967 = ORIENTED_EDGE ( 'NONE', *, *, #2689, .F. ) ;
#2968 = ORIENTED_EDGE ( 'NONE', *, *, #347, .T. ) ;
#2969 = ORIENTED_EDGE ( 'NONE', *, *, #3271, .F. ) ;
#2970 = DIRECTION ( 'NONE',  ( 0.000000000000000000, -1.000000000000000000, 0.000000000000000000 ) ) ;
#2971 = VECTOR ( 'NONE', #9808, 1000.000000000000000 ) ;
#2972 = CARTESIAN_POINT ( 'NONE',  ( -4.902499999999976765, 0.06250000000000000000, -4.902500000000128644 ) ) ;
#2973 = VERTEX_POINT ( 'NONE', #4814 ) ;
#2974 = CARTESIAN_POINT ( 'NONE',  ( -0.1799999999999974398, 0.1125000000000000028, -8.424999999999997158 ) ) ;
#2975 = FILL_AREA_STYLE ('',( #8233 ) ) ;
#2976 = LINE ( 'NONE', #6097, #5543 ) ;
#2977 = EDGE_CURVE ( 'NONE', #2183, #4639, #8885, .T. ) ;
#2978 = SURFACE_STYLE_FILL_AREA ( #4297 ) ;
#2979 = EDGE_CURVE ( 'NONE', #5373, #417, #486, .T. ) ;
#2980 = ORIENTED_EDGE ( 'NONE', *, *, #2082, .T. ) ;
#2981 = EDGE_LOOP ( 'NONE', ( #5348, #10057, #10465, #6450, #200, #4462, #3032, #4618, #5187, #13205, #1999, #5079 ) ) ;
#2982 = EDGE_CURVE ( 'NONE', #890, #1194, #9460, .T. ) ;
#2983 = DIRECTION ( 'NONE',  ( 1.000000000000000000, 0.000000000000000000, 0.000000000000000000 ) ) ;
#2984 = VECTOR ( 'NONE', #5674, 1000.000000000000000 ) ;
#2985 = DIRECTION ( 'NONE',  ( 0.000000000000000000, -1.000000000000000000, 0.000000000000000000 ) ) ;
#2986 = EDGE_LOOP ( 'NONE', ( #2713, #7333, #7008, #2421 ) ) ;
#2987 = STYLED_ITEM ( 'NONE', ( #9782 ), #5239 ) ;
#2988 = SURFACE_SIDE_STYLE ('',( #11337 ) ) ;
#2989 = CARTESIAN_POINT ( 'NONE',  ( -2.150000000000000799, 0.2530000000000000027, -8.325000000000001066 ) ) ;
#2990 = CIRCLE ( 'NONE', #8285, 0.1749999999999998224 ) ;
#2991 = PLANE ( 'NONE',  #12276 ) ;
#2992 = DIRECTION ( 'NONE',  ( 0.000000000000000000, -0.000000000000000000, -1.000000000000000000 ) ) ;
#2993 = EDGE_CURVE ( 'NONE', #11799, #589, #5852, .T. ) ;
#2994 = LINE ( 'NONE', #11412, #5339 ) ;
#2995 = ADVANCED_FACE ( 'NONE', ( #11018 ), #3568, .T. ) ;
#2996 = VERTEX_POINT ( 'NONE', #7774 ) ;
#2997 = SURFACE_SIDE_STYLE ('',( #13344 ) ) ;
#2998 = DIRECTION ( 'NONE',  ( 2.693669993752817464E-16, 0.000000000000000000, -1.000000000000000000 ) ) ;
#2999 = PRESENTATION_LAYER_ASSIGNMENT (  '', '', ( #2347 ) ) ;
#3000 = VERTEX_POINT ( 'NONE', #4680 ) ;
#3001 = EDGE_CURVE ( 'NONE', #2589, #11193, #7912, .T. ) ;
#3002 = EDGE_CURVE ( 'NONE', #8895, #6440, #10945, .T. ) ;
#3003 = DIRECTION ( 'NONE',  ( 1.000000000000000000, 0.000000000000000000, -0.000000000000000000 ) ) ;
#3004 = DIRECTION ( 'NONE',  ( 1.000000000000000000, 0.000000000000000000, 4.119085594246160228E-15 ) ) ;
#3005 = ORIENTED_EDGE ( 'NONE', *, *, #4697, .T. ) ;
#3006 = EDGE_LOOP ( 'NONE', ( #7452, #1363, #11655, #5514, #10230, #3292, #3360, #12672, #8700, #795, #6164, #3601, #1304, #4436, #4327, #7490 ) ) ;
#3007 = CARTESIAN_POINT ( 'NONE',  ( -1.867500000000000826, 0.06250000000000000000, -9.799999999999998934 ) ) ;
#3008 = DIRECTION ( 'NONE',  ( -2.942203995890121492E-16, 0.000000000000000000, -1.000000000000000000 ) ) ;
#3009 = VECTOR ( 'NONE', #10906, 1000.000000000000000 ) ;
#3010 = VECTOR ( 'NONE', #7135, 1000.000000000000000 ) ;
#3011 =( LENGTH_UNIT ( ) NAMED_UNIT ( * ) SI_UNIT ( .MILLI., .METRE. ) );
#3012 = CARTESIAN_POINT ( 'NONE',  ( -1.149999999999998579, 0.06250000000000000000, -8.424999999999997158 ) ) ;
#3013 = UNCERTAINTY_MEASURE_WITH_UNIT (LENGTH_MEASURE( 1.000000000000000082E-05 ), #1484, 'distance_accuracy_value', 'NONE');
#3014 = ORIENTED_EDGE ( 'NONE', *, *, #4799, .T. ) ;
#3015 = ADVANCED_FACE ( 'NONE', ( #13224 ), #1583, .F. ) ;
#3016 = ORIENTED_EDGE ( 'NONE', *, *, #12511, .T. ) ;
#3017 = ADVANCED_FACE ( 'NONE', ( #2680 ), #5221, .F. ) ;
#3018 = SURFACE_STYLE_USAGE ( .BOTH. , #10478 ) ;
#3019 = CARTESIAN_POINT ( 'NONE',  ( -1.799999999999999600, 0.4780000000000000360, -4.798000000000000043 ) ) ;
#3020 = ADVANCED_FACE ( 'NONE', ( #8042 ), #1917, .F. ) ;
#3021 = CYLINDRICAL_SURFACE ( 'NONE', #11469, 0.3999999999999995226 ) ;
#3022 = LINE ( 'NONE', #9367, #7261 ) ;
#3023 = PRODUCT ( 'BMV080', 'BMV080', '', ( #4544 ) ) ;
#3024 = AXIS2_PLACEMENT_3D ( 'NONE', #11912, #2475, #6418 ) ;
#3025 = STYLED_ITEM ( 'NONE', ( #7828 ), #5475 ) ;
#3026 = VECTOR ( 'NONE', #900, 1000.000000000000000 ) ;
#3027 = CARTESIAN_POINT ( 'NONE',  ( -0.05000000000000012768, 0.06250000000000000000, -2.403000000000000025 ) ) ;
#3028 = LINE ( 'NONE', #15, #1244 ) ;
#3029 = DIRECTION ( 'NONE',  ( 1.000000000000000000, 0.000000000000000000, 0.000000000000000000 ) ) ;
#3030 = DIRECTION ( 'NONE',  ( -1.196361017915039437E-15, 0.000000000000000000, 1.000000000000000000 ) ) ;
#3031 = LINE ( 'NONE', #5587, #2552 ) ;
#3032 = ORIENTED_EDGE ( 'NONE', *, *, #2003, .F. ) ;
#3033 = DIRECTION ( 'NONE',  ( 0.000000000000000000, 0.000000000000000000, 1.000000000000000000 ) ) ;
#3034 = CARTESIAN_POINT ( 'NONE',  ( 0.000000000000000000, 0.1125000000000000028, -2.403000000000000025 ) ) ;
#3035 = FACE_OUTER_BOUND ( 'NONE', #11331, .T. ) ;
#3036 = EDGE_CURVE ( 'NONE', #3095, #389, #6059, .T. ) ;
#3037 = DIRECTION ( 'NONE',  ( 1.000000000000000000, -0.000000000000000000, 0.000000000000000000 ) ) ;
#3038 = VECTOR ( 'NONE', #6071, 1000.000000000000000 ) ;
#3039 = CARTESIAN_POINT ( 'NONE',  ( 0.2250000000000008105, 0.06250000000000000000, -9.070000000000003837 ) ) ;
#3040 = EDGE_LOOP ( 'NONE', ( #9421, #12665, #9606, #10645 ) ) ;
#3041 = CIRCLE ( 'NONE', #1735, 0.1749999999999998224 ) ;
#3042 = EDGE_LOOP ( 'NONE', ( #1690, #1058, #10847, #11037 ) ) ;
#3043 = VERTEX_POINT ( 'NONE', #11290 ) ;
#3044 = DIRECTION ( 'NONE',  ( -0.000000000000000000, -1.000000000000000000, -0.000000000000000000 ) ) ;
#3045 = AXIS2_PLACEMENT_3D ( 'NONE', #6054, #9288, #11751 ) ;
#3046 = VECTOR ( 'NONE', #2830, 1000.000000000000000 ) ;
#3047 = VECTOR ( 'NONE', #7289, 1000.000000000000000 ) ;
#3048 = PLANE ( 'NONE',  #1454 ) ;
#3049 = ORIENTED_EDGE ( 'NONE', *, *, #10740, .F. ) ;
#3050 = DIRECTION ( 'NONE',  ( -1.355252715606880049E-16, -0.000000000000000000, -1.000000000000000000 ) ) ;
#3051 = VECTOR ( 'NONE', #4840, 1000.000000000000000 ) ;
#3052 = CARTESIAN_POINT ( 'NONE',  ( -1.575000000000000400, 0.1125000000000000028, -9.875000000000000000 ) ) ;
#3053 = CARTESIAN_POINT ( 'NONE',  ( -0.8019999999999979368, 1.089999999999999414, 9.150000000000000355 ) ) ;
#3054 = FACE_OUTER_BOUND ( 'NONE', #1894, .T. ) ;
#3055 = VERTEX_POINT ( 'NONE', #4958 ) ;
#3056 = ORIENTED_EDGE ( 'NONE', *, *, #2430, .T. ) ;
#3057 = LINE ( 'NONE', #7190, #8404 ) ;
#3058 = CIRCLE ( 'NONE', #4609, 0.07550020016016019409 ) ;
#3059 = DIRECTION ( 'NONE',  ( 2.710505431213760099E-16, -0.000000000000000000, -1.000000000000000000 ) ) ;
#3060 = VECTOR ( 'NONE', #4771, 1000.000000000000000 ) ;
#3061 = ORIENTED_EDGE ( 'NONE', *, *, #2246, .F. ) ;
#3062 = VECTOR ( 'NONE', #9295, 1000.000000000000000 ) ;
#3063 = ADVANCED_FACE ( 'NONE', ( #8119 ), #2052, .F. ) ;
#3064 = DIRECTION ( 'NONE',  ( 0.000000000000000000, -0.000000000000000000, -1.000000000000000000 ) ) ;
#3065 = FACE_OUTER_BOUND ( 'NONE', #4227, .T. ) ;
#3066 = EDGE_CURVE ( 'NONE', #12769, #11055, #1019, .T. ) ;
#3067 = DIRECTION ( 'NONE',  ( 1.355252715606880049E-16, 0.000000000000000000, 1.000000000000000000 ) ) ;
#3068 = SURFACE_SIDE_STYLE ('',( #9407 ) ) ;
#3069 = CARTESIAN_POINT ( 'NONE',  ( -1.100000000000000311, 0.1125000000000000028, -2.403000000000000025 ) ) ;
#3070 = CARTESIAN_POINT ( 'NONE',  ( -0.7000000000000002887, 0.1125000000000000028, -2.403000000000000025 ) ) ;
#3071 = VERTEX_POINT ( 'NONE', #13553 ) ;
#3072 = CARTESIAN_POINT ( 'NONE',  ( 0.9500000000000005107, 0.2530000000000000027, -1.543000000000000149 ) ) ;
#3073 = CARTESIAN_POINT ( 'NONE',  ( -0.5019999999999983364, 2.979999999999999982, 7.799999999999999822 ) ) ;
#3074 = VERTEX_POINT ( 'NONE', #9223 ) ;
#3075 = CARTESIAN_POINT ( 'NONE',  ( 0.7799999999999994715, 0.06250000000000000000, -9.025000000000000355 ) ) ;
#3076 = PLANE ( 'NONE',  #6401 ) ;
#3077 = ORIENTED_EDGE ( 'NONE', *, *, #7456, .F. ) ;
#3078 = ORIENTED_EDGE ( 'NONE', *, *, #7779, .F. ) ;
#3079 = ORIENTED_EDGE ( 'NONE', *, *, #1430, .F. ) ;
#3080 = VECTOR ( 'NONE', #9698, 1000.000000000000000 ) ;
#3081 = ORIENTED_EDGE ( 'NONE', *, *, #7894, .F. ) ;
#3082 = VECTOR ( 'NONE', #7753, 1000.000000000000000 ) ;
#3083 = EDGE_CURVE ( 'NONE', #3640, #7620, #11421, .T. ) ;
#3084 = ADVANCED_FACE ( 'NONE', ( #9154 ), #3076, .F. ) ;
#3085 = CARTESIAN_POINT ( 'NONE',  ( 1.350000000000000089, 0.2530000000000000027, -1.942999999999999394 ) ) ;
#3086 = CARTESIAN_POINT ( 'NONE',  ( -1.284999999999997700, 0.06250000000000000000, 3.780732134718799500E-16 ) ) ;
#3087 = EDGE_CURVE ( 'NONE', #6904, #11770, #12519, .T. ) ;
#3088 = CARTESIAN_POINT ( 'NONE',  ( 0.2150000000000005518, 0.06250000000000000000, -7.653000000000000469 ) ) ;
#3089 = ORIENTED_EDGE ( 'NONE', *, *, #10024, .T. ) ;
#3090 = VECTOR ( 'NONE', #539, 1000.000000000000000 ) ;
#3091 = ORIENTED_EDGE ( 'NONE', *, *, #1408, .T. ) ;
#3092 = FACE_OUTER_BOUND ( 'NONE', #13499, .T. ) ;
#3093 = VECTOR ( 'NONE', #11165, 1000.000000000000000 ) ;
#3094 = CARTESIAN_POINT ( 'NONE',  ( -0.08499999999999588440, 0.06250000000000000000, -8.389999999999998792 ) ) ;
#3095 = VERTEX_POINT ( 'NONE', #7015 ) ;
#3096 = DIRECTION ( 'NONE',  ( 0.000000000000000000, 0.000000000000000000, -1.000000000000000000 ) ) ;
#3097 = PLANE ( 'NONE',  #10558 ) ;
#3098 = ORIENTED_EDGE ( 'NONE', *, *, #9072, .T. ) ;
#3099 = ADVANCED_FACE ( 'NONE', ( #12396 ), #1983, .F. ) ;
#3100 = EDGE_CURVE ( 'NONE', #6482, #3286, #1790, .T. ) ;
#3101 = AXIS2_PLACEMENT_3D ( 'NONE', #6885, #9842, #13080 ) ;
#3102 = PLANE ( 'NONE',  #12733 ) ;
#3103 = EDGE_CURVE ( 'NONE', #3665, #127, #825, .T. ) ;
#3104 = DIRECTION ( 'NONE',  ( 0.000000000000000000, -0.000000000000000000, -1.000000000000000000 ) ) ;
#3105 = CARTESIAN_POINT ( 'NONE',  ( -1.950000000000001510, 0.1125000000000000028, -9.799999999999998934 ) ) ;
#3106 = DIRECTION ( 'NONE',  ( 0.000000000000000000, 0.000000000000000000, -1.000000000000000000 ) ) ;
#3107 = DIRECTION ( 'NONE',  ( 0.7071067811865497932, 0.000000000000000000, -0.7071067811865452413 ) ) ;
#3108 = ORIENTED_EDGE ( 'NONE', *, *, #915, .F. ) ;
#3109 = PLANE ( 'NONE',  #2624 ) ;
#3110 = LINE ( 'NONE', #9317, #7750 ) ;
#3111 = CARTESIAN_POINT ( 'NONE',  ( -0.7799999999999979172, 0.06250000000000000000, -9.025000000000000355 ) ) ;
#3112 = DIRECTION ( 'NONE',  ( 0.000000000000000000, -1.000000000000000000, 0.000000000000000000 ) ) ;
#3113 = DIRECTION ( 'NONE',  ( 0.000000000000000000, 0.000000000000000000, 1.000000000000000000 ) ) ;
#3114 = VECTOR ( 'NONE', #12656, 1000.000000000000000 ) ;
#3115 = EDGE_LOOP ( 'NONE', ( #10548, #2541, #12074, #9563 ) ) ;
#3116 = ORIENTED_EDGE ( 'NONE', *, *, #7556, .F. ) ;
#3117 = VERTEX_POINT ( 'NONE', #7088 ) ;
#3118 = DIRECTION ( 'NONE',  ( 1.084202172485504828E-15, 0.000000000000000000, -1.000000000000000000 ) ) ;
#3119 = EDGE_CURVE ( 'NONE', #2973, #11800, #12987, .T. ) ;
#3120 = STYLED_ITEM ( 'NONE', ( #9751 ), #719 ) ;
#3121 = VECTOR ( 'NONE', #7609, 1000.000000000000000 ) ;
#3122 = DIRECTION ( 'NONE',  ( -0.000000000000000000, -1.000000000000000000, -0.000000000000000000 ) ) ;
#3123 = ORIENTED_EDGE ( 'NONE', *, *, #7456, .T. ) ;
#3124 = CARTESIAN_POINT ( 'NONE',  ( 1.285000000000000808, 0.06250000000000000000, -7.653000000000000469 ) ) ;
#3125 = CARTESIAN_POINT ( 'NONE',  ( -0.9850000000000015410, 0.06250000000000000000, -7.653000000000000469 ) ) ;
#3126 = CARTESIAN_POINT ( 'NONE',  ( -2.150000000000000799, 0.1125000000000000028, -7.653000000000000469 ) ) ;
#3127 = VERTEX_POINT ( 'NONE', #6121 ) ;
#3128 = ORIENTED_EDGE ( 'NONE', *, *, #2489, .T. ) ;
#3129 = VECTOR ( 'NONE', #519, 1000.000000000000000 ) ;
#3130 = FACE_OUTER_BOUND ( 'NONE', #13565, .T. ) ;
#3131 = PLANE ( 'NONE',  #5007 ) ;
#3132 = CIRCLE ( 'NONE', #9736, 0.2000000000000005107 ) ;
#3133 = VERTEX_POINT ( 'NONE', #6193 ) ;
#3134 = PLANE ( 'NONE',  #2697 ) ;
#3135 = DIRECTION ( 'NONE',  ( 0.000000000000000000, 0.000000000000000000, -1.000000000000000000 ) ) ;
#3136 = DIRECTION ( 'NONE',  ( -4.707526393424183343E-15, 0.000000000000000000, -1.000000000000000000 ) ) ;
#3137 = CARTESIAN_POINT ( 'NONE',  ( -0.6000000000000000888, 0.06250000000000000000, -4.753000000000000114 ) ) ;
#3138 = PRESENTATION_STYLE_ASSIGNMENT (( #4178 ) ) ;
#3139 = CARTESIAN_POINT ( 'NONE',  ( -0.5019999999999982254, 2.979999999999999982, 6.799999999999999822 ) ) ;
#3140 = DIRECTION ( 'NONE',  ( -0.000000000000000000, 1.000000000000000000, -0.000000000000000000 ) ) ;
#3141 = EDGE_LOOP ( 'NONE', ( #5342, #6743, #7007, #10863 ) ) ;
#3142 = DIRECTION ( 'NONE',  ( -0.000000000000000000, 1.000000000000000000, -0.000000000000000000 ) ) ;
#3143 = FACE_OUTER_BOUND ( 'NONE', #13209, .T. ) ;
#3144 = ADVANCED_FACE ( 'NONE', ( #13422 ), #895, .F. ) ;
#3145 = ORIENTED_EDGE ( 'NONE', *, *, #8009, .F. ) ;
#3146 = DIRECTION ( 'NONE',  ( -4.625929269271459921E-14, 0.000000000000000000, -1.000000000000000000 ) ) ;
#3147 = LINE ( 'NONE', #7350, #3080 ) ;
#3148 = VERTEX_POINT ( 'NONE', #11353 ) ;
#3149 = ORIENTED_EDGE ( 'NONE', *, *, #2437, .F. ) ;
#3150 = STYLED_ITEM ( 'NONE', ( #9546 ), #624 ) ;
#3151 = EDGE_LOOP ( 'NONE', ( #1135, #6202, #216, #3918 ) ) ;
#3152 = FACE_OUTER_BOUND ( 'NONE', #2981, .T. ) ;
#3153 = FACE_OUTER_BOUND ( 'NONE', #6867, .T. ) ;
#3154 = DIRECTION ( 'NONE',  ( -1.000000000000000000, 6.862039066363945233E-17, 0.000000000000000000 ) ) ;
#3155 = UNCERTAINTY_MEASURE_WITH_UNIT (LENGTH_MEASURE( 1.000000000000000082E-05 ), #11846, 'distance_accuracy_value', 'NONE');
#3156 = ORIENTED_EDGE ( 'NONE', *, *, #4711, .F. ) ;
#3157 = ORIENTED_EDGE ( 'NONE', *, *, #13183, .T. ) ;
#3158 = CARTESIAN_POINT ( 'NONE',  ( 2.199999999999999734, -0.2250000000000000056, 0.3499999999999987566 ) ) ;
#3159 = DIRECTION ( 'NONE',  ( 1.000000000000000000, 0.000000000000000000, 0.000000000000000000 ) ) ;
#3160 = ADVANCED_FACE ( 'NONE', ( #10326 ), #5094, .T. ) ;
#3161 = ORIENTED_EDGE ( 'NONE', *, *, #3608, .F. ) ;
#3162 = EDGE_CURVE ( 'NONE', #8454, #9977, #10723, .T. ) ;
#3163 = EDGE_CURVE ( 'NONE', #9586, #12516, #11817, .T. ) ;
#3164 = DIRECTION ( 'NONE',  ( 0.000000000000000000, 0.000000000000000000, 1.000000000000000000 ) ) ;
#3165 = CARTESIAN_POINT ( 'NONE',  ( -2.575000000000001066, 0.2530000000000000027, -8.500000000000000000 ) ) ;
#3166 = VERTEX_POINT ( 'NONE', #1289 ) ;
#3167 = EDGE_CURVE ( 'NONE', #12873, #1407, #2377, .T. ) ;
#3168 = DIRECTION ( 'NONE',  ( 1.000000000000000000, -0.000000000000000000, 0.000000000000000000 ) ) ;
#3169 = PLANE ( 'NONE',  #9221 ) ;
#3170 =( NAMED_UNIT ( * ) SI_UNIT ( $, .STERADIAN. ) SOLID_ANGLE_UNIT ( ) );
#3171 = CARTESIAN_POINT ( 'NONE',  ( 1.275000000000002132, 0.06250000000000000000, -9.875000000000000000 ) ) ;
#3172 = FACE_OUTER_BOUND ( 'NONE', #10161, .T. ) ;
#3173 = ORIENTED_EDGE ( 'NONE', *, *, #83, .T. ) ;
#3174 = LINE ( 'NONE', #10628, #663 ) ;
#3175 = CARTESIAN_POINT ( 'NONE',  ( -2.350000000000000977, 0.4780000000000000360, -8.875000000000000000 ) ) ;
#3176 = CARTESIAN_POINT ( 'NONE',  ( 0.2150000000000005518, 0.06250000000000000000, -7.653000000000000469 ) ) ;
#3177 = VECTOR ( 'NONE', #12772, 1000.000000000000000 ) ;
#3178 = EDGE_CURVE ( 'NONE', #11682, #7737, #6527, .T. ) ;
#3179 = DIRECTION ( 'NONE',  ( -0.000000000000000000, 1.000000000000000000, -0.000000000000000000 ) ) ;
#3180 = CARTESIAN_POINT ( 'NONE',  ( 0.8499999999999994227, 0.2530000000000000027, 3.899999999999999911 ) ) ;
#3181 = ORIENTED_EDGE ( 'NONE', *, *, #13623, .T. ) ;
#3182 = EDGE_CURVE ( 'NONE', #13140, #6579, #5298, .T. ) ;
#3183 = ORIENTED_EDGE ( 'NONE', *, *, #6906, .F. ) ;
#3184 = ORIENTED_EDGE ( 'NONE', *, *, #7991, .F. ) ;
#3185 = CARTESIAN_POINT ( 'NONE',  ( -1.620000000000000773, 0.06250000000000000000, -9.025000000000000355 ) ) ;
#3186 = DIRECTION ( 'NONE',  ( 0.000000000000000000, 0.000000000000000000, 1.000000000000000000 ) ) ;
#3187 = ORIENTED_EDGE ( 'NONE', *, *, #4931, .T. ) ;
#3188 = DIRECTION ( 'NONE',  ( -0.7071067811865804353, 0.000000000000000000, -0.7071067811865147101 ) ) ;
#3189 = PLANE ( 'NONE',  #50 ) ;
#3190 = DIRECTION ( 'NONE',  ( 0.000000000000000000, 1.000000000000000000, 0.000000000000000000 ) ) ;
#3191 = LINE ( 'NONE', #5346, #4241 ) ;
#3192 = VERTEX_POINT ( 'NONE', #6599 ) ;
#3193 = EDGE_CURVE ( 'NONE', #1731, #10342, #4187, .T. ) ;
#3194 = VERTEX_POINT ( 'NONE', #11617 ) ;
#3195 = EDGE_CURVE ( 'NONE', #11973, #9937, #3147, .T. ) ;
#3196 = CARTESIAN_POINT ( 'NONE',  ( -0.7019999999999981810, 2.080000000000000071, 9.330000000000000071 ) ) ;
#3197 = CARTESIAN_POINT ( 'NONE',  ( 2.149999999999999911, 0.2530000000000000027, -9.074999999999999289 ) ) ;
#3198 = VERTEX_POINT ( 'NONE', #271 ) ;
#3199 = DIRECTION ( 'NONE',  ( 0.000000000000000000, 0.000000000000000000, -1.000000000000000000 ) ) ;
#3200 = PLANE ( 'NONE',  #10289 ) ;
#3201 = CARTESIAN_POINT ( 'NONE',  ( -2.200000000000000622, 0.2530000000000000027, -6.850000000000000533 ) ) ;
#3202 = DIRECTION ( 'NONE',  ( -0.000000000000000000, -1.000000000000000000, -0.000000000000000000 ) ) ;
#3203 = CARTESIAN_POINT ( 'NONE',  ( -1.125000000000000000, 0.1125000000000000028, -9.875000000000000000 ) ) ;
#3204 = DIRECTION ( 'NONE',  ( 0.000000000000000000, 0.000000000000000000, -1.000000000000000000 ) ) ;
#3205 = VECTOR ( 'NONE', #307, 1000.000000000000000 ) ;
#3206 = ORIENTED_EDGE ( 'NONE', *, *, #1606, .T. ) ;
#3207 = CARTESIAN_POINT ( 'NONE',  ( -0.2149999999999980815, 0.06250000000000000000, -7.653000000000000469 ) ) ;
#3208 = PLANE ( 'NONE',  #1075 ) ;
#3209 = ORIENTED_EDGE ( 'NONE', *, *, #13203, .F. ) ;
#3210 = FACE_OUTER_BOUND ( 'NONE', #8865, .T. ) ;
#3211 = CARTESIAN_POINT ( 'NONE',  ( 1.642500000000001403, 0.06250000000000000000, 5.936006894358143679E-16 ) ) ;
#3212 = ORIENTED_EDGE ( 'NONE', *, *, #2166, .F. ) ;
#3213 = ORIENTED_EDGE ( 'NONE', *, *, #2147, .F. ) ;
#3214 = VECTOR ( 'NONE', #4917, 1000.000000000000000 ) ;
#3215 = ORIENTED_EDGE ( 'NONE', *, *, #11857, .T. ) ;
#3216 = ORIENTED_EDGE ( 'NONE', *, *, #7406, .F. ) ;
#3217 = AXIS2_PLACEMENT_3D ( 'NONE', #11080, #13005, #4881 ) ;
#3218 = CARTESIAN_POINT ( 'NONE',  ( 4.002500000000003944, 0.06250000000000000000, -4.002500000000127400 ) ) ;
#3219 = DIRECTION ( 'NONE',  ( 0.3420201433256688239, 0.000000000000000000, 0.9396926207859083169 ) ) ;
#3220 =( GEOMETRIC_REPRESENTATION_CONTEXT ( 3 ) GLOBAL_UNCERTAINTY_ASSIGNED_CONTEXT ( ( #12255 ) ) GLOBAL_UNIT_ASSIGNED_CONTEXT ( ( #146, #7519, #11714 ) ) REPRESENTATION_CONTEXT ( 'NONE', 'WORKASPACE' ) );
#3221 = EDGE_LOOP ( 'NONE', ( #8991, #6173 ) ) ;
#3222 = ORIENTED_EDGE ( 'NONE', *, *, #4026, .T. ) ;
#3223 = PRESENTATION_STYLE_ASSIGNMENT (( #12667 ) ) ;
#3224 = CARTESIAN_POINT ( 'NONE',  ( -0.5250000000000011324, 0.1125000000000000028, -9.799999999999998934 ) ) ;
#3225 = EDGE_LOOP ( 'NONE', ( #12658, #3569, #7001, #5839 ) ) ;
#3226 = CARTESIAN_POINT ( 'NONE',  ( 2.149999999999999911, 0.4780000000000000360, -9.074999999999999289 ) ) ;
#3227 = LINE ( 'NONE', #76, #4410 ) ;
#3228 = ORIENTED_EDGE ( 'NONE', *, *, #7871, .F. ) ;
#3229 = CARTESIAN_POINT ( 'NONE',  ( -1.900000000000000355, 0.06250000000000000000, -4.753000000000000114 ) ) ;
#3230 = AXIS2_PLACEMENT_3D ( 'NONE', #12785, #1008, #3135 ) ;
#3231 = FACE_OUTER_BOUND ( 'NONE', #729, .T. ) ;
#3232 = EDGE_CURVE ( 'NONE', #9784, #1801, #1553, .T. ) ;
#3233 = CARTESIAN_POINT ( 'NONE',  ( 2.750000000000000000, 0.4780000000000000360, -8.500000000000000000 ) ) ;
#3234 = DIRECTION ( 'NONE',  ( -0.000000000000000000, 1.000000000000000000, -0.000000000000000000 ) ) ;
#3235 = PLANE ( 'NONE',  #8114 ) ;
#3236 = ORIENTED_EDGE ( 'NONE', *, *, #9932, .F. ) ;
#3237 = CARTESIAN_POINT ( 'NONE',  ( -0.8149999999999986144, 0.06250000000000000000, -7.653000000000000469 ) ) ;
#3238 = CARTESIAN_POINT ( 'NONE',  ( -1.999999999999999112, 0.4780000000000000360, -4.797999999999998266 ) ) ;
#3239 = CARTESIAN_POINT ( 'NONE',  ( -1.149999999999999467, 0.06250000000000000000, -9.025000000000000355 ) ) ;
#3240 = VECTOR ( 'NONE', #1883, 1000.000000000000000 ) ;
#3241 = PRESENTATION_LAYER_ASSIGNMENT (  '', '', ( #2987 ) ) ;
#3242 = CARTESIAN_POINT ( 'NONE',  ( 5.087499999999999467, 0.06250000000000000000, -5.087500000000031442 ) ) ;
#3243 = DIRECTION ( 'NONE',  ( 0.000000000000000000, -0.000000000000000000, -1.000000000000000000 ) ) ;
#3244 = VERTEX_POINT ( 'NONE', #11550 ) ;
#3245 = AXIS2_PLACEMENT_3D ( 'NONE', #7137, #10394, #2044 ) ;
#3246 = VERTEX_POINT ( 'NONE', #10528 ) ;
#3247 = VERTEX_POINT ( 'NONE', #4459 ) ;
#3248 = LINE ( 'NONE', #6285, #8864 ) ;
#3249 = AXIS2_PLACEMENT_3D ( 'NONE', #2121, #11758, #4193 ) ;
#3250 = EDGE_CURVE ( 'NONE', #4712, #2597, #8660, .T. ) ;
#3251 = EDGE_CURVE ( 'NONE', #10440, #4261, #6396, .T. ) ;
#3252 = ADVANCED_FACE ( 'NONE', ( #1083 ), #9622, .F. ) ;
#3253 = VECTOR ( 'NONE', #6248, 1000.000000000000000 ) ;
#3254 = CARTESIAN_POINT ( 'NONE',  ( 1.020000000000003570, 0.06250000000000000000, 0.000000000000000000 ) ) ;
#3255 = ORIENTED_EDGE ( 'NONE', *, *, #317, .F. ) ;
#3256 = DIRECTION ( 'NONE',  ( -0.000000000000000000, 0.000000000000000000, 1.000000000000000000 ) ) ;
#3257 = VECTOR ( 'NONE', #7096, 1000.000000000000000 ) ;
#3258 = CARTESIAN_POINT ( 'NONE',  ( 0.2000000000000000944, 0.1125000000000000028, -2.403000000000000025 ) ) ;
#3259 = DIRECTION ( 'NONE',  ( 0.7071067811865365815, 0.000000000000000000, 0.7071067811865584529 ) ) ;
#3260 = ORIENTED_EDGE ( 'NONE', *, *, #4081, .F. ) ;
#3261 = MECHANICAL_DESIGN_GEOMETRIC_PRESENTATION_REPRESENTATION (  '', ( #9211 ), #5692 ) ;
#3262 = ORIENTED_EDGE ( 'NONE', *, *, #1624, .T. ) ;
#3263 = CYLINDRICAL_SURFACE ( 'NONE', #1369, 0.09999999999999939493 ) ;
#3264 = DIRECTION ( 'NONE',  ( -0.7071067811865356934, 0.000000000000000000, -0.7071067811865593411 ) ) ;
#3265 = VERTEX_POINT ( 'NONE', #11754 ) ;
#3266 = AXIS2_PLACEMENT_3D ( 'NONE', #1804, #8056, #8266 ) ;
#3267 = VECTOR ( 'NONE', #740, 1000.000000000000000 ) ;
#3268 = DIRECTION ( 'NONE',  ( 1.000000000000000000, 0.000000000000000000, -2.647983596301103623E-15 ) ) ;
#3269 = AXIS2_PLACEMENT_3D ( 'NONE', #9849, #5657, #6825 ) ;
#3270 = EDGE_CURVE ( 'NONE', #13036, #12520, #2254, .T. ) ;
#3271 = EDGE_CURVE ( 'NONE', #7284, #1731, #8524, .T. ) ;
#3272 = DIRECTION ( 'NONE',  ( 0.000000000000000000, 0.000000000000000000, -1.000000000000000000 ) ) ;
#3273 = VECTOR ( 'NONE', #10357, 1000.000000000000000 ) ;
#3274 = ADVANCED_FACE ( 'NONE', ( #10602 ), #1156, .T. ) ;
#3275 = CARTESIAN_POINT ( 'NONE',  ( 0.5049999999999990052, 0.4780000000000000360, 1.874999999999999556 ) ) ;
#3276 = CARTESIAN_POINT ( 'NONE',  ( -0.5019999999999983364, 2.880000000000000782, 8.499999999999998224 ) ) ;
#3277 = DIRECTION ( 'NONE',  ( -1.000000000000000000, 0.000000000000000000, 0.000000000000000000 ) ) ;
#3278 = LINE ( 'NONE', #460, #7422 ) ;
#3279 = PLANE ( 'NONE',  #12575 ) ;
#3280 = DIRECTION ( 'NONE',  ( 0.000000000000000000, -1.000000000000000000, 0.000000000000000000 ) ) ;
#3281 = ORIENTED_EDGE ( 'NONE', *, *, #2564, .T. ) ;
#3282 = AXIS2_PLACEMENT_3D ( 'NONE', #10544, #1099, #4407 ) ;
#3283 = CARTESIAN_POINT ( 'NONE',  ( -1.049999999999999600, 0.06250000000000000000, -9.724999999999996092 ) ) ;
#3284 = VECTOR ( 'NONE', #5601, 1000.000000000000000 ) ;
#3285 = CARTESIAN_POINT ( 'NONE',  ( -2.149999999999998135, 7.883090691567329777, 9.299999999999998934 ) ) ;
#3286 = VERTEX_POINT ( 'NONE', #4317 ) ;
#3287 = VECTOR ( 'NONE', #7021, 1000.000000000000000 ) ;
#3288 = CARTESIAN_POINT ( 'NONE',  ( 0.1799999999999989664, 0.1125000000000000028, -9.025000000000000355 ) ) ;
#3289 = PLANE ( 'NONE',  #2422 ) ;
#3290 = ORIENTED_EDGE ( 'NONE', *, *, #6713, .F. ) ;
#3291 = VERTEX_POINT ( 'NONE', #12723 ) ;
#3292 = ORIENTED_EDGE ( 'NONE', *, *, #6894, .F. ) ;
#3293 = VECTOR ( 'NONE', #5186, 1000.000000000000000 ) ;
#3294 = CARTESIAN_POINT ( 'NONE',  ( -2.350000000000000977, 0.4780000000000000360, -8.875000000000000000 ) ) ;
#3295 = ADVANCED_FACE ( 'NONE', ( #12798 ), #3289, .F. ) ;
#3296 = DIRECTION ( 'NONE',  ( -0.000000000000000000, 1.000000000000000000, -0.000000000000000000 ) ) ;
#3297 = ORIENTED_EDGE ( 'NONE', *, *, #9397, .T. ) ;
#3298 = ORIENTED_EDGE ( 'NONE', *, *, #10583, .F. ) ;
#3299 = CARTESIAN_POINT ( 'NONE',  ( -0.1500000000000061562, 0.06250000000000000000, -1.626303258728323951E-16 ) ) ;
#3300 = CARTESIAN_POINT ( 'NONE',  ( 1.585000000000003739, 0.1125000000000000028, -8.389999999999998792 ) ) ;
#3301 = ORIENTED_EDGE ( 'NONE', *, *, #6961, .F. ) ;
#3302 = DIRECTION ( 'NONE',  ( -0.000000000000000000, 1.000000000000000000, -0.000000000000000000 ) ) ;
#3303 = AXIS2_PLACEMENT_3D ( 'NONE', #8808, #4744, #6686 ) ;
#3304 = DIRECTION ( 'NONE',  ( -0.000000000000000000, 1.000000000000000000, -0.000000000000000000 ) ) ;
#3305 = VECTOR ( 'NONE', #9838, 1000.000000000000000 ) ;
#3306 = ORIENTED_EDGE ( 'NONE', *, *, #8906, .F. ) ;
#3307 = LINE ( 'NONE', #9845, #10951 ) ;
#3308 = DIRECTION ( 'NONE',  ( 0.000000000000000000, 0.000000000000000000, -1.000000000000000000 ) ) ;
#3309 = LINE ( 'NONE', #2407, #5883 ) ;
#3310 = VECTOR ( 'NONE', #54, 1000.000000000000000 ) ;
#3311 = CARTESIAN_POINT ( 'NONE',  ( -2.575000000000001066, 0.4780000000000000360, -8.699999999999999289 ) ) ;
#3312 = EDGE_LOOP ( 'NONE', ( #2067, #6060, #1483, #3872 ) ) ;
#3313 = CARTESIAN_POINT ( 'NONE',  ( 0.6850000000000380229, 0.06250000000000000000, -3.224655579495744559E-15 ) ) ;
#3314 = LINE ( 'NONE', #7524, #6793 ) ;
#3315 = CARTESIAN_POINT ( 'NONE',  ( -0.8019999999999979368, 2.080000000000000071, 8.949999999999999289 ) ) ;
#3316 = DIRECTION ( 'NONE',  ( 0.7071067811865497932, 0.000000000000000000, -0.7071067811865452413 ) ) ;
#3317 = DIRECTION ( 'NONE',  ( -1.000000000000000000, 0.000000000000000000, 0.000000000000000000 ) ) ;
#3318 = ORIENTED_EDGE ( 'NONE', *, *, #7915, .F. ) ;
#3319 = ADVANCED_FACE ( 'NONE', ( #197 ), #4394, .T. ) ;
#3320 = VECTOR ( 'NONE', #7471, 1000.000000000000000 ) ;
#3321 = AXIS2_PLACEMENT_3D ( 'NONE', #3722, #2545, #9039 ) ;
#3322 = ORIENTED_EDGE ( 'NONE', *, *, #8493, .F. ) ;
#3323 = ORIENTED_EDGE ( 'NONE', *, *, #661, .F. ) ;
#3324 = DIRECTION ( 'NONE',  ( -1.196361017915039437E-15, 0.000000000000000000, -1.000000000000000000 ) ) ;
#3325 = FACE_OUTER_BOUND ( 'NONE', #13620, .T. ) ;
#3326 = CLOSED_SHELL ( 'NONE', ( #8894, #10368, #12528, #12933, #1301, #4466, #1647, #1332, #2092, #10011, #4967, #8853, #11954, #6997, #577, #8398, #1903, #9571, #6907, #7794, #10370 ) ) ;
#3327 = ORIENTED_EDGE ( 'NONE', *, *, #5983, .T. ) ;
#3328 = CARTESIAN_POINT ( 'NONE',  ( 0.000000000000000000, 0.06250000000000000000, -4.753000000000000114 ) ) ;
#3329 = VECTOR ( 'NONE', #4971, 1000.000000000000000 ) ;
#3330 = CARTESIAN_POINT ( 'NONE',  ( -0.1799999999999974398, 0.06250000000000000000, -9.025000000000000355 ) ) ;
#3331 = ORIENTED_EDGE ( 'NONE', *, *, #7884, .T. ) ;
#3332 = ORIENTED_EDGE ( 'NONE', *, *, #12093, .F. ) ;
#3333 = EDGE_CURVE ( 'NONE', #9801, #1636, #2723, .T. ) ;
#3334 = DIRECTION ( 'NONE',  ( -1.000000000000000000, -0.000000000000000000, -0.000000000000000000 ) ) ;
#3335 = EDGE_CURVE ( 'NONE', #9952, #6402, #7758, .T. ) ;
#3336 = CARTESIAN_POINT ( 'NONE',  ( 0.4200000000000030376, 0.06250000000000000000, -9.025000000000000355 ) ) ;
#3337 = ORIENTED_EDGE ( 'NONE', *, *, #1664, .T. ) ;
#3338 = EDGE_CURVE ( 'NONE', #9413, #5445, #11960, .T. ) ;
#3339 = AXIS2_PLACEMENT_3D ( 'NONE', #7140, #9087, #11343 ) ;
#3340 = VECTOR ( 'NONE', #10386, 1000.000000000000000 ) ;
#3341 = FACE_OUTER_BOUND ( 'NONE', #7000, .T. ) ;
#3342 =( NAMED_UNIT ( * ) PLANE_ANGLE_UNIT ( ) SI_UNIT ( $, .RADIAN. ) );
#3343 = CARTESIAN_POINT ( 'NONE',  ( -1.642500000000000293, 0.06250000000000000000, -9.125000000000000000 ) ) ;
#3344 = FACE_OUTER_BOUND ( 'NONE', #5206, .T. ) ;
#3345 = LINE ( 'NONE', #4652, #11387 ) ;
#3346 = FACE_OUTER_BOUND ( 'NONE', #9840, .T. ) ;
#3347 = VECTOR ( 'NONE', #2445, 1000.000000000000000 ) ;
#3348 = LINE ( 'NONE', #5974, #6448 ) ;
#3349 = VERTEX_POINT ( 'NONE', #12021 ) ;
#3350 = PLANE ( 'NONE',  #459 ) ;
#3351 = VECTOR ( 'NONE', #1344, 1000.000000000000000 ) ;
#3352 = CARTESIAN_POINT ( 'NONE',  ( 0.9750000000000041966, 0.06250000000000000000, -2.626328243909008466E-16 ) ) ;
#3353 = ORIENTED_EDGE ( 'NONE', *, *, #2578, .T. ) ;
#3354 = LINE ( 'NONE', #5577, #4433 ) ;
#3355 = EDGE_CURVE ( 'NONE', #3905, #11918, #13067, .T. ) ;
#3356 = DIRECTION ( 'NONE',  ( 0.7071067811865584529, 0.000000000000000000, -0.7071067811865365815 ) ) ;
#3357 = ORIENTED_EDGE ( 'NONE', *, *, #9086, .F. ) ;
#3358 = ORIENTED_EDGE ( 'NONE', *, *, #9670, .T. ) ;
#3359 = ADVANCED_FACE ( 'NONE', ( #1633 ), #5835, .T. ) ;
#3360 = ORIENTED_EDGE ( 'NONE', *, *, #1255, .F. ) ;
#3361 = SURFACE_STYLE_USAGE ( .BOTH. , #1092 ) ;
#3362 = DIRECTION ( 'NONE',  ( 1.000000000000000000, 0.000000000000000000, -2.693669993752817464E-16 ) ) ;
#3363 = FILL_AREA_STYLE ('',( #2261 ) ) ;
#3364 = CARTESIAN_POINT ( 'NONE',  ( -5.383749999999991154, 0.06250000000000000000, -5.383750000000047997 ) ) ;
#3365 = EDGE_LOOP ( 'NONE', ( #8958, #6033, #13016, #5838 ) ) ;
#3366 = VERTEX_POINT ( 'NONE', #2516 ) ;
#3367 = CARTESIAN_POINT ( 'NONE',  ( -1.575000000000000400, 0.06250000000000000000, -9.875000000000000000 ) ) ;
#3368 = VERTEX_POINT ( 'NONE', #8867 ) ;
#3369 = CARTESIAN_POINT ( 'NONE',  ( -1.250000000000000222, 0.06250000000000000000, -3.753000000000000114 ) ) ;
#3370 = FACE_OUTER_BOUND ( 'NONE', #2720, .T. ) ;
#3371 = EDGE_CURVE ( 'NONE', #7998, #3166, #3621, .T. ) ;
#3372 = ORIENTED_EDGE ( 'NONE', *, *, #11520, .F. ) ;
#3373 = EDGE_CURVE ( 'NONE', #4386, #211, #5634, .T. ) ;
#3374 = FACE_OUTER_BOUND ( 'NONE', #9722, .T. ) ;
#3375 = FACE_OUTER_BOUND ( 'NONE', #5002, .T. ) ;
#3376 = FILL_AREA_STYLE_COLOUR ( '', #13369 ) ;
#3377 = DIRECTION ( 'NONE',  ( -0.7071067811865356934, 0.000000000000000000, -0.7071067811865593411 ) ) ;
#3378 = DIRECTION ( 'NONE',  ( 1.000000000000000000, 0.000000000000000000, 2.168404344971009262E-15 ) ) ;
#3379 = EDGE_LOOP ( 'NONE', ( #4835, #9625, #11822, #4703 ) ) ;
#3380 = FACE_OUTER_BOUND ( 'NONE', #5724, .T. ) ;
#3381 = DIRECTION ( 'NONE',  ( -1.000000000000000000, 0.000000000000000000, 0.000000000000000000 ) ) ;
#3382 = CARTESIAN_POINT ( 'NONE',  ( 0.6000000000000000888, 0.1125000000000000028, 0.000000000000000000 ) ) ;
#3383 = VERTEX_POINT ( 'NONE', #12922 ) ;
#3384 = ORIENTED_EDGE ( 'NONE', *, *, #9480, .T. ) ;
#3385 = FACE_OUTER_BOUND ( 'NONE', #6762, .T. ) ;
#3386 = DIRECTION ( 'NONE',  ( -0.000000000000000000, -1.000000000000000000, -0.000000000000000000 ) ) ;
#3387 = FACE_OUTER_BOUND ( 'NONE', #4790, .T. ) ;
#3388 = DIRECTION ( 'NONE',  ( -0.000000000000000000, 1.000000000000000000, -0.000000000000000000 ) ) ;
#3389 = FACE_OUTER_BOUND ( 'NONE', #9470, .T. ) ;
#3390 = CARTESIAN_POINT ( 'NONE',  ( -1.742500000000000826, 0.06250000000000000000, 0.000000000000000000 ) ) ;
#3391 = VERTEX_POINT ( 'NONE', #7818 ) ;
#3392 = ORIENTED_EDGE ( 'NONE', *, *, #9856, .F. ) ;
#3393 = CARTESIAN_POINT ( 'NONE',  ( -0.5150000000000024558, 0.1125000000000000028, -8.389999999999998792 ) ) ;
#3394 = ORIENTED_EDGE ( 'NONE', *, *, #8315, .F. ) ;
#3395 = LINE ( 'NONE', #111, #12587 ) ;
#3396 = CARTESIAN_POINT ( 'NONE',  ( -2.150000000000000799, 0.4780000000000000360, -6.987373870972730217 ) ) ;
#3397 = EDGE_CURVE ( 'NONE', #1709, #7223, #10803, .T. ) ;
#3398 = EDGE_CURVE ( 'NONE', #7387, #10054, #8933, .T. ) ;
#3399 = PLANE ( 'NONE',  #5684 ) ;
#3400 = CARTESIAN_POINT ( 'NONE',  ( -0.5019999999999983364, 1.089999999999999414, 6.509999999999999787 ) ) ;
#3401 = DIRECTION ( 'NONE',  ( -0.000000000000000000, 1.000000000000000000, -0.000000000000000000 ) ) ;
#3402 = LINE ( 'NONE', #12714, #6567 ) ;
#3403 = LINE ( 'NONE', #7615, #7724 ) ;
#3404 = EDGE_CURVE ( 'NONE', #10511, #11073, #4794, .T. ) ;
#3405 = LINE ( 'NONE', #5694, #9513 ) ;
#3406 = ORIENTED_EDGE ( 'NONE', *, *, #8983, .T. ) ;
#3407 = SURFACE_STYLE_FILL_AREA ( #11750 ) ;
#3408 = VERTEX_POINT ( 'NONE', #9000 ) ;
#3409 = CARTESIAN_POINT ( 'NONE',  ( 1.649999999999999467, 0.4780000000000000360, 4.299999999999999822 ) ) ;
#3410 = CARTESIAN_POINT ( 'NONE',  ( -2.149999999999998579, 0.2530000000000000027, 6.299999999999999822 ) ) ;
#3411 = ORIENTED_EDGE ( 'NONE', *, *, #7038, .T. ) ;
#3412 = ORIENTED_EDGE ( 'NONE', *, *, #4702, .F. ) ;
#3413 = ORIENTED_EDGE ( 'NONE', *, *, #11216, .T. ) ;
#3414 = ORIENTED_EDGE ( 'NONE', *, *, #6626, .F. ) ;
#3415 = CARTESIAN_POINT ( 'NONE',  ( 0.3850000000000033951, 0.06250000000000000000, -8.389999999999998792 ) ) ;
#3416 = CARTESIAN_POINT ( 'NONE',  ( 1.050000000000004929, 0.1125000000000000028, -9.125000000000000000 ) ) ;
#3417 = ADVANCED_FACE ( 'NONE', ( #10926 ), #5699, .T. ) ;
#3418 = CIRCLE ( 'NONE', #6078, 2.000000000000000000 ) ;
#3419 = EDGE_CURVE ( 'NONE', #3071, #13091, #9902, .T. ) ;
#3420 = CARTESIAN_POINT ( 'NONE',  ( 0.8499999999999994227, 0.2530000000000000027, 3.575000000000000178 ) ) ;
#3421 = EDGE_CURVE ( 'NONE', #5891, #970, #6794, .T. ) ;
#3422 = EDGE_CURVE ( 'NONE', #11918, #7068, #12164, .T. ) ;
#3423 = ORIENTED_EDGE ( 'NONE', *, *, #12191, .F. ) ;
#3424 = EDGE_LOOP ( 'NONE', ( #5302, #5592, #1854, #3531 ) ) ;
#3425 = DIRECTION ( 'NONE',  ( -2.647983596301103623E-15, 0.000000000000000000, -1.000000000000000000 ) ) ;
#3426 = CARTESIAN_POINT ( 'NONE',  ( -5.537500000000027178, 0.1125000000000000028, -5.537499999999786482 ) ) ;
#3427 = ORIENTED_EDGE ( 'NONE', *, *, #12260, .F. ) ;
#3428 = LINE ( 'NONE', #3226, #9944 ) ;
#3429 = DIRECTION ( 'NONE',  ( -1.000000000000000000, 0.000000000000000000, 0.000000000000000000 ) ) ;
#3430 = ORIENTED_EDGE ( 'NONE', *, *, #3251, .F. ) ;
#3431 = LINE ( 'NONE', #2273, #11599 ) ;
#3432 = VECTOR ( 'NONE', #12447, 1000.000000000000000 ) ;
#3433 = LINE ( 'NONE', #7647, #9647 ) ;
#3434 = VECTOR ( 'NONE', #6262, 1000.000000000000000 ) ;
#3435 = EDGE_CURVE ( 'NONE', #9432, #6739, #466, .T. ) ;
#3436 = CARTESIAN_POINT ( 'NONE',  ( 4.041249999999997122, 0.06250000000000000000, -4.041249999999985576 ) ) ;
#3437 = EDGE_CURVE ( 'NONE', #2183, #1501, #3477, .T. ) ;
#3438 = DIRECTION ( 'NONE',  ( 4.625929269271459921E-14, 0.000000000000000000, -1.000000000000000000 ) ) ;
#3439 = EDGE_CURVE ( 'NONE', #1994, #989, #2658, .T. ) ;
#3440 = ORIENTED_EDGE ( 'NONE', *, *, #2930, .F. ) ;
#3441 = PLANE ( 'NONE',  #3954 ) ;
#3442 = CARTESIAN_POINT ( 'NONE',  ( -1.125000000000000222, 0.06250000000000000000, -9.799999999999998934 ) ) ;
#3443 = DIRECTION ( 'NONE',  ( 0.000000000000000000, 0.000000000000000000, -1.000000000000000000 ) ) ;
#3444 = LINE ( 'NONE', #9658, #10994 ) ;
#3445 = EDGE_LOOP ( 'NONE', ( #6229, #781, #2633, #2276 ) ) ;
#3446 = VECTOR ( 'NONE', #4438, 1000.000000000000000 ) ;
#3447 = ORIENTED_EDGE ( 'NONE', *, *, #4714, .F. ) ;
#3448 = DIRECTION ( 'NONE',  ( 0.000000000000000000, 0.000000000000000000, -1.000000000000000000 ) ) ;
#3449 = LINE ( 'NONE', #10840, #3051 ) ;
#3450 = AXIS2_PLACEMENT_3D ( 'NONE', #3501, #12947, #7710 ) ;
#3451 = EDGE_CURVE ( 'NONE', #1237, #1895, #6669, .T. ) ;
#3452 = MECHANICAL_DESIGN_GEOMETRIC_PRESENTATION_REPRESENTATION (  '', ( #5668 ), #7414 ) ;
#3453 = PLANE ( 'NONE',  #13548 ) ;
#3454 = CARTESIAN_POINT ( 'NONE',  ( 2.199999999999999734, 0.2530000000000000027, -6.460000000000002629 ) ) ;
#3455 = SURFACE_STYLE_USAGE ( .BOTH. , #1336 ) ;
#3456 = CARTESIAN_POINT ( 'NONE',  ( 1.390000000000000346, 1.319999999999999840, 6.299999999999999822 ) ) ;
#3457 = EDGE_LOOP ( 'NONE', ( #9475, #10385, #5938, #7623 ) ) ;
#3458 = ORIENTED_EDGE ( 'NONE', *, *, #760, .F. ) ;
#3459 = PLANE ( 'NONE',  #1034 ) ;
#3460 = VERTEX_POINT ( 'NONE', #13537 ) ;
#3461 =( GEOMETRIC_REPRESENTATION_CONTEXT ( 3 ) GLOBAL_UNCERTAINTY_ASSIGNED_CONTEXT ( ( #4691 ) ) GLOBAL_UNIT_ASSIGNED_CONTEXT ( ( #9498, #12728, #7420 ) ) REPRESENTATION_CONTEXT ( 'NONE', 'WORKASPACE' ) );
#3462 = CARTESIAN_POINT ( 'NONE',  ( 0.5049999999999991163, 0.2530000000000000027, 2.674999999999999822 ) ) ;
#3463 = VECTOR ( 'NONE', #9915, 1000.000000000000000 ) ;
#3464 = DIRECTION ( 'NONE',  ( 0.000000000000000000, 0.000000000000000000, -1.000000000000000000 ) ) ;
#3465 = VECTOR ( 'NONE', #7049, 1000.000000000000000 ) ;
#3466 = DIRECTION ( 'NONE',  ( -1.000000000000000000, 0.000000000000000000, 0.000000000000000000 ) ) ;
#3467 =( NAMED_UNIT ( * ) PLANE_ANGLE_UNIT ( ) SI_UNIT ( $, .RADIAN. ) );
#3468 = FACE_OUTER_BOUND ( 'NONE', #923, .T. ) ;
#3469 = DIRECTION ( 'NONE',  ( 0.000000000000000000, -1.000000000000000000, 0.000000000000000000 ) ) ;
#3470 = CARTESIAN_POINT ( 'NONE',  ( 1.274999999999545164, 0.06250000000000000000, 5.898059818319007255E-14 ) ) ;
#3471 = CARTESIAN_POINT ( 'NONE',  ( -0.5500000000000005995, 0.4780000000000000360, 3.294999999999999929 ) ) ;
#3472 = ORIENTED_EDGE ( 'NONE', *, *, #7238, .F. ) ;
#3473 = SURFACE_SIDE_STYLE ('',( #8863 ) ) ;
#3474 = ORIENTED_EDGE ( 'NONE', *, *, #2396, .F. ) ;
#3475 = FACE_OUTER_BOUND ( 'NONE', #13247, .T. ) ;
#3476 = VECTOR ( 'NONE', #909, 1000.000000000000114 ) ;
#3477 = LINE ( 'NONE', #7690, #1122 ) ;
#3478 = ORIENTED_EDGE ( 'NONE', *, *, #4948, .F. ) ;
#3479 = VECTOR ( 'NONE', #12050, 1000.000000000000000 ) ;
#3480 = ORIENTED_EDGE ( 'NONE', *, *, #5060, .T. ) ;
#3481 = EDGE_CURVE ( 'NONE', #13307, #9299, #7132, .T. ) ;
#3482 = ORIENTED_EDGE ( 'NONE', *, *, #10190, .T. ) ;
#3483 = VECTOR ( 'NONE', #9161, 1000.000000000000000 ) ;
#3484 = VERTEX_POINT ( 'NONE', #9338 ) ;
#3485 = LINE ( 'NONE', #397, #6995 ) ;
#3486 = DIRECTION ( 'NONE',  ( 0.000000000000000000, 0.000000000000000000, -1.000000000000000000 ) ) ;
#3487 = VECTOR ( 'NONE', #2182, 1000.000000000000000 ) ;
#3488 = VECTOR ( 'NONE', #10446, 1000.000000000000000 ) ;
#3489 = DIRECTION ( 'NONE',  ( 0.7071067811865465735, 0.000000000000000000, -0.7071067811865485719 ) ) ;
#3490 = VECTOR ( 'NONE', #1902, 1000.000000000000000 ) ;
#3491 = EDGE_LOOP ( 'NONE', ( #5333, #5313, #2655, #10861 ) ) ;
#3492 = ORIENTED_EDGE ( 'NONE', *, *, #2265, .F. ) ;
#3493 = LINE ( 'NONE', #9988, #3731 ) ;
#3494 = VECTOR ( 'NONE', #2763, 1000.000000000000000 ) ;
#3495 = DIRECTION ( 'NONE',  ( 0.000000000000000000, -1.000000000000000000, 0.000000000000000000 ) ) ;
#3496 = ORIENTED_EDGE ( 'NONE', *, *, #9402, .T. ) ;
#3497 = DIRECTION ( 'NONE',  ( -1.000000000000000000, 0.000000000000000000, 0.000000000000000000 ) ) ;
#3498 = CARTESIAN_POINT ( 'NONE',  ( 0.000000000000000000, 0.06250000000000000000, -9.875000000000000000 ) ) ;
#3499 = ORIENTED_EDGE ( 'NONE', *, *, #5272, .F. ) ;
#3500 = ADVANCED_FACE ( 'NONE', ( #8239 ), #9138, .F. ) ;
#3501 = CARTESIAN_POINT ( 'NONE',  ( -0.3750000000000021094, 0.06250000000000000000, -1.010126247657312219E-16 ) ) ;
#3502 = EDGE_CURVE ( 'NONE', #6576, #2117, #5146, .T. ) ;
#3503 = AXIS2_PLACEMENT_3D ( 'NONE', #12758, #11925, #2345 ) ;
#3504 = AXIS2_PLACEMENT_3D ( 'NONE', #12828, #4485, #6426 ) ;
#3505 = ADVANCED_FACE ( 'NONE', ( #7265 ), #9205, .T. ) ;
#3506 = PLANE ( 'NONE',  #4375 ) ;
#3507 = DIRECTION ( 'NONE',  ( -0.000000000000000000, 1.000000000000000000, -0.000000000000000000 ) ) ;
#3508 = DIRECTION ( 'NONE',  ( -0.000000000000000000, 1.000000000000000000, -0.000000000000000000 ) ) ;
#3509 = ORIENTED_EDGE ( 'NONE', *, *, #9734, .T. ) ;
#3510 = CARTESIAN_POINT ( 'NONE',  ( -1.942500000000000115, 0.06250000000000000000, -9.724999999999999645 ) ) ;
#3511 = AXIS2_PLACEMENT_3D ( 'NONE', #9506, #1098, #3425 ) ;
#3512 = CARTESIAN_POINT ( 'NONE',  ( -5.087499999999995914, 0.06250000000000000000, -5.087500000000028777 ) ) ;
#3513 = DIRECTION ( 'NONE',  ( 0.000000000000000000, 0.000000000000000000, -1.000000000000000000 ) ) ;
#3514 = CARTESIAN_POINT ( 'NONE',  ( 1.942500000000004556, 0.06250000000000000000, -9.724999999999999645 ) ) ;
#3515 = ORIENTED_EDGE ( 'NONE', *, *, #7913, .F. ) ;
#3516 = EDGE_CURVE ( 'NONE', #3632, #3247, #11203, .T. ) ;
#3517 = EDGE_CURVE ( 'NONE', #5416, #5790, #6999, .T. ) ;
#3518 = VERTEX_POINT ( 'NONE', #2926 ) ;
#3519 = EDGE_CURVE ( 'NONE', #4051, #13534, #4096, .T. ) ;
#3520 = VECTOR ( 'NONE', #766, 1000.000000000000000 ) ;
#3521 = COLOUR_RGB ( '',1.000000000000000000, 0.8117647058823529438, 0.5019607843137254832 ) ;
#3522 = FACE_OUTER_BOUND ( 'NONE', #11460, .T. ) ;
#3523 = DIRECTION ( 'NONE',  ( -0.000000000000000000, 1.000000000000000000, -0.000000000000000000 ) ) ;
#3524 = CARTESIAN_POINT ( 'NONE',  ( -0.8019999999999980478, 1.089999999999999414, 8.949999999999999289 ) ) ;
#3525 = ORIENTED_EDGE ( 'NONE', *, *, #8316, .T. ) ;
#3526 = FACE_OUTER_BOUND ( 'NONE', #355, .T. ) ;
#3527 = DIRECTION ( 'NONE',  ( -0.000000000000000000, 1.000000000000000000, -0.000000000000000000 ) ) ;
#3528 = DIRECTION ( 'NONE',  ( -1.084202172485504828E-15, 0.000000000000000000, -1.000000000000000000 ) ) ;
#3529 = ORIENTED_EDGE ( 'NONE', *, *, #1084, .T. ) ;
#3530 = VECTOR ( 'NONE', #1898, 1000.000000000000000 ) ;
#3531 = ORIENTED_EDGE ( 'NONE', *, *, #2066, .F. ) ;
#3532 = CARTESIAN_POINT ( 'NONE',  ( 0.000000000000000000, 0.4780000000000000360, 0.000000000000000000 ) ) ;
#3533 = EDGE_CURVE ( 'NONE', #8323, #2466, #11476, .T. ) ;
#3534 = EDGE_LOOP ( 'NONE', ( #2154, #7656, #12023, #12859 ) ) ;
#3535 = EDGE_CURVE ( 'NONE', #9529, #2458, #11239, .T. ) ;
#3536 = FACE_OUTER_BOUND ( 'NONE', #5120, .T. ) ;
#3537 = VECTOR ( 'NONE', #7682, 1000.000000000000000 ) ;
#3538 =( NAMED_UNIT ( * ) PLANE_ANGLE_UNIT ( ) SI_UNIT ( $, .RADIAN. ) );
#3539 = VECTOR ( 'NONE', #2941, 1000.000000000000000 ) ;
#3540 = DIRECTION ( 'NONE',  ( 0.000000000000000000, 0.000000000000000000, -1.000000000000000000 ) ) ;
#3541 = DIRECTION ( 'NONE',  ( 1.000000000000000000, 0.000000000000000000, 0.000000000000000000 ) ) ;
#3542 = DIRECTION ( 'NONE',  ( -0.000000000000000000, 0.000000000000000000, 1.000000000000000000 ) ) ;
#3543 = CARTESIAN_POINT ( 'NONE',  ( -4.337499999999995914, 0.06250000000000000000, -4.337499999999982592 ) ) ;
#3544 = CARTESIAN_POINT ( 'NONE',  ( -5.833750000000008207, 0.06250000000000000000, -5.833749999999957581 ) ) ;
#3545 = CARTESIAN_POINT ( 'NONE',  ( -2.150000000000001688, 0.2530000000000000027, -10.00000000000000000 ) ) ;
#3546 = ORIENTED_EDGE ( 'NONE', *, *, #153, .T. ) ;
#3547 = FILL_AREA_STYLE_COLOUR ( '', #3521 ) ;
#3548 = ORIENTED_EDGE ( 'NONE', *, *, #12128, .F. ) ;
#3549 = LINE ( 'NONE', #12163, #13246 ) ;
#3550 = CARTESIAN_POINT ( 'NONE',  ( 0.000000000000000000, 0.1125000000000000028, -9.875000000000000000 ) ) ;
#3551 = VERTEX_POINT ( 'NONE', #750 ) ;
#3552 = AXIS2_PLACEMENT_3D ( 'NONE', #1081, #6319, #10527 ) ;
#3553 = VERTEX_POINT ( 'NONE', #809 ) ;
#3554 = EDGE_LOOP ( 'NONE', ( #7176, #6836, #2585, #13230 ) ) ;
#3555 = ORIENTED_EDGE ( 'NONE', *, *, #5964, .F. ) ;
#3556 = DIRECTION ( 'NONE',  ( -0.000000000000000000, 1.000000000000000000, -0.000000000000000000 ) ) ;
#3557 = CARTESIAN_POINT ( 'NONE',  ( 0.7799999999999994715, 0.1125000000000000028, 0.000000000000000000 ) ) ;
#3558 = DIRECTION ( 'NONE',  ( -4.186108774075308606E-16, 0.000000000000000000, 1.000000000000000000 ) ) ;
#3559 = VECTOR ( 'NONE', #5427, 1000.000000000000000 ) ;
#3560 = EDGE_CURVE ( 'NONE', #3133, #2284, #948, .T. ) ;
#3561 = CYLINDRICAL_SURFACE ( 'NONE', #1023, 0.2000000000000000944 ) ;
#3562 = ORIENTED_EDGE ( 'NONE', *, *, #5193, .F. ) ;
#3563 = ORIENTED_EDGE ( 'NONE', *, *, #8508, .F. ) ;
#3564 = CARTESIAN_POINT ( 'NONE',  ( 0.000000000000000000, 0.06250000000000000000, -7.653000000000000469 ) ) ;
#3565 = CARTESIAN_POINT ( 'NONE',  ( 1.285000000000038556, 0.1125000000000000028, -6.049171415550256694E-15 ) ) ;
#3566 = ORIENTED_EDGE ( 'NONE', *, *, #4891, .T. ) ;
#3567 = CARTESIAN_POINT ( 'NONE',  ( -2.150000000000000799, 0.000000000000000000, -7.653000000000000469 ) ) ;
#3568 = CYLINDRICAL_SURFACE ( 'NONE', #12325, 0.2000000000000000944 ) ;
#3569 = ORIENTED_EDGE ( 'NONE', *, *, #1871, .F. ) ;
#3570 = VECTOR ( 'NONE', #12839, 1000.000000000000000 ) ;
#3571 = PLANE ( 'NONE',  #3898 ) ;
#3572 =( GEOMETRIC_REPRESENTATION_CONTEXT ( 3 ) GLOBAL_UNCERTAINTY_ASSIGNED_CONTEXT ( ( #560 ) ) GLOBAL_UNIT_ASSIGNED_CONTEXT ( ( #8928, #9971, #10034 ) ) REPRESENTATION_CONTEXT ( 'NONE', 'WORKASPACE' ) );
#3573 = VERTEX_POINT ( 'NONE', #5004 ) ;
#3574 = AXIS2_PLACEMENT_3D ( 'NONE', #1953, #3044, #8286 ) ;
#3575 = LINE ( 'NONE', #9998, #9431 ) ;
#3576 = CARTESIAN_POINT ( 'NONE',  ( -1.250000000000000222, 0.1125000000000000028, -4.753000000000000114 ) ) ;
#3577 = SHAPE_DEFINITION_REPRESENTATION ( #10422, #12848 ) ;
#3578 = CARTESIAN_POINT ( 'NONE',  ( 5.833750000000010871, 0.06250000000000000000, -5.833749999999960245 ) ) ;
#3579 = EDGE_CURVE ( 'NONE', #6482, #6634, #5906, .T. ) ;
#3580 = EDGE_LOOP ( 'NONE', ( #13390, #2698, #9508, #4585 ) ) ;
#3581 = EDGE_CURVE ( 'NONE', #10133, #1802, #8029, .T. ) ;
#3582 = ORIENTED_EDGE ( 'NONE', *, *, #12437, .T. ) ;
#3583 = DIRECTION ( 'NONE',  ( 7.709882115452468306E-16, 0.000000000000000000, 1.000000000000000000 ) ) ;
#3584 = CARTESIAN_POINT ( 'NONE',  ( 2.199999999999999734, 0.4780000000000000360, -6.460000000000002629 ) ) ;
#3585 = ADVANCED_FACE ( 'NONE', ( #10308 ), #9074, .T. ) ;
#3586 = DIRECTION ( 'NONE',  ( 0.000000000000000000, -1.000000000000000000, 0.000000000000000000 ) ) ;
#3587 = CARTESIAN_POINT ( 'NONE',  ( 0.3750000000000009992, 0.06250000000000000000, -9.875000000000000000 ) ) ;
#3588 = ORIENTED_EDGE ( 'NONE', *, *, #9591, .T. ) ;
#3589 = ORIENTED_EDGE ( 'NONE', *, *, #9929, .T. ) ;
#3590 = CARTESIAN_POINT ( 'NONE',  ( 2.350000000000000089, 0.2530000000000000027, -8.875000000000000000 ) ) ;
#3591 = DIRECTION ( 'NONE',  ( -0.000000000000000000, -0.000000000000000000, 1.000000000000000000 ) ) ;
#3592 = EDGE_CURVE ( 'NONE', #6009, #6942, #12229, .T. ) ;
#3593 = EDGE_CURVE ( 'NONE', #3074, #8871, #2788, .T. ) ;
#3594 = CARTESIAN_POINT ( 'NONE',  ( -1.707500000000000684, 0.1125000000000000028, -8.390000000000000568 ) ) ;
#3595 = ORIENTED_EDGE ( 'NONE', *, *, #2005, .T. ) ;
#3596 = LINE ( 'NONE', #580, #7020 ) ;
#3597 = DIRECTION ( 'NONE',  ( 1.000000000000000000, 0.000000000000000000, 0.000000000000000000 ) ) ;
#3598 = LINE ( 'NONE', #9739, #12529 ) ;
#3599 = ADVANCED_FACE ( 'NONE', ( #13407 ), #8175, .T. ) ;
#3600 = EDGE_CURVE ( 'NONE', #9322, #12520, #12706, .T. ) ;
#3601 = ORIENTED_EDGE ( 'NONE', *, *, #12844, .T. ) ;
#3602 = LINE ( 'NONE', #9186, #11442 ) ;
#3603 = ORIENTED_EDGE ( 'NONE', *, *, #12746, .T. ) ;
#3604 = CARTESIAN_POINT ( 'NONE',  ( -2.200000000000000622, -0.2250000000000000056, 0.3499999999999987566 ) ) ;
#3605 = EDGE_LOOP ( 'NONE', ( #9339, #6331, #11299, #10224 ) ) ;
#3606 = DIRECTION ( 'NONE',  ( 0.000000000000000000, 0.000000000000000000, 1.000000000000000000 ) ) ;
#3607 = VECTOR ( 'NONE', #12840, 1000.000000000000000 ) ;
#3608 = EDGE_CURVE ( 'NONE', #1290, #8101, #1063, .T. ) ;
#3609 = FACE_OUTER_BOUND ( 'NONE', #118, .T. ) ;
#3610 = VERTEX_POINT ( 'NONE', #5418 ) ;
#3611 = EDGE_CURVE ( 'NONE', #13473, #2232, #9679, .T. ) ;
#3612 = DIRECTION ( 'NONE',  ( -1.000000000000000000, -0.000000000000000000, -0.000000000000000000 ) ) ;
#3613 = CARTESIAN_POINT ( 'NONE',  ( 2.199999999999999734, 0.2530000000000000027, -6.460000000000002629 ) ) ;
#3614 = DIRECTION ( 'NONE',  ( -1.000000000000000000, 0.000000000000000000, -3.469446951953515108E-14 ) ) ;
#3615 = EDGE_CURVE ( 'NONE', #5969, #125, #13604, .T. ) ;
#3616 = CARTESIAN_POINT ( 'NONE',  ( 1.350000000000000089, 0.2530000000000000027, -0.7429999999999999938 ) ) ;
#3617 = ORIENTED_EDGE ( 'NONE', *, *, #8892, .F. ) ;
#3618 = CARTESIAN_POINT ( 'NONE',  ( 0.8249999999999988454, 0.1125000000000000028, 2.222277744846071153E-16 ) ) ;
#3619 = VERTEX_POINT ( 'NONE', #5278 ) ;
#3620 = LINE ( 'NONE', #2657, #494 ) ;
#3621 = LINE ( 'NONE', #5770, #2432 ) ;
#3622 = ORIENTED_EDGE ( 'NONE', *, *, #10076, .F. ) ;
#3623 = ORIENTED_EDGE ( 'NONE', *, *, #5965, .F. ) ;
#3624 = ORIENTED_EDGE ( 'NONE', *, *, #6785, .F. ) ;
#3625 = ORIENTED_EDGE ( 'NONE', *, *, #7808, .F. ) ;
#3626 = CARTESIAN_POINT ( 'NONE',  ( 1.425000000000002709, 0.06250000000000000000, -9.875000000000000000 ) ) ;
#3627 = CARTESIAN_POINT ( 'NONE',  ( 0.000000000000000000, 0.000000000000000000, -6.460000000000000853 ) ) ;
#3628 = SURFACE_STYLE_USAGE ( .BOTH. , #6939 ) ;
#3629 = DIRECTION ( 'NONE',  ( 0.7071067811865465735, 0.000000000000000000, -0.7071067811865485719 ) ) ;
#3630 = EDGE_CURVE ( 'NONE', #5089, #13320, #10453, .T. ) ;
#3631 = ORIENTED_EDGE ( 'NONE', *, *, #12070, .T. ) ;
#3632 = VERTEX_POINT ( 'NONE', #2101 ) ;
#3633 = CARTESIAN_POINT ( 'NONE',  ( 3.822499999999977138, 0.06250000000000000000, -3.822499999999849241 ) ) ;
#3634 = DIRECTION ( 'NONE',  ( -1.084202172485504828E-15, 0.000000000000000000, -1.000000000000000000 ) ) ;
#3635 = ORIENTED_EDGE ( 'NONE', *, *, #3947, .T. ) ;
#3636 = CARTESIAN_POINT ( 'NONE',  ( 1.020000000000003570, 0.1125000000000000028, -9.025000000000000355 ) ) ;
#3637 = DIRECTION ( 'NONE',  ( 1.837630800822888122E-15, 0.000000000000000000, 1.000000000000000000 ) ) ;
#3638 = ORIENTED_EDGE ( 'NONE', *, *, #10352, .T. ) ;
#3639 = CARTESIAN_POINT ( 'NONE',  ( 0.3850000000000014522, 0.06250000000000000000, -7.653000000000000469 ) ) ;
#3640 = VERTEX_POINT ( 'NONE', #3393 ) ;
#3641 = VECTOR ( 'NONE', #10652, 1000.000000000000000 ) ;
#3642 = CARTESIAN_POINT ( 'NONE',  ( -5.237499999999998934, 0.06250000000000000000, -5.237499999999984723 ) ) ;
#3643 = DIRECTION ( 'NONE',  ( -0.000000000000000000, 1.000000000000000000, -0.000000000000000000 ) ) ;
#3644 = LINE ( 'NONE', #12193, #6779 ) ;
#3645 = ORIENTED_EDGE ( 'NONE', *, *, #9328, .F. ) ;
#3646 = VERTEX_POINT ( 'NONE', #9605 ) ;
#3647 = CARTESIAN_POINT ( 'NONE',  ( 1.575000000000002620, 0.1125000000000000028, -9.875000000000000000 ) ) ;
#3648 = CARTESIAN_POINT ( 'NONE',  ( 2.575000000000000178, 0.2530000000000000027, -8.500000000000000000 ) ) ;
#3649 = VECTOR ( 'NONE', #12369, 1000.000000000000000 ) ;
#3650 = DIRECTION ( 'NONE',  ( 0.000000000000000000, 0.000000000000000000, -1.000000000000000000 ) ) ;
#3651 = PLANE ( 'NONE',  #2404 ) ;
#3652 = VERTEX_POINT ( 'NONE', #8643 ) ;
#3653 = ORIENTED_EDGE ( 'NONE', *, *, #8984, .F. ) ;
#3654 = EDGE_CURVE ( 'NONE', #5649, #8054, #109, .T. ) ;
#3655 = MECHANICAL_DESIGN_GEOMETRIC_PRESENTATION_REPRESENTATION (  '', ( #2987 ), #8287 ) ;
#3656 = DIRECTION ( 'NONE',  ( 0.000000000000000000, -0.000000000000000000, -1.000000000000000000 ) ) ;
#3657 = AXIS2_PLACEMENT_3D ( 'NONE', #11454, #6275, #12550 ) ;
#3658 = LINE ( 'NONE', #11931, #11208 ) ;
#3659 = DIRECTION ( 'NONE',  ( -0.000000000000000000, -1.000000000000000000, -0.000000000000000000 ) ) ;
#3660 = ORIENTED_EDGE ( 'NONE', *, *, #3422, .T. ) ;
#3661 = LINE ( 'NONE', #2556, #7903 ) ;
#3662 = LINE ( 'NONE', #13175, #1379 ) ;
#3663 = CARTESIAN_POINT ( 'NONE',  ( 1.950000000000000400, 0.4780000000000000360, -10.00000000000000000 ) ) ;
#3664 = STYLED_ITEM ( 'NONE', ( #6422 ), #5259 ) ;
#3665 = VERTEX_POINT ( 'NONE', #7606 ) ;
#3666 = CARTESIAN_POINT ( 'NONE',  ( 0.9049999999999992495, 0.4780000000000000360, 1.874999999999999778 ) ) ;
#3667 = ORIENTED_EDGE ( 'NONE', *, *, #6271, .F. ) ;
#3668 = LINE ( 'NONE', #10782, #11814 ) ;
#3669 = ORIENTED_EDGE ( 'NONE', *, *, #9427, .T. ) ;
#3670 = EDGE_CURVE ( 'NONE', #2499, #3071, #5352, .T. ) ;
#3671 = ADVANCED_FACE ( 'NONE', ( #6301 ), #12845, .F. ) ;
#3672 = PLANE ( 'NONE',  #6437 ) ;
#3673 = VECTOR ( 'NONE', #12778, 1000.000000000000000 ) ;
#3674 = ADVANCED_FACE ( 'NONE', ( #6510 ), #178, .T. ) ;
#3675 = PLANE ( 'NONE',  #1446 ) ;
#3676 = ORIENTED_EDGE ( 'NONE', *, *, #13011, .F. ) ;
#3677 = CARTESIAN_POINT ( 'NONE',  ( -1.799999999999998268, 0.4780000000000000360, -4.998000000000000220 ) ) ;
#3678 = CARTESIAN_POINT ( 'NONE',  ( 0.000000000000000000, 0.06250000000000000000, -9.875000000000000000 ) ) ;
#3679 = CARTESIAN_POINT ( 'NONE',  ( -0.4500000000000001221, 0.06250000000000000000, 0.000000000000000000 ) ) ;
#3680 = CARTESIAN_POINT ( 'NONE',  ( -2.150000000000000799, 0.4780000000000000360, -9.074999999999999289 ) ) ;
#3681 = ORIENTED_EDGE ( 'NONE', *, *, #12685, .F. ) ;
#3682 = VECTOR ( 'NONE', #9689, 1000.000000000000000 ) ;
#3683 = ORIENTED_EDGE ( 'NONE', *, *, #12028, .T. ) ;
#3684 = CARTESIAN_POINT ( 'NONE',  ( -0.9749999999999999778, 0.06250000000000000000, -9.875000000000000000 ) ) ;
#3685 = CARTESIAN_POINT ( 'NONE',  ( 0.05000000000000012768, 0.06250000000000000000, 0.000000000000000000 ) ) ;
#3686 = EDGE_LOOP ( 'NONE', ( #8284, #1266, #8311, #7097 ) ) ;
#3687 = ORIENTED_EDGE ( 'NONE', *, *, #9275, .F. ) ;
#3688 = ORIENTED_EDGE ( 'NONE', *, *, #12284, .T. ) ;
#3689 = EDGE_CURVE ( 'NONE', #5904, #934, #1206, .T. ) ;
#3690 = ORIENTED_EDGE ( 'NONE', *, *, #6492, .F. ) ;
#3691 = EDGE_CURVE ( 'NONE', #9058, #1807, #41, .T. ) ;
#3692 = VECTOR ( 'NONE', #4561, 1000.000000000000000 ) ;
#3693 = EDGE_CURVE ( 'NONE', #1015, #9075, #6244, .T. ) ;
#3694 = LINE ( 'NONE', #11897, #8096 ) ;
#3695 = FACE_OUTER_BOUND ( 'NONE', #13494, .T. ) ;
#3696 = AXIS2_PLACEMENT_3D ( 'NONE', #3415, #9627, #8666 ) ;
#3697 = CARTESIAN_POINT ( 'NONE',  ( -0.7799999999999979172, 0.06250000000000000000, 0.000000000000000000 ) ) ;
#3698 = VERTEX_POINT ( 'NONE', #5205 ) ;
#3699 = ORIENTED_EDGE ( 'NONE', *, *, #5547, .F. ) ;
#3700 = AXIS2_PLACEMENT_3D ( 'NONE', #6137, #4126, #9302 ) ;
#3701 = DIRECTION ( 'NONE',  ( 0.7071067811865356934, 0.000000000000000000, -0.7071067811865593411 ) ) ;
#3702 = VECTOR ( 'NONE', #5935, 1000.000000000000000 ) ;
#3703 = DIRECTION ( 'NONE',  ( -1.000000000000000000, 0.000000000000000000, 0.000000000000000000 ) ) ;
#3704 = EDGE_LOOP ( 'NONE', ( #5700, #10508, #5787, #4577 ) ) ;
#3705 = AXIS2_PLACEMENT_3D ( 'NONE', #3714, #5857, #5932 ) ;
#3706 = LINE ( 'NONE', #10055, #13458 ) ;
#3707 = LINE ( 'NONE', #2533, #10135 ) ;
#3708 = ORIENTED_EDGE ( 'NONE', *, *, #5616, .T. ) ;
#3709 = CARTESIAN_POINT ( 'NONE',  ( 0.000000000000000000, 0.1125000000000000028, -4.753000000000000114 ) ) ;
#3710 = ORIENTED_EDGE ( 'NONE', *, *, #9780, .F. ) ;
#3711 = EDGE_CURVE ( 'NONE', #11988, #13149, #9400, .T. ) ;
#3712 = VECTOR ( 'NONE', #8470, 1000.000000000000000 ) ;
#3713 = VECTOR ( 'NONE', #7732, 1000.000000000000000 ) ;
#3714 = CARTESIAN_POINT ( 'NONE',  ( 0.000000000000000000, 0.06250000000000000000, -4.753000000000000114 ) ) ;
#3715 = VECTOR ( 'NONE', #3386, 1000.000000000000000 ) ;
#3716 = AXIS2_PLACEMENT_3D ( 'NONE', #6638, #11042, #2630 ) ;
#3717 = DIRECTION ( 'NONE',  ( -0.000000000000000000, -1.000000000000000000, -0.000000000000000000 ) ) ;
#3718 = ORIENTED_EDGE ( 'NONE', *, *, #5633, .F. ) ;
#3719 = VERTEX_POINT ( 'NONE', #10647 ) ;
#3720 = DIRECTION ( 'NONE',  ( -0.7071067811865356934, 0.000000000000000000, -0.7071067811865594521 ) ) ;
#3721 = DIRECTION ( 'NONE',  ( 0.000000000000000000, 0.000000000000000000, -1.000000000000000000 ) ) ;
#3722 = CARTESIAN_POINT ( 'NONE',  ( -4.787499999999999645, 0.06250000000000000000, -4.787500000000030731 ) ) ;
#3723 = CIRCLE ( 'NONE', #12961, 1.190000000000000169 ) ;
#3724 = DIRECTION ( 'NONE',  ( 4.119085594246160228E-15, 0.000000000000000000, -1.000000000000000000 ) ) ;
#3725 = AXIS2_PLACEMENT_3D ( 'NONE', #7999, #9857, #3583 ) ;
#3726 = ORIENTED_EDGE ( 'NONE', *, *, #3419, .T. ) ;
#3727 = VECTOR ( 'NONE', #6279, 1000.000000000000000 ) ;
#3728 = ORIENTED_EDGE ( 'NONE', *, *, #4683, .T. ) ;
#3729 = CARTESIAN_POINT ( 'NONE',  ( 1.425000000000000044, 0.06250000000000000000, 3.838479741097756800E-16 ) ) ;
#3730 = CARTESIAN_POINT ( 'NONE',  ( -2.200000000000000622, 0.2530000000000000027, -10.00000000000000000 ) ) ;
#3731 = VECTOR ( 'NONE', #3701, 1000.000000000000000 ) ;
#3732 = FACE_OUTER_BOUND ( 'NONE', #9538, .T. ) ;
#3733 = EDGE_LOOP ( 'NONE', ( #4731, #5380, #2111, #12894, #12724, #5776, #6360, #8638 ) ) ;
#3734 = FACE_OUTER_BOUND ( 'NONE', #7693, .T. ) ;
#3735 = DIRECTION ( 'NONE',  ( 1.000000000000000000, 0.000000000000000000, 0.000000000000000000 ) ) ;
#3736 = PLANE ( 'NONE',  #10530 ) ;
#3737 = ADVANCED_FACE ( 'NONE', ( #12573 ), #3131, .T. ) ;
#3738 = ORIENTED_EDGE ( 'NONE', *, *, #5469, .T. ) ;
#3739 = LINE ( 'NONE', #10163, #11852 ) ;
#3740 = VERTEX_POINT ( 'NONE', #3197 ) ;
#3741 = AXIS2_PLACEMENT_3D ( 'NONE', #2330, #218, #10818 ) ;
#3742 = CARTESIAN_POINT ( 'NONE',  ( -0.5019999999999983364, 2.979999999999999982, 7.799999999999999822 ) ) ;
#3743 = ORIENTED_EDGE ( 'NONE', *, *, #176, .F. ) ;
#3744 = DIRECTION ( 'NONE',  ( 2.891205793294679312E-16, 0.000000000000000000, 1.000000000000000000 ) ) ;
#3745 = CARTESIAN_POINT ( 'NONE',  ( -1.349999999999996758, 0.06250000000000000000, 4.878909776184788688E-16 ) ) ;
#3746 = VERTEX_POINT ( 'NONE', #7398 ) ;
#3747 = LINE ( 'NONE', #8091, #1077 ) ;
#3748 = AXIS2_PLACEMENT_3D ( 'NONE', #10070, #7849, #12132 ) ;
#3749 = PLANE ( 'NONE',  #13160 ) ;
#3750 = CARTESIAN_POINT ( 'NONE',  ( -1.149999999999999467, 0.06250000000000000000, -9.025000000000000355 ) ) ;
#3751 = EDGE_CURVE ( 'NONE', #4583, #5438, #2164, .T. ) ;
#3752 = EDGE_CURVE ( 'NONE', #731, #2716, #10585, .T. ) ;
#3753 = EDGE_LOOP ( 'NONE', ( #11589, #8868, #9234, #5005 ) ) ;
#3754 = ORIENTED_EDGE ( 'NONE', *, *, #6473, .F. ) ;
#3755 = EDGE_CURVE ( 'NONE', #4739, #4620, #1620, .T. ) ;
#3756 = CARTESIAN_POINT ( 'NONE',  ( 0.5500000000000042633, 0.1125000000000000028, -9.025000000000000355 ) ) ;
#3757 = CARTESIAN_POINT ( 'NONE',  ( 1.274999999999545164, 0.1125000000000000028, 5.898059818319007255E-14 ) ) ;
#3758 = EDGE_LOOP ( 'NONE', ( #8722, #8802, #10082, #945 ) ) ;
#3759 = ORIENTED_EDGE ( 'NONE', *, *, #9747, .F. ) ;
#3760 = EDGE_LOOP ( 'NONE', ( #5022, #376, #8996, #11488, #3318, #3710, #13585, #9652 ) ) ;
#3761 = CARTESIAN_POINT ( 'NONE',  ( -0.000000000000000000, 0.1125000000000000028, -7.653000000000000469 ) ) ;
#3762 = CARTESIAN_POINT ( 'NONE',  ( -1.049999999999999822, 0.06250000000000000000, -9.124999999999998224 ) ) ;
#3763 = CARTESIAN_POINT ( 'NONE',  ( 2.149999999999999911, 0.4780000000000000360, -6.987373870972730217 ) ) ;
#3764 = CARTESIAN_POINT ( 'NONE',  ( 2.199999999999999734, -0.2250000000000000056, 0.3499999999999987566 ) ) ;
#3765 = CARTESIAN_POINT ( 'NONE',  ( -0.1499999999999956368, 0.06250000000000000000, -9.724999999999999645 ) ) ;
#3766 = ADVANCED_FACE ( 'NONE', ( #7868 ), #12905, .T. ) ;
#3767 = CARTESIAN_POINT ( 'NONE',  ( 2.149999999999999911, 0.2530000000000000027, -6.987373870972730217 ) ) ;
#3768 = EDGE_CURVE ( 'NONE', #10595, #5416, #9959, .T. ) ;
#3769 = ORIENTED_EDGE ( 'NONE', *, *, #5810, .F. ) ;
#3770 = VECTOR ( 'NONE', #6177, 1000.000000000000000 ) ;
#3771 = DIRECTION ( 'NONE',  ( 1.372407813272789047E-16, -1.000000000000000000, 0.000000000000000000 ) ) ;
#3772 = EDGE_LOOP ( 'NONE', ( #9761, #11653, #11206, #11076 ) ) ;
#3773 = EDGE_CURVE ( 'NONE', #8063, #3071, #2359, .T. ) ;
#3774 = CARTESIAN_POINT ( 'NONE',  ( -2.200000000000000622, 0.2530000000000000027, -6.850000000000000533 ) ) ;
#3775 = CARTESIAN_POINT ( 'NONE',  ( 2.574999999999998845, 0.4780000000000000360, -8.325000000000001066 ) ) ;
#3776 = VERTEX_POINT ( 'NONE', #1406 ) ;
#3777 = DIRECTION ( 'NONE',  ( 0.000000000000000000, 0.000000000000000000, 1.000000000000000000 ) ) ;
#3778 = ORIENTED_EDGE ( 'NONE', *, *, #8084, .T. ) ;
#3779 = AXIS2_PLACEMENT_3D ( 'NONE', #4369, #6375, #1003 ) ;
#3780 = DIRECTION ( 'NONE',  ( 0.000000000000000000, 0.000000000000000000, -1.000000000000000000 ) ) ;
#3781 = LINE ( 'NONE', #1656, #8064 ) ;
#3782 = PLANE ( 'NONE',  #6572 ) ;
#3783 = EDGE_LOOP ( 'NONE', ( #4419, #8639, #5162, #11716 ) ) ;
#3784 = ORIENTED_EDGE ( 'NONE', *, *, #2578, .F. ) ;
#3785 = EDGE_CURVE ( 'NONE', #4586, #11969, #378, .T. ) ;
#3786 = DIRECTION ( 'NONE',  ( 0.000000000000000000, 0.000000000000000000, 1.000000000000000000 ) ) ;
#3787 = PLANE ( 'NONE',  #2376 ) ;
#3788 = EDGE_CURVE ( 'NONE', #10931, #10663, #11802, .T. ) ;
#3789 = STYLED_ITEM ( 'NONE', ( #6768 ), #920 ) ;
#3790 = DIRECTION ( 'NONE',  ( -0.000000000000000000, 1.000000000000000000, -0.000000000000000000 ) ) ;
#3791 = VECTOR ( 'NONE', #12512, 1000.000000000000000 ) ;
#3792 = FACE_OUTER_BOUND ( 'NONE', #8289, .T. ) ;
#3793 = AXIS2_PLACEMENT_3D ( 'NONE', #4024, #8020, #10233 ) ;
#3794 = ORIENTED_EDGE ( 'NONE', *, *, #2415, .F. ) ;
#3795 = ORIENTED_EDGE ( 'NONE', *, *, #3755, .F. ) ;
#3796 = FACE_OUTER_BOUND ( 'NONE', #2732, .T. ) ;
#3797 = LINE ( 'NONE', #8007, #3214 ) ;
#3798 = PRESENTATION_LAYER_ASSIGNMENT (  '', '', ( #10420 ) ) ;
#3799 = CARTESIAN_POINT ( 'NONE',  ( -2.575000000000001066, 0.4780000000000000360, -8.325000000000001066 ) ) ;
#3800 = CARTESIAN_POINT ( 'NONE',  ( 0.4200000000000030376, 0.06250000000000000000, -8.424999999999997158 ) ) ;
#3801 = VERTEX_POINT ( 'NONE', #375 ) ;
#3802 = FACE_OUTER_BOUND ( 'NONE', #6053, .T. ) ;
#3803 = LINE ( 'NONE', #2707, #13262 ) ;
#3804 = DIRECTION ( 'NONE',  ( 0.000000000000000000, 0.000000000000000000, -1.000000000000000000 ) ) ;
#3805 = ORIENTED_EDGE ( 'NONE', *, *, #567, .F. ) ;
#3806 = CARTESIAN_POINT ( 'NONE',  ( -0.6000000000000000888, 0.06250000000000000000, -4.753000000000000114 ) ) ;
#3807 = EDGE_LOOP ( 'NONE', ( #6899, #6478, #1286, #7351 ) ) ;
#3808 = VECTOR ( 'NONE', #3202, 1000.000000000000000 ) ;
#3809 = CARTESIAN_POINT ( 'NONE',  ( -1.350000000000000533, 0.000000000000000000, -6.012999999999999901 ) ) ;
#3810 = ORIENTED_EDGE ( 'NONE', *, *, #6562, .T. ) ;
#3811 = LINE ( 'NONE', #1830, #11718 ) ;
#3812 = CARTESIAN_POINT ( 'NONE',  ( -2.574999999999999734, 0.2530000000000000027, -8.325000000000001066 ) ) ;
#3813 = ORIENTED_EDGE ( 'NONE', *, *, #1573, .T. ) ;
#3814 = DIRECTION ( 'NONE',  ( 4.119085594246160228E-15, 0.000000000000000000, -1.000000000000000000 ) ) ;
#3815 = DIRECTION ( 'NONE',  ( -1.000000000000000000, 0.000000000000000000, 0.000000000000000000 ) ) ;
#3816 = CARTESIAN_POINT ( 'NONE',  ( -0.3850000000000018963, 0.06250000000000000000, -8.389999999999998792 ) ) ;
#3817 = FACE_OUTER_BOUND ( 'NONE', #10214, .T. ) ;
#3818 = ORIENTED_EDGE ( 'NONE', *, *, #10485, .F. ) ;
#3819 = ORIENTED_EDGE ( 'NONE', *, *, #2148, .T. ) ;
#3820 = FACE_OUTER_BOUND ( 'NONE', #12305, .T. ) ;
#3821 = CARTESIAN_POINT ( 'NONE',  ( -0.2000000000000000944, 0.06250000000000000000, 0.000000000000000000 ) ) ;
#3822 = ORIENTED_EDGE ( 'NONE', *, *, #8679, .T. ) ;
#3823 = ORIENTED_EDGE ( 'NONE', *, *, #7287, .F. ) ;
#3824 = EDGE_CURVE ( 'NONE', #8918, #13108, #3668, .T. ) ;
#3825 = EDGE_CURVE ( 'NONE', #11413, #8567, #8980, .T. ) ;
#3826 = LINE ( 'NONE', #1777, #13581 ) ;
#3827 = FACE_OUTER_BOUND ( 'NONE', #9903, .T. ) ;
#3828 = EDGE_CURVE ( 'NONE', #4030, #448, #8845, .T. ) ;
#3829 = CARTESIAN_POINT ( 'NONE',  ( -1.114999999999999547, 0.06250000000000000000, -7.653000000000000469 ) ) ;
#3830 = DIRECTION ( 'NONE',  ( 0.000000000000000000, 0.000000000000000000, -1.000000000000000000 ) ) ;
#3831 = CARTESIAN_POINT ( 'NONE',  ( 0.6499999999999991340, 0.06250000000000000000, -8.424999999999997158 ) ) ;
#3832 = ORIENTED_EDGE ( 'NONE', *, *, #10353, .T. ) ;
#3833 = FILL_AREA_STYLE ('',( #10320 ) ) ;
#3834 = CARTESIAN_POINT ( 'NONE',  ( -0.9750000000000001998, 0.1125000000000000028, -9.070000000000002061 ) ) ;
#3835 = ORIENTED_EDGE ( 'NONE', *, *, #2151, .T. ) ;
#3836 = DIRECTION ( 'NONE',  ( -0.000000000000000000, -1.000000000000000000, -0.000000000000000000 ) ) ;
#3837 = DIRECTION ( 'NONE',  ( -0.7071067811865584529, 0.000000000000000000, -0.7071067811865365815 ) ) ;
#3838 = EDGE_LOOP ( 'NONE', ( #874, #1713, #3078, #19 ) ) ;
#3839 = ORIENTED_EDGE ( 'NONE', *, *, #3988, .F. ) ;
#3840 = ADVANCED_FACE ( 'NONE', ( #2642 ), #7741, .T. ) ;
#3841 = ADVANCED_FACE ( 'NONE', ( #5558, #1548 ), #7672, .T. ) ;
#3842 = DIRECTION ( 'NONE',  ( -0.000000000000000000, 1.000000000000000000, -0.000000000000000000 ) ) ;
#3843 = CARTESIAN_POINT ( 'NONE',  ( -0.2019999999999984031, 2.080000000000000071, 7.799999999999999822 ) ) ;
#3844 = EDGE_CURVE ( 'NONE', #1822, #3665, #9742, .T. ) ;
#3845 = ADVANCED_FACE ( 'NONE', ( #8701 ), #3459, .T. ) ;
#3846 = LINE ( 'NONE', #6896, #9384 ) ;
#3847 = DIRECTION ( 'NONE',  ( 0.000000000000000000, -1.000000000000000000, 0.000000000000000000 ) ) ;
#3848 = UNCERTAINTY_MEASURE_WITH_UNIT (LENGTH_MEASURE( 1.000000000000000082E-05 ), #9271, 'distance_accuracy_value', 'NONE');
#3849 = ORIENTED_EDGE ( 'NONE', *, *, #8146, .T. ) ;
#3850 = ORIENTED_EDGE ( 'NONE', *, *, #6286, .T. ) ;
#3851 = DIRECTION ( 'NONE',  ( -0.000000000000000000, 1.000000000000000000, -0.000000000000000000 ) ) ;
#3852 = CARTESIAN_POINT ( 'NONE',  ( 0.8500000000000003109, 0.06250000000000000000, 0.000000000000000000 ) ) ;
#3853 = AXIS2_PLACEMENT_3D ( 'NONE', #3390, #7603, #9393 ) ;
#3854 = PLANE ( 'NONE',  #27 ) ;
#3855 = CARTESIAN_POINT ( 'NONE',  ( 0.000000000000000000, 0.06250000000000000000, -9.875000000000000000 ) ) ;
#3856 = VERTEX_POINT ( 'NONE', #11944 ) ;
#3857 = VERTEX_POINT ( 'NONE', #2500 ) ;
#3858 = ADVANCED_FACE ( 'NONE', ( #6710 ), #1469, .F. ) ;
#3859 = EDGE_CURVE ( 'NONE', #2486, #9977, #4644, .T. ) ;
#3860 = FACE_OUTER_BOUND ( 'NONE', #13206, .T. ) ;
#3861 = ADVANCED_FACE ( 'NONE', ( #2565 ), #6775, .T. ) ;
#3862 = SURFACE_STYLE_FILL_AREA ( #8067 ) ;
#3863 = CARTESIAN_POINT ( 'NONE',  ( -2.150000000000000799, 0.1125000000000000028, -9.074999999999999289 ) ) ;
#3864 = LINE ( 'NONE', #13574, #11485 ) ;
#3865 = AXIS2_PLACEMENT_3D ( 'NONE', #4493, #6765, #11994 ) ;
#3866 = CARTESIAN_POINT ( 'NONE',  ( -0.4500000000000001221, 0.1125000000000000028, -0.000000000000000000 ) ) ;
#3867 = VERTEX_POINT ( 'NONE', #2131 ) ;
#3868 = LINE ( 'NONE', #1613, #12067 ) ;
#3869 = DIRECTION ( 'NONE',  ( 0.000000000000000000, 0.000000000000000000, -1.000000000000000000 ) ) ;
#3870 = CARTESIAN_POINT ( 'NONE',  ( 1.829999999999999183, 0.4780000000000000360, 2.494999999999999662 ) ) ;
#3871 = CARTESIAN_POINT ( 'NONE',  ( 0.4200000000000030376, 0.1125000000000000028, -8.424999999999997158 ) ) ;
#3872 = ORIENTED_EDGE ( 'NONE', *, *, #3654, .T. ) ;
#3873 = CARTESIAN_POINT ( 'NONE',  ( -3.702500000000012559, 0.06250000000000000000, -3.702500000000127134 ) ) ;
#3874 = VERTEX_POINT ( 'NONE', #3809 ) ;
#3875 = CARTESIAN_POINT ( 'NONE',  ( 3.887500000000004174, 0.06250000000000000000, -3.887500000000029043 ) ) ;
#3876 = VERTEX_POINT ( 'NONE', #7947 ) ;
#3877 = AXIS2_PLACEMENT_3D ( 'NONE', #9017, #7006, #7829 ) ;
#3878 = LINE ( 'NONE', #6092, #6014 ) ;
#3879 = EDGE_CURVE ( 'NONE', #1565, #4792, #3950, .T. ) ;
#3880 = COLOUR_RGB ( '',0.5019607843137254832, 0.5019607843137254832, 0.5019607843137254832 ) ;
#3881 = DIRECTION ( 'NONE',  ( -0.7071067811865497932, 0.000000000000000000, -0.7071067811865452413 ) ) ;
#3882 = ORIENTED_EDGE ( 'NONE', *, *, #229, .T. ) ;
#3883 = LINE ( 'NONE', #1555, #9885 ) ;
#3884 = PLANE ( 'NONE',  #8324 ) ;
#3885 = CARTESIAN_POINT ( 'NONE',  ( -3.689539992968173167E-15, 0.1125000000000000028, -3.403000000000000913 ) ) ;
#3886 = LINE ( 'NONE', #1836, #11067 ) ;
#3887 = VERTEX_POINT ( 'NONE', #11117 ) ;
#3888 = EDGE_LOOP ( 'NONE', ( #2584, #1365, #5017, #5071 ) ) ;
#3889 = DIRECTION ( 'NONE',  ( 0.7071067811865593411, 0.000000000000000000, -0.7071067811865358044 ) ) ;
#3890 = CARTESIAN_POINT ( 'NONE',  ( -1.799999999999998268, 0.2530000000000000027, -2.128000000000000114 ) ) ;
#3891 = ORIENTED_EDGE ( 'NONE', *, *, #7658, .F. ) ;
#3892 = ORIENTED_EDGE ( 'NONE', *, *, #12439, .T. ) ;
#3893 = AXIS2_PLACEMENT_3D ( 'NONE', #12982, #4778, #1342 ) ;
#3894 = MECHANICAL_DESIGN_GEOMETRIC_PRESENTATION_REPRESENTATION (  '', ( #10938 ), #4337 ) ;
#3895 = CARTESIAN_POINT ( 'NONE',  ( -1.230000000000001092, 0.2530000000000000027, 2.295000000000000373 ) ) ;
#3896 = CARTESIAN_POINT ( 'NONE',  ( -0.8019999999999979368, 1.289999999999999591, 9.150000000000000355 ) ) ;
#3897 = CARTESIAN_POINT ( 'NONE',  ( -0.08499999999999741096, 0.1125000000000000028, -7.653000000000000469 ) ) ;
#3898 = AXIS2_PLACEMENT_3D ( 'NONE', #3639, #7838, #10134 ) ;
#3899 = CARTESIAN_POINT ( 'NONE',  ( 1.799999999999999156, 0.4780000000000000360, -2.128000000000000114 ) ) ;
#3900 = SURFACE_STYLE_FILL_AREA ( #13342 ) ;
#3901 = VERTEX_POINT ( 'NONE', #10293 ) ;
#3902 = PRESENTATION_STYLE_ASSIGNMENT (( #4108 ) ) ;
#3903 = FACE_BOUND ( 'NONE', #8546, .T. ) ;
#3904 = EDGE_CURVE ( 'NONE', #386, #3349, #4990, .T. ) ;
#3905 = VERTEX_POINT ( 'NONE', #10231 ) ;
#3906 = VECTOR ( 'NONE', #3296, 1000.000000000000000 ) ;
#3907 = CARTESIAN_POINT ( 'NONE',  ( 1.380000000000002780, 0.06250000000000000000, -8.424999999999997158 ) ) ;
#3908 = DIRECTION ( 'NONE',  ( 0.000000000000000000, -0.000000000000000000, 1.000000000000000000 ) ) ;
#3909 = ORIENTED_EDGE ( 'NONE', *, *, #4875, .T. ) ;
#3910 = ORIENTED_EDGE ( 'NONE', *, *, #8815, .F. ) ;
#3911 = AXIS2_PLACEMENT_3D ( 'NONE', #3543, #7748, #11809 ) ;
#3912 = LINE ( 'NONE', #11295, #10088 ) ;
#3913 = CARTESIAN_POINT ( 'NONE',  ( 1.742500000000004157, 0.1125000000000000028, 0.000000000000000000 ) ) ;
#3914 = VECTOR ( 'NONE', #7480, 1000.000000000000000 ) ;
#3915 = FILL_AREA_STYLE_COLOUR ( '', #4546 ) ;
#3916 = VECTOR ( 'NONE', #4014, 1000.000000000000000 ) ;
#3917 = CARTESIAN_POINT ( 'NONE',  ( 0.000000000000000000, 0.000000000000000000, 0.000000000000000000 ) ) ;
#3918 = ORIENTED_EDGE ( 'NONE', *, *, #12241, .T. ) ;
#3919 = VERTEX_POINT ( 'NONE', #860 ) ;
#3920 = CARTESIAN_POINT ( 'NONE',  ( -0.4500000000000025091, 0.06250000000000000000, -9.125000000000000000 ) ) ;
#3921 = LINE ( 'NONE', #3852, #7448 ) ;
#3922 = AXIS2_PLACEMENT_3D ( 'NONE', #337, #5707, #2460 ) ;
#3923 = EDGE_CURVE ( 'NONE', #6952, #3, #13356, .T. ) ;
#3924 = EDGE_CURVE ( 'NONE', #11620, #8458, #4018, .T. ) ;
#3925 = CARTESIAN_POINT ( 'NONE',  ( 1.500000000000000666, 0.1125000000000000028, -3.402999999999999581 ) ) ;
#3926 = CARTESIAN_POINT ( 'NONE',  ( 0.8499999999999994227, 0.2530000000000000027, 3.575000000000000178 ) ) ;
#3927 = EDGE_CURVE ( 'NONE', #4062, #4639, #8018, .T. ) ;
#3928 = VECTOR ( 'NONE', #1188, 1000.000000000000000 ) ;
#3929 = VECTOR ( 'NONE', #11780, 1000.000000000000000 ) ;
#3930 = VECTOR ( 'NONE', #6343, 1000.000000000000000 ) ;
#3931 = VECTOR ( 'NONE', #10280, 1000.000000000000000 ) ;
#3932 = DIRECTION ( 'NONE',  ( 1.000000000000000000, 0.000000000000000000, -4.625929269271459921E-14 ) ) ;
#3933 = PRESENTATION_STYLE_ASSIGNMENT (( #4135 ) ) ;
#3934 = CARTESIAN_POINT ( 'NONE',  ( -0.07499999999999890088, 0.06250000000000000000, -9.875000000000000000 ) ) ;
#3935 = LINE ( 'NONE', #13376, #9962 ) ;
#3936 = CARTESIAN_POINT ( 'NONE',  ( -0.7799999999999979172, 0.06250000000000000000, -8.424999999999997158 ) ) ;
#3937 = VECTOR ( 'NONE', #483, 1000.000000000000000 ) ;
#3938 = VERTEX_POINT ( 'NONE', #6340 ) ;
#3939 = CARTESIAN_POINT ( 'NONE',  ( -0.6749999999995426325, 0.06250000000000000000, 3.122502256756119690E-14 ) ) ;
#3940 = AXIS2_PLACEMENT_3D ( 'NONE', #5411, #9672, #8765 ) ;
#3941 = LINE ( 'NONE', #3034, #12289 ) ;
#3942 = CARTESIAN_POINT ( 'NONE',  ( 1.829999999999999183, 0.4780000000000000360, 1.695000000000000062 ) ) ;
#3943 = VECTOR ( 'NONE', #13281, 1000.000000000000000 ) ;
#3944 = EDGE_CURVE ( 'NONE', #6276, #3043, #5890, .T. ) ;
#3945 =( LENGTH_UNIT ( ) NAMED_UNIT ( * ) SI_UNIT ( .MILLI., .METRE. ) );
#3946 = DIRECTION ( 'NONE',  ( -0.000000000000000000, -1.000000000000000000, -0.000000000000000000 ) ) ;
#3947 = EDGE_CURVE ( 'NONE', #3148, #4827, #10090, .T. ) ;
#3948 = ORIENTED_EDGE ( 'NONE', *, *, #8984, .T. ) ;
#3949 = EDGE_CURVE ( 'NONE', #11729, #11973, #9057, .T. ) ;
#3950 = LINE ( 'NONE', #12149, #6761 ) ;
#3951 = ORIENTED_EDGE ( 'NONE', *, *, #317, .T. ) ;
#3952 = EDGE_LOOP ( 'NONE', ( #2690, #13329, #6860, #3496, #1321, #1355 ) ) ;
#3953 = VECTOR ( 'NONE', #11443, 1000.000000000000000 ) ;
#3954 = AXIS2_PLACEMENT_3D ( 'NONE', #2213, #9580, #11849 ) ;
#3955 = DIRECTION ( 'NONE',  ( -1.000000000000000000, -0.000000000000000000, -1.084202172485504631E-15 ) ) ;
#3956 = LINE ( 'NONE', #1888, #4083 ) ;
#3957 = ORIENTED_EDGE ( 'NONE', *, *, #7074, .F. ) ;
#3958 = DIRECTION ( 'NONE',  ( 1.000000000000000000, 0.000000000000000000, 0.000000000000000000 ) ) ;
#3959 =( NAMED_UNIT ( * ) PLANE_ANGLE_UNIT ( ) SI_UNIT ( $, .RADIAN. ) );
#3960 = FACE_OUTER_BOUND ( 'NONE', #1750, .T. ) ;
#3961 = ORIENTED_EDGE ( 'NONE', *, *, #2776, .T. ) ;
#3962 = VECTOR ( 'NONE', #5594, 1000.000000000000000 ) ;
#3963 = EDGE_CURVE ( 'NONE', #9991, #7068, #732, .T. ) ;
#3964 =( GEOMETRIC_REPRESENTATION_CONTEXT ( 3 ) GLOBAL_UNCERTAINTY_ASSIGNED_CONTEXT ( ( #13503 ) ) GLOBAL_UNIT_ASSIGNED_CONTEXT ( ( #6480, #12606, #7577 ) ) REPRESENTATION_CONTEXT ( 'NONE', 'WORKASPACE' ) );
#3965 = VERTEX_POINT ( 'NONE', #10168 ) ;
#3966 = EDGE_CURVE ( 'NONE', #1231, #4665, #9188, .T. ) ;
#3967 = CARTESIAN_POINT ( 'NONE',  ( -0.5019999999999983364, 2.979999999999999982, 7.799999999999999822 ) ) ;
#3968 = DIRECTION ( 'NONE',  ( 0.000000000000000000, 1.000000000000000000, 0.000000000000000000 ) ) ;
#3969 = ORIENTED_EDGE ( 'NONE', *, *, #11603, .F. ) ;
#3970 = LINE ( 'NONE', #3895, #7645 ) ;
#3971 = AXIS2_PLACEMENT_3D ( 'NONE', #7488, #4456, #4183 ) ;
#3972 = CARTESIAN_POINT ( 'NONE',  ( -2.150000000000001688, 0.000000000000000000, -9.799999999999998934 ) ) ;
#3973 = LINE ( 'NONE', #11676, #7436 ) ;
#3974 = CARTESIAN_POINT ( 'NONE',  ( -0.3019999999999981033, 1.289999999999999591, 8.949999999999999289 ) ) ;
#3975 = DIRECTION ( 'NONE',  ( 1.000000000000000000, 0.000000000000000000, 0.000000000000000000 ) ) ;
#3976 = ORIENTED_EDGE ( 'NONE', *, *, #11524, .F. ) ;
#3977 = VERTEX_POINT ( 'NONE', #9126 ) ;
#3978 = LINE ( 'NONE', #11348, #8999 ) ;
#3979 = VERTEX_POINT ( 'NONE', #11253 ) ;
#3980 = CARTESIAN_POINT ( 'NONE',  ( -0.2000000000000000944, 0.06250000000000000000, -3.752999999999999226 ) ) ;
#3981 = AXIS2_PLACEMENT_3D ( 'NONE', #12379, #5081, #9277 ) ;
#3982 = CARTESIAN_POINT ( 'NONE',  ( -0.5500000000000005995, 0.4780000000000000360, 3.294999999999999929 ) ) ;
#3983 = AXIS2_PLACEMENT_3D ( 'NONE', #5251, #2965, #7173 ) ;
#3984 = EDGE_LOOP ( 'NONE', ( #7089, #13012, #8100, #4205 ) ) ;
#3985 = ORIENTED_EDGE ( 'NONE', *, *, #6309, .T. ) ;
#3986 = LINE ( 'NONE', #8197, #8320 ) ;
#3987 = CARTESIAN_POINT ( 'NONE',  ( -0.5019999999999983364, 2.979999999999999982, 7.799999999999999822 ) ) ;
#3988 = EDGE_CURVE ( 'NONE', #6990, #11724, #11185, .T. ) ;
#3989 = PRESENTATION_STYLE_ASSIGNMENT (( #6064 ) ) ;
#3990 = CLOSED_SHELL ( 'NONE', ( #9440, #12424, #6206, #2671, #3840, #11088, #11710, #13283, #1591, #8986, #8358, #5408, #7703, #864, #8492, #11364, #13437, #8793, #3841, #4349 ) ) ;
#3991 = VECTOR ( 'NONE', #345, 1000.000000000000000 ) ;
#3992 = CARTESIAN_POINT ( 'NONE',  ( 0.08499999999999827138, 0.06250000000000000000, -8.389999999999998792 ) ) ;
#3993 = UNCERTAINTY_MEASURE_WITH_UNIT (LENGTH_MEASURE( 1.000000000000000082E-05 ), #2895, 'distance_accuracy_value', 'NONE');
#3994 = EDGE_LOOP ( 'NONE', ( #4150, #3255, #231, #8131 ) ) ;
#3995 = ORIENTED_EDGE ( 'NONE', *, *, #8848, .T. ) ;
#3996 = CARTESIAN_POINT ( 'NONE',  ( 0.000000000000000000, 0.000000000000000000, -6.460000000000000853 ) ) ;
#3997 = CARTESIAN_POINT ( 'NONE',  ( -1.500000000000000444, 0.1125000000000000028, -3.752999999999999226 ) ) ;
#3998 = FACE_OUTER_BOUND ( 'NONE', #1450, .T. ) ;
#3999 = DIRECTION ( 'NONE',  ( -4.625929269271459921E-14, 0.000000000000000000, -1.000000000000000000 ) ) ;
#4000 = AXIS2_PLACEMENT_3D ( 'NONE', #13405, #2787, #2983 ) ;
#4001 = PLANE ( 'NONE',  #2820 ) ;
#4002 = EDGE_CURVE ( 'NONE', #5188, #6135, #9259, .T. ) ;
#4003 = ADVANCED_FACE ( 'NONE', ( #2842 ), #13460, .F. ) ;
#4004 = LINE ( 'NONE', #8347, #4762 ) ;
#4005 = CARTESIAN_POINT ( 'NONE',  ( 0.7000000000000002887, 0.1125000000000000028, -3.753000000000000558 ) ) ;
#4006 = CARTESIAN_POINT ( 'NONE',  ( 1.950000000000000400, 0.2530000000000000027, -10.00000000000000000 ) ) ;
#4007 = PRESENTATION_LAYER_ASSIGNMENT (  '', '', ( #6652 ) ) ;
#4008 = EDGE_CURVE ( 'NONE', #10849, #3874, #13388, .T. ) ;
#4009 = LINE ( 'NONE', #11175, #11567 ) ;
#4010 = VERTEX_POINT ( 'NONE', #7117 ) ;
#4011 = LINE ( 'NONE', #8218, #5054 ) ;
#4012 = CIRCLE ( 'NONE', #8851, 0.1749999999999998224 ) ;
#4013 = DIRECTION ( 'NONE',  ( -0.000000000000000000, -1.000000000000000000, -0.000000000000000000 ) ) ;
#4014 = DIRECTION ( 'NONE',  ( -0.000000000000000000, 1.000000000000000000, -0.000000000000000000 ) ) ;
#4015 = CARTESIAN_POINT ( 'NONE',  ( 5.087499999999999467, 0.06250000000000000000, -5.087500000000031442 ) ) ;
#4016 = LINE ( 'NONE', #1947, #6165 ) ;
#4017 = ORIENTED_EDGE ( 'NONE', *, *, #12343, .F. ) ;
#4018 = LINE ( 'NONE', #8413, #12031 ) ;
#4019 = ORIENTED_EDGE ( 'NONE', *, *, #11858, .T. ) ;
#4020 = EDGE_LOOP ( 'NONE', ( #9978, #9419, #943, #10476 ) ) ;
#4021 = COLOUR_RGB ( '',0.2509803921568627416, 0.2509803921568627416, 0.2509803921568627416 ) ;
#4022 = AXIS2_PLACEMENT_3D ( 'NONE', #8171, #4937, #13196 ) ;
#4023 = AXIS2_PLACEMENT_3D ( 'NONE', #8161, #8085, #12288 ) ;
#4024 = CARTESIAN_POINT ( 'NONE',  ( 1.380000000000008775, 0.06250000000000000000, -9.974659986866648681E-16 ) ) ;
#4025 = EDGE_CURVE ( 'NONE', #12184, #4261, #7366, .T. ) ;
#4026 = EDGE_CURVE ( 'NONE', #751, #11614, #6088, .T. ) ;
#4027 = ADVANCED_FACE ( 'NONE', ( #4480 ), #5389, .T. ) ;
#4028 = ADVANCED_FACE ( 'NONE', ( #1239 ), #10746, .F. ) ;
#4029 = PLANE ( 'NONE',  #358 ) ;
#4030 = VERTEX_POINT ( 'NONE', #2332 ) ;
#4031 = DIRECTION ( 'NONE',  ( 1.000000000000000000, 0.000000000000000000, -0.000000000000000000 ) ) ;
#4032 = PLANE ( 'NONE',  #11279 ) ;
#4033 = LINE ( 'NONE', #941, #9788 ) ;
#4034 =( NAMED_UNIT ( * ) SI_UNIT ( $, .STERADIAN. ) SOLID_ANGLE_UNIT ( ) );
#4035 = ORIENTED_EDGE ( 'NONE', *, *, #1271, .T. ) ;
#4036 = EDGE_LOOP ( 'NONE', ( #4288, #3676, #9741, #11594 ) ) ;
#4037 = CARTESIAN_POINT ( 'NONE',  ( -0.7000000000000002887, 0.06250000000000000000, -3.403000000000000025 ) ) ;
#4038 = DIRECTION ( 'NONE',  ( -0.000000000000000000, 1.000000000000000000, -0.000000000000000000 ) ) ;
#4039 = ORIENTED_EDGE ( 'NONE', *, *, #7501, .F. ) ;
#4040 = ADVANCED_FACE ( 'NONE', ( #8614 ), #7434, .F. ) ;
#4041 = EDGE_CURVE ( 'NONE', #8264, #8914, #11839, .T. ) ;
#4042 = LINE ( 'NONE', #1704, #12265 ) ;
#4043 = CARTESIAN_POINT ( 'NONE',  ( -0.07499999999999520939, 0.1125000000000000028, -9.799999999999998934 ) ) ;
#4044 = EDGE_CURVE ( 'NONE', #5334, #6040, #1177, .T. ) ;
#4045 = CARTESIAN_POINT ( 'NONE',  ( 1.115000000000005098, 0.06250000000000000000, -8.389999999999998792 ) ) ;
#4046 = CARTESIAN_POINT ( 'NONE',  ( 2.199999999999999734, 0.4780000000000000360, -6.850000000000000533 ) ) ;
#4047 = CARTESIAN_POINT ( 'NONE',  ( 0.8499999999999994227, 0.4780000000000000360, 3.899999999999999911 ) ) ;
#4048 = DIRECTION ( 'NONE',  ( -7.228014483236656126E-16, 0.000000000000000000, -1.000000000000000000 ) ) ;
#4049 = ORIENTED_EDGE ( 'NONE', *, *, #7544, .T. ) ;
#4050 = PLANE ( 'NONE',  #8122 ) ;
#4051 = VERTEX_POINT ( 'NONE', #350 ) ;
#4052 = LINE ( 'NONE', #3980, #3539 ) ;
#4053 = DIRECTION ( 'NONE',  ( 0.7071067811865497932, 0.000000000000000000, -0.7071067811865452413 ) ) ;
#4054 = EDGE_LOOP ( 'NONE', ( #2013, #12792, #5280, #2577 ) ) ;
#4055 = ORIENTED_EDGE ( 'NONE', *, *, #5822, .T. ) ;
#4056 = CARTESIAN_POINT ( 'NONE',  ( 2.200000000000001510, 0.1125000000000000028, -5.012999999999999901 ) ) ;
#4057 = FACE_OUTER_BOUND ( 'NONE', #2501, .T. ) ;
#4058 = EDGE_CURVE ( 'NONE', #4665, #9662, #3431, .T. ) ;
#4059 = DIRECTION ( 'NONE',  ( 1.000000000000000000, 0.000000000000000000, -1.084202172485504631E-15 ) ) ;
#4060 = PLANE ( 'NONE',  #1734 ) ;
#4061 = ORIENTED_EDGE ( 'NONE', *, *, #8602, .T. ) ;
#4062 = VERTEX_POINT ( 'NONE', #3229 ) ;
#4063 =( LENGTH_UNIT ( ) NAMED_UNIT ( * ) SI_UNIT ( .MILLI., .METRE. ) );
#4064 = DIRECTION ( 'NONE',  ( 0.000000000000000000, 0.000000000000000000, -1.000000000000000000 ) ) ;
#4065 = DIRECTION ( 'NONE',  ( 0.000000000000000000, 0.000000000000000000, -1.000000000000000000 ) ) ;
#4066 = CARTESIAN_POINT ( 'NONE',  ( -1.950000000000001510, 0.4780000000000000360, -10.00000000000000000 ) ) ;
#4067 = LINE ( 'NONE', #8210, #12503 ) ;
#4068 = DIRECTION ( 'NONE',  ( 0.000000000000000000, 0.000000000000000000, -1.000000000000000000 ) ) ;
#4069 = LINE ( 'NONE', #12346, #1752 ) ;
#4070 = DIRECTION ( 'NONE',  ( 0.000000000000000000, 0.000000000000000000, 1.000000000000000000 ) ) ;
#4071 = CARTESIAN_POINT ( 'NONE',  ( 2.149999999999999911, 0.2530000000000000027, -8.325000000000001066 ) ) ;
#4072 = EDGE_LOOP ( 'NONE', ( #10089, #2130, #8822, #340 ) ) ;
#4073 = DIRECTION ( 'NONE',  ( -0.000000000000000000, 1.000000000000000000, -0.000000000000000000 ) ) ;
#4074 = PLANE ( 'NONE',  #1066 ) ;
#4075 = DIRECTION ( 'NONE',  ( -0.000000000000000000, 1.000000000000000000, -0.000000000000000000 ) ) ;
#4076 = CARTESIAN_POINT ( 'NONE',  ( -2.350000000000000977, 0.2530000000000000027, -9.074999999999999289 ) ) ;
#4077 = ORIENTED_EDGE ( 'NONE', *, *, #7895, .F. ) ;
#4078 = ADVANCED_FACE ( 'NONE', ( #4539 ), #8740, .F. ) ;
#4079 = EDGE_LOOP ( 'NONE', ( #5833, #9616, #8902, #4519 ) ) ;
#4080 = ORIENTED_EDGE ( 'NONE', *, *, #11690, .T. ) ;
#4081 = EDGE_CURVE ( 'NONE', #7358, #13054, #9572, .T. ) ;
#4082 = DIRECTION ( 'NONE',  ( -0.000000000000000000, 1.000000000000000000, -0.000000000000000000 ) ) ;
#4083 = VECTOR ( 'NONE', #7121, 1000.000000000000000 ) ;
#4084 = DIRECTION ( 'NONE',  ( 2.891205793294662451E-15, 0.000000000000000000, -1.000000000000000000 ) ) ;
#4085 = ORIENTED_EDGE ( 'NONE', *, *, #6729, .F. ) ;
#4086 = CARTESIAN_POINT ( 'NONE',  ( -2.574999999999999734, 0.4780000000000000360, -8.325000000000001066 ) ) ;
#4087 = DIRECTION ( 'NONE',  ( 0.000000000000000000, -0.000000000000000000, -1.000000000000000000 ) ) ;
#4088 = CARTESIAN_POINT ( 'NONE',  ( 1.100000000000000311, 0.06250000000000000000, -3.752999999999999670 ) ) ;
#4089 = DIRECTION ( 'NONE',  ( -0.7071067811865465735, 0.000000000000000000, -0.7071067811865485719 ) ) ;
#4090 = ORIENTED_EDGE ( 'NONE', *, *, #11917, .T. ) ;
#4091 = ORIENTED_EDGE ( 'NONE', *, *, #6309, .F. ) ;
#4092 = EDGE_CURVE ( 'NONE', #7313, #4953, #4274, .T. ) ;
#4093 = CARTESIAN_POINT ( 'NONE',  ( 8.138021506676193126E-15, 0.06250000000000000000, -3.752999999999997449 ) ) ;
#4094 = AXIS2_PLACEMENT_3D ( 'NONE', #3254, #9671, #8498 ) ;
#4095 = ADVANCED_FACE ( 'NONE', ( #3374 ), #4335, .F. ) ;
#4096 = LINE ( 'NONE', #12499, #693 ) ;
#4097 = EDGE_LOOP ( 'NONE', ( #13459, #7923, #10648, #6670 ) ) ;
#4098 = EDGE_CURVE ( 'NONE', #3867, #5416, #6620, .T. ) ;
#4099 =( GEOMETRIC_REPRESENTATION_CONTEXT ( 3 ) GLOBAL_UNCERTAINTY_ASSIGNED_CONTEXT ( ( #7995 ) ) GLOBAL_UNIT_ASSIGNED_CONTEXT ( ( #4446, #3538, #10078 ) ) REPRESENTATION_CONTEXT ( 'NONE', 'WORKASPACE' ) );
#4100 =( LENGTH_UNIT ( ) NAMED_UNIT ( * ) SI_UNIT ( .MILLI., .METRE. ) );
#4101 = LINE ( 'NONE', #9282, #12965 ) ;
#4102 = VECTOR ( 'NONE', #647, 1000.000000000000000 ) ;
#4103 = CARTESIAN_POINT ( 'NONE',  ( -0.07499999999999520939, 0.06250000000000000000, -9.799999999999998934 ) ) ;
#4104 = CARTESIAN_POINT ( 'NONE',  ( 1.900000000000000577, 0.06250000000000000000, 0.000000000000000000 ) ) ;
#4105 = DIRECTION ( 'NONE',  ( -0.7071067811865505703, 0.000000000000000000, -0.7071067811865444641 ) ) ;
#4106 = CARTESIAN_POINT ( 'NONE',  ( 0.3850000000000014522, 0.06250000000000000000, -7.653000000000000469 ) ) ;
#4107 = ORIENTED_EDGE ( 'NONE', *, *, #10417, .T. ) ;
#4108 = SURFACE_STYLE_USAGE ( .BOTH. , #11347 ) ;
#4109 = DIRECTION ( 'NONE',  ( -0.000000000000000000, 1.000000000000000000, -0.000000000000000000 ) ) ;
#4110 = ORIENTED_EDGE ( 'NONE', *, *, #3859, .T. ) ;
#4111 = DIRECTION ( 'NONE',  ( -1.000000000000000000, 0.000000000000000000, 0.000000000000000000 ) ) ;
#4112 = ADVANCED_FACE ( 'NONE', ( #10820 ), #11711, .F. ) ;
#4113 = DIRECTION ( 'NONE',  ( -0.7071067811865584529, 0.000000000000000000, -0.7071067811865365815 ) ) ;
#4114 = ADVANCED_FACE ( 'NONE', ( #6688 ), #8541, .F. ) ;
#4115 = ORIENTED_EDGE ( 'NONE', *, *, #2911, .F. ) ;
#4116 = VERTEX_POINT ( 'NONE', #5655 ) ;
#4117 = EDGE_CURVE ( 'NONE', #8237, #122, #3307, .T. ) ;
#4118 = VERTEX_POINT ( 'NONE', #11774 ) ;
#4119 = LINE ( 'NONE', #2878, #11431 ) ;
#4120 = CARTESIAN_POINT ( 'NONE',  ( -1.284999999999997700, 0.1125000000000000028, 3.780732134718799500E-16 ) ) ;
#4121 = VECTOR ( 'NONE', #4301, 1000.000000000000000 ) ;
#4122 = CARTESIAN_POINT ( 'NONE',  ( 0.000000000000000000, 0.06250000000000000000, -9.875000000000000000 ) ) ;
#4123 = ORIENTED_EDGE ( 'NONE', *, *, #4287, .F. ) ;
#4124 = ORIENTED_EDGE ( 'NONE', *, *, #8419, .F. ) ;
#4125 =( NAMED_UNIT ( * ) SI_UNIT ( $, .STERADIAN. ) SOLID_ANGLE_UNIT ( ) );
#4126 = DIRECTION ( 'NONE',  ( 0.000000000000000000, 0.000000000000000000, 1.000000000000000000 ) ) ;
#4127 = ORIENTED_EDGE ( 'NONE', *, *, #2337, .T. ) ;
#4128 = CARTESIAN_POINT ( 'NONE',  ( 1.350000000000000089, 0.2530000000000000027, -1.542999999999999927 ) ) ;
#4129 = CARTESIAN_POINT ( 'NONE',  ( 2.199999999999999734, 0.000000000000000000, 5.349999999999998757 ) ) ;
#4130 = ORIENTED_EDGE ( 'NONE', *, *, #11328, .F. ) ;
#4131 = VECTOR ( 'NONE', #13321, 1000.000000000000000 ) ;
#4132 = EDGE_CURVE ( 'NONE', #7530, #9058, #6547, .T. ) ;
#4133 = VECTOR ( 'NONE', #7446, 1000.000000000000000 ) ;
#4134 = CARTESIAN_POINT ( 'NONE',  ( -2.575000000000001066, 0.4780000000000000360, -8.500000000000000000 ) ) ;
#4135 = SURFACE_STYLE_USAGE ( .BOTH. , #9176 ) ;
#4136 = LINE ( 'NONE', #6345, #437 ) ;
#4137 = CARTESIAN_POINT ( 'NONE',  ( -1.425000000000000488, 0.06250000000000000000, -9.875000000000000000 ) ) ;
#4138 = AXIS2_PLACEMENT_3D ( 'NONE', #670, #13270, #3815 ) ;
#4139 = DIRECTION ( 'NONE',  ( -0.7071067811865584529, 0.000000000000000000, -0.7071067811865365815 ) ) ;
#4140 = ORIENTED_EDGE ( 'NONE', *, *, #6502, .F. ) ;
#4141 = DIRECTION ( 'NONE',  ( 0.000000000000000000, 0.000000000000000000, -1.000000000000000000 ) ) ;
#4142 = DIRECTION ( 'NONE',  ( 0.000000000000000000, -0.000000000000000000, -1.000000000000000000 ) ) ;
#4143 = LINE ( 'NONE', #3111, #3727 ) ;
#4144 = SURFACE_STYLE_USAGE ( .BOTH. , #9380 ) ;
#4145 = VECTOR ( 'NONE', #4013, 1000.000000000000000 ) ;
#4146 = DIRECTION ( 'NONE',  ( -0.3420201433256688239, 0.000000000000000000, -0.9396926207859083169 ) ) ;
#4147 = VECTOR ( 'NONE', #4752, 1000.000000000000000 ) ;
#4148 = EDGE_LOOP ( 'NONE', ( #1252, #491, #7050, #981 ) ) ;
#4149 = AXIS2_PLACEMENT_3D ( 'NONE', #4134, #8543, #10623 ) ;
#4150 = ORIENTED_EDGE ( 'NONE', *, *, #10683, .F. ) ;
#4151 = ORIENTED_EDGE ( 'NONE', *, *, #2320, .F. ) ;
#4152 = CARTESIAN_POINT ( 'NONE',  ( 0.5250000000000045741, 0.1125000000000000028, -9.799999999999998934 ) ) ;
#4153 = VECTOR ( 'NONE', #6927, 1000.000000000000000 ) ;
#4154 = AXIS2_PLACEMENT_3D ( 'NONE', #3873, #522, #7863 ) ;
#4155 = AXIS2_PLACEMENT_3D ( 'NONE', #13531, #8167, #4234 ) ;
#4156 = EDGE_CURVE ( 'NONE', #6245, #8499, #4608, .T. ) ;
#4157 = VECTOR ( 'NONE', #2058, 1000.000000000000000 ) ;
#4158 = CARTESIAN_POINT ( 'NONE',  ( -0.8019999999999980478, 1.089999999999999414, 8.949999999999999289 ) ) ;
#4159 = ORIENTED_EDGE ( 'NONE', *, *, #10764, .F. ) ;
#4160 = DIRECTION ( 'NONE',  ( 0.000000000000000000, 0.000000000000000000, 1.000000000000000000 ) ) ;
#4161 = SURFACE_STYLE_USAGE ( .BOTH. , #5198 ) ;
#4162 = LINE ( 'NONE', #6370, #8001 ) ;
#4163 = DIRECTION ( 'NONE',  ( 0.000000000000000000, 0.000000000000000000, 1.000000000000000000 ) ) ;
#4164 = ORIENTED_EDGE ( 'NONE', *, *, #7406, .T. ) ;
#4165 = ORIENTED_EDGE ( 'NONE', *, *, #8906, .T. ) ;
#4166 = PLANE ( 'NONE',  #10408 ) ;
#4167 = AXIS2_PLACEMENT_3D ( 'NONE', #5331, #7654, #4422 ) ;
#4168 = CARTESIAN_POINT ( 'NONE',  ( -3.689539992968171589E-15, 0.1125000000000000028, -3.402999999999999137 ) ) ;
#4169 = VECTOR ( 'NONE', #2014, 1000.000000000000000 ) ;
#4170 = EDGE_LOOP ( 'NONE', ( #10876, #11176, #12942, #1386 ) ) ;
#4171 = AXIS2_PLACEMENT_3D ( 'NONE', #12625, #6428, #12554 ) ;
#4172 = PRESENTATION_STYLE_ASSIGNMENT (( #9404 ) ) ;
#4173 = CARTESIAN_POINT ( 'NONE',  ( 1.150000000000004796, 0.06250000000000000000, -9.025000000000000355 ) ) ;
#4174 = ADVANCED_FACE ( 'NONE', ( #5928 ), #13229, .T. ) ;
#4175 = VECTOR ( 'NONE', #2921, 1000.000000000000000 ) ;
#4176 = ADVANCED_FACE ( 'NONE', ( #697 ), #6821, .T. ) ;
#4177 = DIRECTION ( 'NONE',  ( -1.000000000000000000, 0.000000000000000000, 0.000000000000000000 ) ) ;
#4178 = SURFACE_STYLE_USAGE ( .BOTH. , #3068 ) ;
#4179 = VECTOR ( 'NONE', #1645, 1000.000000000000000 ) ;
#4180 = LINE ( 'NONE', #12510, #6300 ) ;
#4181 = EDGE_CURVE ( 'NONE', #1436, #6648, #11020, .T. ) ;
#4182 = EDGE_LOOP ( 'NONE', ( #4738, #6600, #10027, #12795 ) ) ;
#4183 = DIRECTION ( 'NONE',  ( 1.000000000000000000, 0.000000000000000000, -0.000000000000000000 ) ) ;
#4184 = CARTESIAN_POINT ( 'NONE',  ( 4.002500000000003944, 0.1125000000000000028, -4.002500000000127400 ) ) ;
#4185 = VERTEX_POINT ( 'NONE', #13148 ) ;
#4186 = DIRECTION ( 'NONE',  ( -0.000000000000000000, -0.000000000000000000, -1.000000000000000000 ) ) ;
#4187 = LINE ( 'NONE', #3410, #12115 ) ;
#4188 = ORIENTED_EDGE ( 'NONE', *, *, #13203, .T. ) ;
#4189 = ORIENTED_EDGE ( 'NONE', *, *, #4856, .T. ) ;
#4190 = VECTOR ( 'NONE', #10865, 1000.000000000000000 ) ;
#4191 = ORIENTED_EDGE ( 'NONE', *, *, #9650, .T. ) ;
#4192 = AXIS2_PLACEMENT_3D ( 'NONE', #4513, #12994, #2451 ) ;
#4193 = DIRECTION ( 'NONE',  ( 0.000000000000000000, 0.000000000000000000, -1.000000000000000000 ) ) ;
#4194 = CARTESIAN_POINT ( 'NONE',  ( 8.138021506676197859E-15, 0.1125000000000000028, -3.753000000000000114 ) ) ;
#4195 = EDGE_CURVE ( 'NONE', #12801, #9458, #6951, .T. ) ;
#4196 = EDGE_CURVE ( 'NONE', #5300, #3965, #12185, .T. ) ;
#4197 =( LENGTH_UNIT ( ) NAMED_UNIT ( * ) SI_UNIT ( .MILLI., .METRE. ) );
#4198 = ADVANCED_FACE ( 'NONE', ( #8951 ), #8887, .F. ) ;
#4199 = ORIENTED_EDGE ( 'NONE', *, *, #5193, .T. ) ;
#4200 = VECTOR ( 'NONE', #1968, 1000.000000000000000 ) ;
#4201 = ORIENTED_EDGE ( 'NONE', *, *, #11103, .T. ) ;
#4202 = CARTESIAN_POINT ( 'NONE',  ( 0.000000000000000000, 0.06250000000000000000, -4.753000000000000114 ) ) ;
#4203 = VECTOR ( 'NONE', #12686, 1000.000000000000000 ) ;
#4204 = DIRECTION ( 'NONE',  ( -1.000000000000000000, 0.000000000000000000, 0.000000000000000000 ) ) ;
#4205 = ORIENTED_EDGE ( 'NONE', *, *, #528, .T. ) ;
#4206 = DIRECTION ( 'NONE',  ( 0.000000000000000000, 0.000000000000000000, -1.000000000000000000 ) ) ;
#4207 = LINE ( 'NONE', #8268, #3953 ) ;
#4208 = VERTEX_POINT ( 'NONE', #11151 ) ;
#4209 = AXIS2_PLACEMENT_3D ( 'NONE', #6858, #1479, #9894 ) ;
#4210 = CLOSED_SHELL ( 'NONE', ( #9383, #13368, #7059, #10738, #3861, #10667 ) ) ;
#4211 = AXIS2_PLACEMENT_3D ( 'NONE', #2051, #1855, #7014 ) ;
#4212 = CARTESIAN_POINT ( 'NONE',  ( 0.000000000000000000, 0.1125000000000000028, 0.000000000000000000 ) ) ;
#4213 = LINE ( 'NONE', #10424, #4320 ) ;
#4214 = APPLICATION_PROTOCOL_DEFINITION ( 'draft international standard', 'automotive_design', 1998, #7491 ) ;
#4215 = EDGE_CURVE ( 'NONE', #11848, #12927, #5792, .T. ) ;
#4216 = DIRECTION ( 'NONE',  ( 0.000000000000000000, 0.000000000000000000, 1.000000000000000000 ) ) ;
#4217 = EDGE_CURVE ( 'NONE', #2589, #818, #11977, .T. ) ;
#4218 = ORIENTED_EDGE ( 'NONE', *, *, #1393, .T. ) ;
#4219 = DIRECTION ( 'NONE',  ( -0.000000000000000000, 1.000000000000000000, -0.000000000000000000 ) ) ;
#4220 = FACE_OUTER_BOUND ( 'NONE', #3379, .T. ) ;
#4221 = FACE_OUTER_BOUND ( 'NONE', #13268, .T. ) ;
#4222 = LINE ( 'NONE', #2141, #13442 ) ;
#4223 = LINE ( 'NONE', #8154, #5942 ) ;
#4224 = AXIS2_PLACEMENT_3D ( 'NONE', #12861, #196, #11549 ) ;
#4225 = ORIENTED_EDGE ( 'NONE', *, *, #7324, .T. ) ;
#4226 = ORIENTED_EDGE ( 'NONE', *, *, #2913, .T. ) ;
#4227 = EDGE_LOOP ( 'NONE', ( #13051, #4424, #1451, #1667, #12904, #6532, #1467, #10720, #10378, #6393, #10198, #8374, #1866, #29, #6373, #7742 ) ) ;
#4228 = PLANE ( 'NONE',  #11496 ) ;
#4229 = VECTOR ( 'NONE', #7270, 1000.000000000000114 ) ;
#4230 = AXIS2_PLACEMENT_3D ( 'NONE', #11681, #13490, #5362 ) ;
#4231 = VECTOR ( 'NONE', #13055, 1000.000000000000000 ) ;
#4232 = DIRECTION ( 'NONE',  ( 0.000000000000000000, 0.000000000000000000, -1.000000000000000000 ) ) ;
#4233 = ORIENTED_EDGE ( 'NONE', *, *, #11510, .F. ) ;
#4234 = DIRECTION ( 'NONE',  ( 0.000000000000000000, -0.000000000000000000, 1.000000000000000000 ) ) ;
#4235 = PLANE ( 'NONE',  #9537 ) ;
#4236 = LINE ( 'NONE', #5269, #8215 ) ;
#4237 = FACE_OUTER_BOUND ( 'NONE', #12257, .T. ) ;
#4238 = ORIENTED_EDGE ( 'NONE', *, *, #5877, .F. ) ;
#4239 = ORIENTED_EDGE ( 'NONE', *, *, #4782, .T. ) ;
#4240 = CARTESIAN_POINT ( 'NONE',  ( 0.000000000000000000, 0.1125000000000000028, -2.403000000000000025 ) ) ;
#4241 = VECTOR ( 'NONE', #4163, 1000.000000000000000 ) ;
#4242 = DIRECTION ( 'NONE',  ( -0.000000000000000000, -1.000000000000000000, -0.000000000000000000 ) ) ;
#4243 = AXIS2_PLACEMENT_3D ( 'NONE', #12895, #9948, #7935 ) ;
#4244 = EDGE_LOOP ( 'NONE', ( #6115, #9152, #7701, #2099 ) ) ;
#4245 = DIRECTION ( 'NONE',  ( -1.196361017915039437E-15, 0.000000000000000000, 1.000000000000000000 ) ) ;
#4246 = CARTESIAN_POINT ( 'NONE',  ( -5.087499999999995914, 0.06250000000000000000, -5.087500000000028777 ) ) ;
#4247 = LINE ( 'NONE', #6311, #9864 ) ;
#4248 = MECHANICAL_DESIGN_GEOMETRIC_PRESENTATION_REPRESENTATION (  '', ( #1385 ), #3572 ) ;
#4249 = AXIS2_PLACEMENT_3D ( 'NONE', #2291, #1132, #10642 ) ;
#4250 = LINE ( 'NONE', #5361, #927 ) ;
#4251 = CARTESIAN_POINT ( 'NONE',  ( -1.750000000000000444, 0.06250000000000000000, -2.403000000000000025 ) ) ;
#4252 = ORIENTED_EDGE ( 'NONE', *, *, #10460, .F. ) ;
#4253 = LINE ( 'NONE', #268, #5743 ) ;
#4254 = DIRECTION ( 'NONE',  ( -0.000000000000000000, -1.000000000000000000, -0.000000000000000000 ) ) ;
#4255 = ORIENTED_EDGE ( 'NONE', *, *, #5791, .T. ) ;
#4256 = CARTESIAN_POINT ( 'NONE',  ( 0.000000000000000000, 0.06250000000000000000, -9.875000000000000000 ) ) ;
#4257 = DIRECTION ( 'NONE',  ( -4.625929269271459921E-14, 0.000000000000000000, -1.000000000000000000 ) ) ;
#4258 = EDGE_LOOP ( 'NONE', ( #7989, #287 ) ) ;
#4259 = EDGE_LOOP ( 'NONE', ( #7607, #6672, #13318, #3128 ) ) ;
#4260 = ADVANCED_FACE ( 'NONE', ( #6747 ), #3571, .T. ) ;
#4261 = VERTEX_POINT ( 'NONE', #4896 ) ;
#4262 = EDGE_CURVE ( 'NONE', #11336, #2517, #13018, .T. ) ;
#4263 = CARTESIAN_POINT ( 'NONE',  ( 0.000000000000000000, 0.1125000000000000028, -9.875000000000000000 ) ) ;
#4264 = CARTESIAN_POINT ( 'NONE',  ( -1.900000000000000355, 0.06250000000000000000, 0.000000000000000000 ) ) ;
#4265 = ORIENTED_EDGE ( 'NONE', *, *, #13086, .T. ) ;
#4266 = EDGE_LOOP ( 'NONE', ( #2021, #10693, #4123, #9261 ) ) ;
#4267 = DIRECTION ( 'NONE',  ( -7.228014483236656126E-16, 0.000000000000000000, -1.000000000000000000 ) ) ;
#4268 = CARTESIAN_POINT ( 'NONE',  ( -1.350000000000000089, 0.06250000000000000000, -9.125000000000000000 ) ) ;
#4269 = EDGE_LOOP ( 'NONE', ( #6028, #8495, #5556, #9362 ) ) ;
#4270 = DIRECTION ( 'NONE',  ( 1.000000000000000000, 0.000000000000000000, 0.000000000000000000 ) ) ;
#4271 = CARTESIAN_POINT ( 'NONE',  ( 1.350000000000000089, 0.2530000000000000027, -1.542999999999999927 ) ) ;
#4272 = VERTEX_POINT ( 'NONE', #7776 ) ;
#4273 = EDGE_CURVE ( 'NONE', #13144, #2418, #2535, .T. ) ;
#4274 = LINE ( 'NONE', #2403, #2361 ) ;
#4275 = EDGE_CURVE ( 'NONE', #6030, #7273, #10949, .T. ) ;
#4276 = EDGE_CURVE ( 'NONE', #1204, #675, #1653, .T. ) ;
#4277 = CARTESIAN_POINT ( 'NONE',  ( -0.5019999999999983364, 2.880000000000000338, 7.799999999999999822 ) ) ;
#4278 =( NAMED_UNIT ( * ) SI_UNIT ( $, .STERADIAN. ) SOLID_ANGLE_UNIT ( ) );
#4279 = DIRECTION ( 'NONE',  ( -1.355252715606880049E-16, 0.000000000000000000, -1.000000000000000000 ) ) ;
#4280 = ORIENTED_EDGE ( 'NONE', *, *, #10893, .T. ) ;
#4281 = LINE ( 'NONE', #1322, #9241 ) ;
#4282 = FACE_OUTER_BOUND ( 'NONE', #9505, .T. ) ;
#4283 = CARTESIAN_POINT ( 'NONE',  ( -0.7000000000000002887, 0.06250000000000000000, -2.403000000000000025 ) ) ;
#4284 = PLANE ( 'NONE',  #3503 ) ;
#4285 = ORIENTED_EDGE ( 'NONE', *, *, #8846, .F. ) ;
#4286 = EDGE_CURVE ( 'NONE', #8371, #1501, #3278, .T. ) ;
#4287 = EDGE_CURVE ( 'NONE', #10846, #26, #6718, .T. ) ;
#4288 = ORIENTED_EDGE ( 'NONE', *, *, #6580, .T. ) ;
#4289 = ORIENTED_EDGE ( 'NONE', *, *, #4615, .F. ) ;
#4290 = EDGE_CURVE ( 'NONE', #3979, #6366, #3345, .T. ) ;
#4291 = DIRECTION ( 'NONE',  ( 1.000000000000000000, 0.000000000000000000, -1.196361017915039437E-15 ) ) ;
#4292 = DIRECTION ( 'NONE',  ( 0.7071067811865804353, 0.000000000000000000, 0.7071067811865147101 ) ) ;
#4293 = ORIENTED_EDGE ( 'NONE', *, *, #7371, .T. ) ;
#4294 = DIRECTION ( 'NONE',  ( -0.000000000000000000, -0.000000000000000000, -1.000000000000000000 ) ) ;
#4295 = FILL_AREA_STYLE ('',( #309 ) ) ;
#4296 = FACE_OUTER_BOUND ( 'NONE', #4826, .T. ) ;
#4297 = FILL_AREA_STYLE ('',( #10449 ) ) ;
#4298 = ORIENTED_EDGE ( 'NONE', *, *, #6945, .F. ) ;
#4299 = ORIENTED_EDGE ( 'NONE', *, *, #5290, .F. ) ;
#4300 = LINE ( 'NONE', #12705, #5122 ) ;
#4301 = DIRECTION ( 'NONE',  ( 0.000000000000000000, -0.000000000000000000, 1.000000000000000000 ) ) ;
#4302 = EDGE_LOOP ( 'NONE', ( #2547, #10826, #10810, #6445 ) ) ;
#4303 = EDGE_CURVE ( 'NONE', #6230, #1926, #10916, .T. ) ;
#4304 = CARTESIAN_POINT ( 'NONE',  ( 2.199999999999999734, 0.000000000000000000, 0.3499999999999987566 ) ) ;
#4305 = FILL_AREA_STYLE ('',( #7267 ) ) ;
#4306 = FACE_OUTER_BOUND ( 'NONE', #4933, .T. ) ;
#4307 =( LENGTH_UNIT ( ) NAMED_UNIT ( * ) SI_UNIT ( .MILLI., .METRE. ) );
#4308 = DIRECTION ( 'NONE',  ( 0.000000000000000000, 0.000000000000000000, -1.000000000000000000 ) ) ;
#4309 = CARTESIAN_POINT ( 'NONE',  ( -0.1799999999999974398, 0.06250000000000000000, 0.000000000000000000 ) ) ;
#4310 = CARTESIAN_POINT ( 'NONE',  ( 2.199999999999999734, 0.000000000000000000, 10.00000000000000000 ) ) ;
#4311 = AXIS2_PLACEMENT_3D ( 'NONE', #5747, #9870, #9795 ) ;
#4312 = ORIENTED_EDGE ( 'NONE', *, *, #4195, .T. ) ;
#4313 = LINE ( 'NONE', #1284, #8584 ) ;
#4314 = DIRECTION ( 'NONE',  ( 0.000000000000000000, 0.000000000000000000, -1.000000000000000000 ) ) ;
#4315 = ORIENTED_EDGE ( 'NONE', *, *, #12854, .T. ) ;
#4316 = DIRECTION ( 'NONE',  ( -0.7071067811865465735, 0.000000000000000000, -0.7071067811865485719 ) ) ;
#4317 = CARTESIAN_POINT ( 'NONE',  ( -1.707500000000000684, 0.1125000000000000028, -7.653000000000000469 ) ) ;
#4318 = ORIENTED_EDGE ( 'NONE', *, *, #9313, .F. ) ;
#4319 = ORIENTED_EDGE ( 'NONE', *, *, #4041, .F. ) ;
#4320 = VECTOR ( 'NONE', #976, 1000.000000000000000 ) ;
#4321 = ORIENTED_EDGE ( 'NONE', *, *, #8308, .T. ) ;
#4322 = VECTOR ( 'NONE', #403, 1000.000000000000000 ) ;
#4323 = PLANE ( 'NONE',  #4356 ) ;
#4324 = LINE ( 'NONE', #6472, #7677 ) ;
#4325 = ADVANCED_FACE ( 'NONE', ( #9753 ), #7484, .T. ) ;
#4326 = AXIS2_PLACEMENT_3D ( 'NONE', #5413, #2095, #6295 ) ;
#4327 = ORIENTED_EDGE ( 'NONE', *, *, #3904, .T. ) ;
#4328 = ORIENTED_EDGE ( 'NONE', *, *, #12004, .F. ) ;
#4329 = DIRECTION ( 'NONE',  ( 0.000000000000000000, 1.000000000000000000, 0.000000000000000000 ) ) ;
#4330 = CARTESIAN_POINT ( 'NONE',  ( 0.000000000000000000, 0.06250000000000000000, 0.000000000000000000 ) ) ;
#4331 = ORIENTED_EDGE ( 'NONE', *, *, #493, .T. ) ;
#4332 = CYLINDRICAL_SURFACE ( 'NONE', #11906, 0.2000000000000005107 ) ;
#4333 = DIRECTION ( 'NONE',  ( 0.000000000000000000, -0.000000000000000000, -1.000000000000000000 ) ) ;
#4334 = ORIENTED_EDGE ( 'NONE', *, *, #1165, .F. ) ;
#4335 = PLANE ( 'NONE',  #3024 ) ;
#4336 = AXIS2_PLACEMENT_3D ( 'NONE', #1685, #7053, #5961 ) ;
#4337 =( GEOMETRIC_REPRESENTATION_CONTEXT ( 3 ) GLOBAL_UNCERTAINTY_ASSIGNED_CONTEXT ( ( #6330 ) ) GLOBAL_UNIT_ASSIGNED_CONTEXT ( ( #12579, #3342, #9544 ) ) REPRESENTATION_CONTEXT ( 'NONE', 'WORKASPACE' ) );
#4338 = LINE ( 'NONE', #2071, #7013 ) ;
#4339 = LINE ( 'NONE', #3436, #5673 ) ;
#4340 = DIRECTION ( 'NONE',  ( 0.000000000000000000, 0.000000000000000000, -1.000000000000000000 ) ) ;
#4341 = CARTESIAN_POINT ( 'NONE',  ( 0.8249999999999988454, 0.06250000000000000000, 2.222277744846071153E-16 ) ) ;
#4342 = EDGE_CURVE ( 'NONE', #12090, #7510, #321, .T. ) ;
#4343 = EDGE_CURVE ( 'NONE', #312, #9660, #3402, .T. ) ;
#4344 = ORIENTED_EDGE ( 'NONE', *, *, #4275, .F. ) ;
#4345 = CARTESIAN_POINT ( 'NONE',  ( 1.642500000000004290, 0.1125000000000000028, -9.725000000000001421 ) ) ;
#4346 = CARTESIAN_POINT ( 'NONE',  ( -0.04999999999999622802, 0.1125000000000000028, -9.025000000000000355 ) ) ;
#4347 = DIRECTION ( 'NONE',  ( -2.647983596301103623E-15, 0.000000000000000000, -1.000000000000000000 ) ) ;
#4348 = VECTOR ( 'NONE', #13260, 1000.000000000000000 ) ;
#4349 = ADVANCED_FACE ( 'NONE', ( #2447 ), #8782, .F. ) ;
#4350 = CYLINDRICAL_SURFACE ( 'NONE', #10371, 0.2000000000000005107 ) ;
#4351 = LINE ( 'NONE', #8552, #7240 ) ;
#4352 = ORIENTED_EDGE ( 'NONE', *, *, #9799, .F. ) ;
#4353 = ORIENTED_EDGE ( 'NONE', *, *, #3195, .T. ) ;
#4354 = ORIENTED_EDGE ( 'NONE', *, *, #11120, .F. ) ;
#4355 = DIRECTION ( 'NONE',  ( 0.000000000000000000, 0.000000000000000000, 1.000000000000000000 ) ) ;
#4356 = AXIS2_PLACEMENT_3D ( 'NONE', #7629, #11555, #204 ) ;
#4357 = EDGE_CURVE ( 'NONE', #1926, #4715, #9811, .T. ) ;
#4358 = CARTESIAN_POINT ( 'NONE',  ( -0.2019999999999982920, 2.979999999999999982, 9.150000000000000355 ) ) ;
#4359 = ORIENTED_EDGE ( 'NONE', *, *, #12780, .F. ) ;
#4360 = ADVANCED_FACE ( 'NONE', ( #9893 ), #11679, .F. ) ;
#4361 = CARTESIAN_POINT ( 'NONE',  ( 3.887500000000004174, 0.06250000000000000000, -3.887500000000029043 ) ) ;
#4362 = VECTOR ( 'NONE', #1993, 1000.000000000000000 ) ;
#4363 = CARTESIAN_POINT ( 'NONE',  ( -0.8500000000000003109, 0.06250000000000000000, 0.000000000000000000 ) ) ;
#4364 = CARTESIAN_POINT ( 'NONE',  ( 1.284999999999999254, 0.06250000000000000000, -8.389999999999998792 ) ) ;
#4365 = EDGE_CURVE ( 'NONE', #934, #7284, #5626, .T. ) ;
#4366 = LINE ( 'NONE', #1202, #13498 ) ;
#4367 = ORIENTED_EDGE ( 'NONE', *, *, #2604, .T. ) ;
#4368 = ORIENTED_EDGE ( 'NONE', *, *, #11294, .F. ) ;
#4369 = CARTESIAN_POINT ( 'NONE',  ( 0.000000000000000000, 0.06250000000000000000, -9.875000000000000000 ) ) ;
#4370 = CARTESIAN_POINT ( 'NONE',  ( 0.000000000000000000, 0.06250000000000000000, -7.653000000000000469 ) ) ;
#4371 = ORIENTED_EDGE ( 'NONE', *, *, #10925, .F. ) ;
#4372 = VECTOR ( 'NONE', #9858, 1000.000000000000000 ) ;
#4373 = VECTOR ( 'NONE', #9131, 1000.000000000000000 ) ;
#4374 = CARTESIAN_POINT ( 'NONE',  ( 0.9049999999999992495, 0.4780000000000000360, 1.874999999999999778 ) ) ;
#4375 = AXIS2_PLACEMENT_3D ( 'NONE', #6689, #9930, #7711 ) ;
#4376 = DIRECTION ( 'NONE',  ( 0.000000000000000000, -1.000000000000000000, 0.000000000000000000 ) ) ;
#4377 = AXIS2_PLACEMENT_3D ( 'NONE', #6019, #13445, #11171 ) ;
#4378 = FACE_OUTER_BOUND ( 'NONE', #2986, .T. ) ;
#4379 = CARTESIAN_POINT ( 'NONE',  ( 2.199999999999999734, 0.000000000000000000, -6.850000000000000533 ) ) ;
#4380 = ADVANCED_FACE ( 'NONE', ( #1213 ), #2303, .F. ) ;
#4381 = LINE ( 'NONE', #382, #1067 ) ;
#4382 = DIRECTION ( 'NONE',  ( 0.000000000000000000, -1.000000000000000000, 0.000000000000000000 ) ) ;
#4383 = DIRECTION ( 'NONE',  ( 4.119085594246160228E-15, 0.000000000000000000, -1.000000000000000000 ) ) ;
#4384 = EDGE_CURVE ( 'NONE', #10130, #7372, #8651, .T. ) ;
#4385 = CARTESIAN_POINT ( 'NONE',  ( -0.000000000000000000, 0.1125000000000000028, -7.653000000000000469 ) ) ;
#4386 = VERTEX_POINT ( 'NONE', #12852 ) ;
#4387 = VECTOR ( 'NONE', #8039, 1000.000000000000000 ) ;
#4388 = DIRECTION ( 'NONE',  ( 0.000000000000000000, 0.000000000000000000, 1.000000000000000000 ) ) ;
#4389 = VECTOR ( 'NONE', #12053, 1000.000000000000000 ) ;
#4390 = CARTESIAN_POINT ( 'NONE',  ( -0.5249999999999994671, 0.1125000000000000028, -9.875000000000000000 ) ) ;
#4391 = EDGE_LOOP ( 'NONE', ( #12126, #2739, #9042, #10285 ) ) ;
#4392 = AXIS2_PLACEMENT_3D ( 'NONE', #5584, #3362, #398 ) ;
#4393 = CARTESIAN_POINT ( 'NONE',  ( 2.150000000000000799, 0.2530000000000000027, -9.799999999999998934 ) ) ;
#4394 = CYLINDRICAL_SURFACE ( 'NONE', #11879, 0.1749999999999998224 ) ;
#4395 = ORIENTED_EDGE ( 'NONE', *, *, #12128, .T. ) ;
#4396 = ORIENTED_EDGE ( 'NONE', *, *, #3751, .T. ) ;
#4397 = ORIENTED_EDGE ( 'NONE', *, *, #6963, .F. ) ;
#4398 = ORIENTED_EDGE ( 'NONE', *, *, #6271, .T. ) ;
#4399 = VECTOR ( 'NONE', #2485, 1000.000000000000000 ) ;
#4400 = CARTESIAN_POINT ( 'NONE',  ( 1.950000000000000400, 0.4780000000000000360, -10.00000000000000000 ) ) ;
#4401 = FACE_OUTER_BOUND ( 'NONE', #3445, .T. ) ;
#4402 =( LENGTH_UNIT ( ) NAMED_UNIT ( * ) SI_UNIT ( .MILLI., .METRE. ) );
#4403 = PLANE ( 'NONE',  #2777 ) ;
#4404 = EDGE_LOOP ( 'NONE', ( #2048, #6673, #3681, #6292, #12215, #10929, #5751, #11989 ) ) ;
#4405 = EDGE_LOOP ( 'NONE', ( #8043, #687, #6408, #10894, #11671, #4312, #7266, #5886, #4091, #6610, #332, #13409 ) ) ;
#4406 = LINE ( 'NONE', #6612, #9912 ) ;
#4407 = DIRECTION ( 'NONE',  ( -3.614007241618370957E-16, 0.000000000000000000, -1.000000000000000000 ) ) ;
#4408 = ORIENTED_EDGE ( 'NONE', *, *, #243, .F. ) ;
#4409 = PLANE ( 'NONE',  #9710 ) ;
#4410 = VECTOR ( 'NONE', #3304, 1000.000000000000000 ) ;
#4411 = DIRECTION ( 'NONE',  ( 1.000000000000000000, 0.000000000000000000, -2.693669993752817464E-16 ) ) ;
#4412 =( GEOMETRIC_REPRESENTATION_CONTEXT ( 3 ) GLOBAL_UNCERTAINTY_ASSIGNED_CONTEXT ( ( #11157 ) ) GLOBAL_UNIT_ASSIGNED_CONTEXT ( ( #1820, #13125, #8076 ) ) REPRESENTATION_CONTEXT ( 'NONE', 'WORKASPACE' ) );
#4413 = ORIENTED_EDGE ( 'NONE', *, *, #4749, .F. ) ;
#4414 = CARTESIAN_POINT ( 'NONE',  ( -1.742500000000000826, 0.06250000000000000000, 0.000000000000000000 ) ) ;
#4415 = PLANE ( 'NONE',  #1519 ) ;
#4416 = CARTESIAN_POINT ( 'NONE',  ( 0.000000000000000000, 0.06250000000000000000, -7.653000000000000469 ) ) ;
#4417 = VECTOR ( 'NONE', #5513, 1000.000000000000000 ) ;
#4418 = DIRECTION ( 'NONE',  ( 0.000000000000000000, 0.000000000000000000, 1.000000000000000000 ) ) ;
#4419 = ORIENTED_EDGE ( 'NONE', *, *, #11092, .T. ) ;
#4420 = CARTESIAN_POINT ( 'NONE',  ( -0.8019999999999979368, 1.089999999999999414, 8.949999999999999289 ) ) ;
#4421 = CARTESIAN_POINT ( 'NONE',  ( 0.000000000000000000, 0.06250000000000000000, -7.653000000000000469 ) ) ;
#4422 = DIRECTION ( 'NONE',  ( 0.000000000000000000, 0.000000000000000000, 1.000000000000000000 ) ) ;
#4423 = EDGE_LOOP ( 'NONE', ( #5991, #9041, #4289, #7767 ) ) ;
#4424 = ORIENTED_EDGE ( 'NONE', *, *, #13137, .T. ) ;
#4425 = EDGE_CURVE ( 'NONE', #10796, #9272, #2368, .T. ) ;
#4426 = EDGE_CURVE ( 'NONE', #12138, #11901, #1279, .T. ) ;
#4427 = CARTESIAN_POINT ( 'NONE',  ( 1.135735931288069711, 1.148578643762689699, 9.299999999999998934 ) ) ;
#4428 = EDGE_CURVE ( 'NONE', #5517, #4272, #11883, .T. ) ;
#4429 = CARTESIAN_POINT ( 'NONE',  ( 1.575000000000003064, 0.06250000000000000000, -9.070000000000003837 ) ) ;
#4430 = VECTOR ( 'NONE', #4383, 1000.000000000000000 ) ;
#4431 = DIRECTION ( 'NONE',  ( -0.000000000000000000, -1.000000000000000000, -0.000000000000000000 ) ) ;
#4432 = PLANE ( 'NONE',  #12306 ) ;
#4433 = VECTOR ( 'NONE', #7564, 1000.000000000000114 ) ;
#4434 = DIRECTION ( 'NONE',  ( 0.000000000000000000, 0.000000000000000000, -1.000000000000000000 ) ) ;
#4435 = CARTESIAN_POINT ( 'NONE',  ( 0.000000000000000000, 0.06250000000000000000, -9.875000000000000000 ) ) ;
#4436 = ORIENTED_EDGE ( 'NONE', *, *, #10779, .T. ) ;
#4437 = ORIENTED_EDGE ( 'NONE', *, *, #8334, .F. ) ;
#4438 = DIRECTION ( 'NONE',  ( -0.000000000000000000, 1.000000000000000000, -0.000000000000000000 ) ) ;
#4439 = VERTEX_POINT ( 'NONE', #4507 ) ;
#4440 = ADVANCED_FACE ( 'NONE', ( #2509 ), #8711, .T. ) ;
#4441 = ADVANCED_FACE ( 'NONE', ( #1417 ), #3749, .F. ) ;
#4442 = CIRCLE ( 'NONE', #4224, 0.2000000000000005107 ) ;
#4443 = PLANE ( 'NONE',  #10833 ) ;
#4444 = EDGE_CURVE ( 'NONE', #386, #10367, #12223, .T. ) ;
#4445 = ADVANCED_FACE ( 'NONE', ( #2652 ), #1765, .F. ) ;
#4446 =( LENGTH_UNIT ( ) NAMED_UNIT ( * ) SI_UNIT ( .MILLI., .METRE. ) );
#4447 = DIRECTION ( 'NONE',  ( -0.000000000000000000, 1.000000000000000000, -0.000000000000000000 ) ) ;
#4448 = DIRECTION ( 'NONE',  ( -2.891205793294662451E-15, 0.000000000000000000, -1.000000000000000000 ) ) ;
#4449 = DIRECTION ( 'NONE',  ( 0.000000000000000000, -1.000000000000000000, 0.000000000000000000 ) ) ;
#4450 = CARTESIAN_POINT ( 'NONE',  ( 0.000000000000000000, 0.06250000000000000000, 0.000000000000000000 ) ) ;
#4451 = CARTESIAN_POINT ( 'NONE',  ( 0.5049999999999991163, 0.2530000000000000027, 2.674999999999999822 ) ) ;
#4452 = STYLED_ITEM ( 'NONE', ( #6294 ), #746 ) ;
#4453 = CARTESIAN_POINT ( 'NONE',  ( 1.350000000000000089, 0.06250000000000000000, -9.125000000000000000 ) ) ;
#4454 = VECTOR ( 'NONE', #8248, 1000.000000000000000 ) ;
#4455 = VERTEX_POINT ( 'NONE', #4935 ) ;
#4456 = DIRECTION ( 'NONE',  ( 0.000000000000000000, 0.000000000000000000, 1.000000000000000000 ) ) ;
#4457 = ORIENTED_EDGE ( 'NONE', *, *, #3502, .F. ) ;
#4458 = DIRECTION ( 'NONE',  ( -0.000000000000000000, -1.000000000000000000, -0.000000000000000000 ) ) ;
#4459 = CARTESIAN_POINT ( 'NONE',  ( -0.2000000000000000944, 0.06250000000000000000, -4.753000000000000114 ) ) ;
#4460 = ORIENTED_EDGE ( 'NONE', *, *, #9219, .F. ) ;
#4461 = ORIENTED_EDGE ( 'NONE', *, *, #400, .F. ) ;
#4462 = ORIENTED_EDGE ( 'NONE', *, *, #3439, .F. ) ;
#4463 = ADVANCED_FACE ( 'NONE', ( #5972 ), #6857, .T. ) ;
#4464 = EDGE_LOOP ( 'NONE', ( #4514, #12391, #8539, #10660 ) ) ;
#4465 = EDGE_CURVE ( 'NONE', #3646, #1839, #8993, .T. ) ;
#4466 = ADVANCED_FACE ( 'NONE', ( #13327 ), #3884, .F. ) ;
#4467 = DIRECTION ( 'NONE',  ( 1.000000000000000000, 0.000000000000000000, 0.000000000000000000 ) ) ;
#4468 = DIRECTION ( 'NONE',  ( 0.000000000000000000, 0.000000000000000000, -1.000000000000000000 ) ) ;
#4469 = CARTESIAN_POINT ( 'NONE',  ( -0.3019999999999980478, 2.080000000000000071, 9.150000000000000355 ) ) ;
#4470 = DIRECTION ( 'NONE',  ( -3.614007241618370464E-16, 0.000000000000000000, -1.000000000000000000 ) ) ;
#4471 = ORIENTED_EDGE ( 'NONE', *, *, #4008, .T. ) ;
#4472 = ORIENTED_EDGE ( 'NONE', *, *, #2002, .F. ) ;
#4473 = CARTESIAN_POINT ( 'NONE',  ( -0.4500000000000026756, 0.06250000000000000000, -9.724999999999999645 ) ) ;
#4474 = FACE_OUTER_BOUND ( 'NONE', #8929, .T. ) ;
#4475 = ORIENTED_EDGE ( 'NONE', *, *, #9860, .F. ) ;
#4476 = DIRECTION ( 'NONE',  ( -1.000000000000000000, 0.000000000000000000, 0.000000000000000000 ) ) ;
#4477 = VECTOR ( 'NONE', #5844, 1000.000000000000000 ) ;
#4478 = LINE ( 'NONE', #11835, #9909 ) ;
#4479 = ORIENTED_EDGE ( 'NONE', *, *, #257, .F. ) ;
#4480 = FACE_OUTER_BOUND ( 'NONE', #13562, .T. ) ;
#4481 = EDGE_CURVE ( 'NONE', #2996, #7562, #10744, .T. ) ;
#4482 = CARTESIAN_POINT ( 'NONE',  ( -0.2000000000000000944, 0.06250000000000000000, 0.000000000000000000 ) ) ;
#4483 = CARTESIAN_POINT ( 'NONE',  ( 8.138021506676204170E-15, 0.1125000000000000028, -3.753000000000003222 ) ) ;
#4484 = VERTEX_POINT ( 'NONE', #3613 ) ;
#4485 = DIRECTION ( 'NONE',  ( 0.000000000000000000, 1.000000000000000000, 0.000000000000000000 ) ) ;
#4486 = LINE ( 'NONE', #10630, #6353 ) ;
#4487 =( NAMED_UNIT ( * ) SI_UNIT ( $, .STERADIAN. ) SOLID_ANGLE_UNIT ( ) );
#4488 = DIRECTION ( 'NONE',  ( -0.000000000000000000, 1.000000000000000000, -0.000000000000000000 ) ) ;
#4489 = ORIENTED_EDGE ( 'NONE', *, *, #11933, .T. ) ;
#4490 = VERTEX_POINT ( 'NONE', #4863 ) ;
#4491 = CARTESIAN_POINT ( 'NONE',  ( 2.199999999999999734, 0.2530000000000000027, -8.325000000000001066 ) ) ;
#4492 = DIRECTION ( 'NONE',  ( 2.647983596301103623E-15, 0.000000000000000000, -1.000000000000000000 ) ) ;
#4493 = CARTESIAN_POINT ( 'NONE',  ( 0.8499999999999994227, 0.4780000000000000360, 3.899999999999999911 ) ) ;
#4494 = CARTESIAN_POINT ( 'NONE',  ( -0.2019999999999983475, 2.979999999999999982, 9.054631419979587648 ) ) ;
#4495 = FACE_OUTER_BOUND ( 'NONE', #6665, .T. ) ;
#4496 = CARTESIAN_POINT ( 'NONE',  ( 0.8499999999999994227, 0.2530000000000000027, 3.899999999999999911 ) ) ;
#4497 = EDGE_CURVE ( 'NONE', #11376, #10208, #2369, .T. ) ;
#4498 = ORIENTED_EDGE ( 'NONE', *, *, #5026, .T. ) ;
#4499 = ORIENTED_EDGE ( 'NONE', *, *, #6548, .T. ) ;
#4500 = EDGE_CURVE ( 'NONE', #2458, #5438, #4787, .T. ) ;
#4501 = DIRECTION ( 'NONE',  ( -0.000000000000000000, 1.000000000000000000, -0.000000000000000000 ) ) ;
#4502 = VERTEX_POINT ( 'NONE', #1628 ) ;
#4503 = DIRECTION ( 'NONE',  ( 1.355252715606880296E-16, 0.000000000000000000, 1.000000000000000000 ) ) ;
#4504 = CYLINDRICAL_SURFACE ( 'NONE', #1473, 0.2000000000000005107 ) ;
#4505 = FACE_OUTER_BOUND ( 'NONE', #5850, .T. ) ;
#4506 = CARTESIAN_POINT ( 'NONE',  ( -0.05000000000000012768, 0.1125000000000000028, -3.403000000000000025 ) ) ;
#4507 = CARTESIAN_POINT ( 'NONE',  ( -1.230000000000000870, 0.2530000000000000027, 2.694999999999999840 ) ) ;
#4508 = DIRECTION ( 'NONE',  ( -1.000000000000000000, 0.000000000000000000, 0.000000000000000000 ) ) ;
#4509 = EDGE_CURVE ( 'NONE', #11436, #2517, #9065, .T. ) ;
#4510 = DIRECTION ( 'NONE',  ( -0.000000000000000000, 1.000000000000000000, -0.000000000000000000 ) ) ;
#4511 = EDGE_CURVE ( 'NONE', #6982, #12938, #8024, .T. ) ;
#4512 = ORIENTED_EDGE ( 'NONE', *, *, #7222, .F. ) ;
#4513 = CARTESIAN_POINT ( 'NONE',  ( 0.000000000000000000, 0.1125000000000000028, 0.000000000000000000 ) ) ;
#4514 = ORIENTED_EDGE ( 'NONE', *, *, #8457, .F. ) ;
#4515 = EDGE_CURVE ( 'NONE', #3905, #3383, #6783, .T. ) ;
#4516 = LINE ( 'NONE', #6724, #12810 ) ;
#4517 = AXIS2_PLACEMENT_3D ( 'NONE', #5968, #9062, #1762 ) ;
#4518 = DIRECTION ( 'NONE',  ( 1.000000000000000000, 0.000000000000000000, -1.084202172485504828E-15 ) ) ;
#4519 = ORIENTED_EDGE ( 'NONE', *, *, #4698, .T. ) ;
#4520 = VERTEX_POINT ( 'NONE', #10990 ) ;
#4521 = ORIENTED_EDGE ( 'NONE', *, *, #138, .F. ) ;
#4522 = VERTEX_POINT ( 'NONE', #1556 ) ;
#4523 = CARTESIAN_POINT ( 'NONE',  ( -0.8149999999999986144, 0.06250000000000000000, -7.653000000000000469 ) ) ;
#4524 = DIRECTION ( 'NONE',  ( 3.469446951953515108E-14, 0.000000000000000000, 1.000000000000000000 ) ) ;
#4525 = VECTOR ( 'NONE', #2353, 1000.000000000000000 ) ;
#4526 = PLANE ( 'NONE',  #13589 ) ;
#4527 = LINE ( 'NONE', #339, #1904 ) ;
#4528 = ORIENTED_EDGE ( 'NONE', *, *, #1398, .F. ) ;
#4529 = EDGE_CURVE ( 'NONE', #1839, #7796, #5764, .T. ) ;
#4530 = VERTEX_POINT ( 'NONE', #9968 ) ;
#4531 = ADVANCED_FACE ( 'NONE', ( #7957 ), #12157, .T. ) ;
#4532 = PLANE ( 'NONE',  #6606 ) ;
#4533 = PLANE ( 'NONE',  #11414 ) ;
#4534 = EDGE_LOOP ( 'NONE', ( #13178, #12945, #11301, #12092 ) ) ;
#4535 = ADVANCED_FACE ( 'NONE', ( #5898 ), #10103, .F. ) ;
#4536 = CARTESIAN_POINT ( 'NONE',  ( 1.115000000000005098, 0.06250000000000000000, -8.389999999999998792 ) ) ;
#4537 = CARTESIAN_POINT ( 'NONE',  ( -2.200000000000000178, 0.000000000000000000, 5.349999999999999645 ) ) ;
#4538 = ORIENTED_EDGE ( 'NONE', *, *, #405, .T. ) ;
#4539 = FACE_OUTER_BOUND ( 'NONE', #7684, .T. ) ;
#4540 = VECTOR ( 'NONE', #8307, 1000.000000000000114 ) ;
#4541 = CARTESIAN_POINT ( 'NONE',  ( 1.649999999999999245, 0.4780000000000000360, 3.174999999999999822 ) ) ;
#4542 =( GEOMETRIC_REPRESENTATION_CONTEXT ( 3 ) GLOBAL_UNCERTAINTY_ASSIGNED_CONTEXT ( ( #12125 ) ) GLOBAL_UNIT_ASSIGNED_CONTEXT ( ( #4197, #9231, #10410 ) ) REPRESENTATION_CONTEXT ( 'NONE', 'WORKASPACE' ) );
#4543 = LINE ( 'NONE', #9576, #9599 ) ;
#4544 = PRODUCT_CONTEXT ( 'NONE', #7491, 'mechanical' ) ;
#4545 = DIRECTION ( 'NONE',  ( -0.000000000000000000, 0.000000000000000000, -1.000000000000000000 ) ) ;
#4546 = COLOUR_RGB ( '',0.5019607843137254832, 0.5019607843137254832, 0.5019607843137254832 ) ;
#4547 = ORIENTED_EDGE ( 'NONE', *, *, #13102, .F. ) ;
#4548 = PLANE ( 'NONE',  #12315 ) ;
#4549 = DIRECTION ( 'NONE',  ( -0.000000000000000000, 1.000000000000000000, -0.000000000000000000 ) ) ;
#4550 = ADVANCED_FACE ( 'NONE', ( #6992 ), #1226, .T. ) ;
#4551 = FACE_OUTER_BOUND ( 'NONE', #1064, .T. ) ;
#4552 = CARTESIAN_POINT ( 'NONE',  ( -2.150000000000000799, 0.1125000000000000028, -7.653000000000000469 ) ) ;
#4553 = EDGE_LOOP ( 'NONE', ( #2197, #1001, #8522, #8394 ) ) ;
#4554 = ORIENTED_EDGE ( 'NONE', *, *, #10166, .T. ) ;
#4555 = CARTESIAN_POINT ( 'NONE',  ( -0.000000000000000000, 0.1125000000000000028, -7.653000000000000469 ) ) ;
#4556 = CARTESIAN_POINT ( 'NONE',  ( 0.000000000000000000, 0.06250000000000000000, -2.403000000000000025 ) ) ;
#4557 = FACE_OUTER_BOUND ( 'NONE', #8788, .T. ) ;
#4558 = ORIENTED_EDGE ( 'NONE', *, *, #8457, .T. ) ;
#4559 = CARTESIAN_POINT ( 'NONE',  ( 1.799999999999999156, 0.2530000000000000027, -2.128000000000000114 ) ) ;
#4560 = DIRECTION ( 'NONE',  ( 0.000000000000000000, -0.000000000000000000, -1.000000000000000000 ) ) ;
#4561 = DIRECTION ( 'NONE',  ( 2.710505431213760099E-16, 0.000000000000000000, 1.000000000000000000 ) ) ;
#4562 = MECHANICAL_DESIGN_GEOMETRIC_PRESENTATION_REPRESENTATION (  '', ( #6988 ), #2144 ) ;
#4563 = ORIENTED_EDGE ( 'NONE', *, *, #9813, .F. ) ;
#4564 = ORIENTED_EDGE ( 'NONE', *, *, #11761, .T. ) ;
#4565 = DIRECTION ( 'NONE',  ( -0.000000000000000000, 1.000000000000000000, -0.000000000000000000 ) ) ;
#4566 = ORIENTED_EDGE ( 'NONE', *, *, #12168, .F. ) ;
#4567 = CIRCLE ( 'NONE', #189, 2.000000000000000000 ) ;
#4568 = CARTESIAN_POINT ( 'NONE',  ( 0.000000000000000000, 0.06250000000000000000, -7.653000000000000469 ) ) ;
#4569 = ADVANCED_FACE ( 'NONE', ( #277 ), #1024, .F. ) ;
#4570 = VECTOR ( 'NONE', #7317, 1000.000000000000000 ) ;
#4571 = FACE_OUTER_BOUND ( 'NONE', #861, .T. ) ;
#4572 = SURFACE_STYLE_FILL_AREA ( #457 ) ;
#4573 = CARTESIAN_POINT ( 'NONE',  ( -0.8500000000000003109, 0.06250000000000000000, -4.753000000000000114 ) ) ;
#4574 = CARTESIAN_POINT ( 'NONE',  ( 1.114999999999970681, 0.1125000000000000028, 4.592780437584348139E-15 ) ) ;
#4575 = CARTESIAN_POINT ( 'NONE',  ( -1.425000000000000266, 0.1125000000000000028, -9.070000000000002061 ) ) ;
#4576 = LINE ( 'NONE', #9895, #8850 ) ;
#4577 = ORIENTED_EDGE ( 'NONE', *, *, #6492, .T. ) ;
#4578 = DIRECTION ( 'NONE',  ( -0.000000000000000000, -1.000000000000000000, -0.000000000000000000 ) ) ;
#4579 = ORIENTED_EDGE ( 'NONE', *, *, #5288, .T. ) ;
#4580 = LINE ( 'NONE', #6931, #11478 ) ;
#4581 = VECTOR ( 'NONE', #5539, 1000.000000000000000 ) ;
#4582 = CARTESIAN_POINT ( 'NONE',  ( 0.8500000000000003109, 0.06250000000000000000, -2.403000000000000025 ) ) ;
#4583 = VERTEX_POINT ( 'NONE', #5440 ) ;
#4584 = VECTOR ( 'NONE', #9102, 1000.000000000000000 ) ;
#4585 = ORIENTED_EDGE ( 'NONE', *, *, #1780, .T. ) ;
#4586 = VERTEX_POINT ( 'NONE', #11696 ) ;
#4587 = AXIS2_PLACEMENT_3D ( 'NONE', #7153, #626, #770 ) ;
#4588 = VERTEX_POINT ( 'NONE', #7569 ) ;
#4589 = EDGE_CURVE ( 'NONE', #752, #12863, #7354, .T. ) ;
#4590 = ADVANCED_FACE ( 'NONE', ( #8600 ), #10471, .T. ) ;
#4591 = CARTESIAN_POINT ( 'NONE',  ( -2.575000000000001066, 0.4780000000000000360, -8.325000000000001066 ) ) ;
#4592 = CARTESIAN_POINT ( 'NONE',  ( -0.8019999999999979368, 1.089999999999999414, 8.951564153662312506 ) ) ;
#4593 = ADVANCED_FACE ( 'NONE', ( #5227 ), #4323, .F. ) ;
#4594 = VECTOR ( 'NONE', #7258, 1000.000000000000000 ) ;
#4595 = VECTOR ( 'NONE', #6815, 1000.000000000000000 ) ;
#4596 = AXIS2_PLACEMENT_3D ( 'NONE', #3328, #3256, #11730 ) ;
#4597 = LINE ( 'NONE', #4672, #11573 ) ;
#4598 = CIRCLE ( 'NONE', #2626, 0.2000000000000000944 ) ;
#4599 = ORIENTED_EDGE ( 'NONE', *, *, #12784, .F. ) ;
#4600 = ORIENTED_EDGE ( 'NONE', *, *, #2836, .T. ) ;
#4601 = DIRECTION ( 'NONE',  ( -1.000000000000000000, 0.000000000000000000, -0.000000000000000000 ) ) ;
#4602 = VECTOR ( 'NONE', #2104, 1000.000000000000000 ) ;
#4603 = DIRECTION ( 'NONE',  ( 1.000000000000000000, 0.000000000000000000, -1.084202172485504828E-15 ) ) ;
#4604 = ORIENTED_EDGE ( 'NONE', *, *, #1428, .F. ) ;
#4605 = CARTESIAN_POINT ( 'NONE',  ( -0.6749999999999993783, 0.1125000000000000028, -9.875000000000000000 ) ) ;
#4606 = DIRECTION ( 'NONE',  ( 0.000000000000000000, 0.000000000000000000, 1.000000000000000000 ) ) ;
#4607 = ORIENTED_EDGE ( 'NONE', *, *, #3100, .F. ) ;
#4608 = LINE ( 'NONE', #10058, #5014 ) ;
#4609 = AXIS2_PLACEMENT_3D ( 'NONE', #6759, #2696, #432 ) ;
#4610 = VERTEX_POINT ( 'NONE', #2193 ) ;
#4611 = VECTOR ( 'NONE', #9452, 1000.000000000000000 ) ;
#4612 = ADVANCED_FACE ( 'NONE', ( #3152 ), #11824, .F. ) ;
#4613 = ADVANCED_FACE ( 'NONE', ( #9425 ), #13630, .T. ) ;
#4614 = CARTESIAN_POINT ( 'NONE',  ( -2.200000000000000622, 0.2530000000000000027, 6.300000000000001599 ) ) ;
#4615 = EDGE_CURVE ( 'NONE', #7583, #9125, #8400, .T. ) ;
#4616 = SURFACE_SIDE_STYLE ('',( #8817 ) ) ;
#4617 = DIRECTION ( 'NONE',  ( 0.7071067811865584529, 0.000000000000000000, -0.7071067811865365815 ) ) ;
#4618 = ORIENTED_EDGE ( 'NONE', *, *, #5687, .F. ) ;
#4619 = AXIS2_PLACEMENT_3D ( 'NONE', #5173, #1806, #11305 ) ;
#4620 = VERTEX_POINT ( 'NONE', #2318 ) ;
#4621 = CARTESIAN_POINT ( 'NONE',  ( -0.2019999999999984031, 2.080000000000000071, 9.150000000000000355 ) ) ;
#4622 = VECTOR ( 'NONE', #5382, 1000.000000000000000 ) ;
#4623 = CARTESIAN_POINT ( 'NONE',  ( -2.149999999999999023, 0.2530000000000000027, 6.299999999999999822 ) ) ;
#4624 = FACE_OUTER_BOUND ( 'NONE', #9136, .T. ) ;
#4625 = CARTESIAN_POINT ( 'NONE',  ( 0.000000000000000000, 0.1125000000000000028, 0.000000000000000000 ) ) ;
#4626 = MANIFOLD_SOLID_BREP ( 'Boss-Extrude9[5]', #4210 ) ;
#4627 = ORIENTED_EDGE ( 'NONE', *, *, #13489, .F. ) ;
#4628 = VERTEX_POINT ( 'NONE', #6471 ) ;
#4629 = EDGE_CURVE ( 'NONE', #26, #3291, #129, .T. ) ;
#4630 = VECTOR ( 'NONE', #10199, 1000.000000000000000 ) ;
#4631 = LINE ( 'NONE', #11862, #8208 ) ;
#4632 = EDGE_CURVE ( 'NONE', #6912, #8901, #1296, .T. ) ;
#4633 = CARTESIAN_POINT ( 'NONE',  ( 1.429999999999998828, 0.2530000000000000027, 1.694999999999999840 ) ) ;
#4634 = PLANE ( 'NONE',  #7608 ) ;
#4635 = VERTEX_POINT ( 'NONE', #13072 ) ;
#4636 = CARTESIAN_POINT ( 'NONE',  ( -2.200000000000000622, 0.000000000000000000, -5.012999999999999901 ) ) ;
#4637 = LINE ( 'NONE', #8073, #11930 ) ;
#4638 = DIRECTION ( 'NONE',  ( -0.7071067811865465735, 0.000000000000000000, -0.7071067811865485719 ) ) ;
#4639 = VERTEX_POINT ( 'NONE', #544 ) ;
#4640 = VECTOR ( 'NONE', #677, 1000.000000000000000 ) ;
#4641 = CARTESIAN_POINT ( 'NONE',  ( 2.149999999999999911, 0.4780000000000000360, -9.074999999999999289 ) ) ;
#4642 = VECTOR ( 'NONE', #7653, 1000.000000000000000 ) ;
#4643 = ORIENTED_EDGE ( 'NONE', *, *, #10332, .T. ) ;
#4644 = LINE ( 'NONE', #3604, #11586 ) ;
#4645 = ORIENTED_EDGE ( 'NONE', *, *, #4677, .F. ) ;
#4646 = CARTESIAN_POINT ( 'NONE',  ( 1.642500000000004734, 0.06250000000000000000, -9.125000000000000000 ) ) ;
#4647 = CLOSED_SHELL ( 'NONE', ( #9767, #9990, #994, #12219, #1167, #2602, #8912, #13540, #13454, #12244, #8399, #9416, #4325, #12598 ) ) ;
#4648 = VECTOR ( 'NONE', #10258, 1000.000000000000000 ) ;
#4649 = PLANE ( 'NONE',  #8260 ) ;
#4650 = EDGE_LOOP ( 'NONE', ( #7072, #470, #9001, #8764 ) ) ;
#4651 = DIRECTION ( 'NONE',  ( -0.000000000000000000, 0.000000000000000000, -1.000000000000000000 ) ) ;
#4652 = CARTESIAN_POINT ( 'NONE',  ( 1.049999999999994715, 0.06250000000000000000, 1.138412281109774331E-15 ) ) ;
#4653 = CARTESIAN_POINT ( 'NONE',  ( 2.199999999999999734, 0.000000000000000000, 10.00000000000000000 ) ) ;
#4654 = CARTESIAN_POINT ( 'NONE',  ( -0.7500000000000066613, 0.06250000000000000000, -8.131516293641358197E-16 ) ) ;
#4655 = VERTEX_POINT ( 'NONE', #4591 ) ;
#4656 = DIRECTION ( 'NONE',  ( 0.000000000000000000, -1.000000000000000000, 0.000000000000000000 ) ) ;
#4657 = VERTEX_POINT ( 'NONE', #9911 ) ;
#4658 = LINE ( 'NONE', #7757, #6200 ) ;
#4659 = VECTOR ( 'NONE', #6113, 1000.000000000000000 ) ;
#4660 = CARTESIAN_POINT ( 'NONE',  ( -1.049999999999999600, 0.06250000000000000000, 0.000000000000000000 ) ) ;
#4661 = ORIENTED_EDGE ( 'NONE', *, *, #5356, .T. ) ;
#4662 = VECTOR ( 'NONE', #13276, 1000.000000000000000 ) ;
#4663 = ORIENTED_EDGE ( 'NONE', *, *, #12471, .T. ) ;
#4664 = ORIENTED_EDGE ( 'NONE', *, *, #7392, .F. ) ;
#4665 = VERTEX_POINT ( 'NONE', #3626 ) ;
#4666 = LINE ( 'NONE', #7898, #10534 ) ;
#4667 = CARTESIAN_POINT ( 'NONE',  ( 0.4500000000000001221, 0.06250000000000000000, -4.753000000000000114 ) ) ;
#4668 = CIRCLE ( 'NONE', #1181, 1.289999999999999591 ) ;
#4669 =( NAMED_UNIT ( * ) SI_UNIT ( $, .STERADIAN. ) SOLID_ANGLE_UNIT ( ) );
#4670 = CIRCLE ( 'NONE', #7091, 0.3999999999999996336 ) ;
#4671 = VECTOR ( 'NONE', #12907, 1000.000000000000000 ) ;
#4672 = CARTESIAN_POINT ( 'NONE',  ( -2.200000000000000622, 0.4780000000000000360, -6.460000000000002629 ) ) ;
#4673 = ORIENTED_EDGE ( 'NONE', *, *, #5044, .T. ) ;
#4674 = EDGE_LOOP ( 'NONE', ( #5404, #5530, #4461, #7251 ) ) ;
#4675 = DIRECTION ( 'NONE',  ( 1.000000000000000000, 0.000000000000000000, -1.084202172485504631E-15 ) ) ;
#4676 = CARTESIAN_POINT ( 'NONE',  ( -1.020000000000001794, 0.1125000000000000028, -8.424999999999995381 ) ) ;
#4677 = EDGE_CURVE ( 'NONE', #1343, #6904, #8938, .T. ) ;
#4678 = ORIENTED_EDGE ( 'NONE', *, *, #8892, .T. ) ;
#4679 = FACE_OUTER_BOUND ( 'NONE', #2372, .T. ) ;
#4680 = CARTESIAN_POINT ( 'NONE',  ( -1.380000000000000115, 0.1125000000000000028, -8.424999999999997158 ) ) ;
#4681 = ORIENTED_EDGE ( 'NONE', *, *, #563, .T. ) ;
#4682 = VECTOR ( 'NONE', #13578, 1000.000000000000000 ) ;
#4683 = EDGE_CURVE ( 'NONE', #9756, #7487, #3485, .T. ) ;
#4684 = CARTESIAN_POINT ( 'NONE',  ( 3.822499999999977138, 0.1125000000000000028, -3.822499999999849241 ) ) ;
#4685 =( GEOMETRIC_REPRESENTATION_CONTEXT ( 3 ) GLOBAL_UNCERTAINTY_ASSIGNED_CONTEXT ( ( #7156 ) ) GLOBAL_UNIT_ASSIGNED_CONTEXT ( ( #6859, #672, #2922 ) ) REPRESENTATION_CONTEXT ( 'NONE', 'WORKASPACE' ) );
#4686 = ORIENTED_EDGE ( 'NONE', *, *, #380, .T. ) ;
#4687 = AXIS2_PLACEMENT_3D ( 'NONE', #3729, #1458, #6839 ) ;
#4688 = FACE_OUTER_BOUND ( 'NONE', #5741, .T. ) ;
#4689 = FILL_AREA_STYLE ('',( #7842 ) ) ;
#4690 = DIRECTION ( 'NONE',  ( 1.000000000000000000, 0.000000000000000000, 0.000000000000000000 ) ) ;
#4691 = UNCERTAINTY_MEASURE_WITH_UNIT (LENGTH_MEASURE( 1.000000000000000082E-05 ), #9498, 'distance_accuracy_value', 'NONE');
#4692 = ORIENTED_EDGE ( 'NONE', *, *, #1395, .T. ) ;
#4693 = VECTOR ( 'NONE', #6049, 1000.000000000000000 ) ;
#4694 = ORIENTED_EDGE ( 'NONE', *, *, #3904, .F. ) ;
#4695 = CARTESIAN_POINT ( 'NONE',  ( -0.5500000000000020428, 0.06250000000000000000, 0.000000000000000000 ) ) ;
#4696 = LINE ( 'NONE', #8897, #13395 ) ;
#4697 = EDGE_CURVE ( 'NONE', #696, #12924, #4567, .T. ) ;
#4698 = EDGE_CURVE ( 'NONE', #2996, #8536, #10806, .T. ) ;
#4699 = DIRECTION ( 'NONE',  ( -0.000000000000000000, 1.000000000000000000, -0.000000000000000000 ) ) ;
#4700 = LINE ( 'NONE', #11987, #5277 ) ;
#4701 = ORIENTED_EDGE ( 'NONE', *, *, #2836, .F. ) ;
#4702 = EDGE_CURVE ( 'NONE', #5680, #1392, #3694, .T. ) ;
#4703 = ORIENTED_EDGE ( 'NONE', *, *, #3824, .T. ) ;
#4704 = CARTESIAN_POINT ( 'NONE',  ( 0.000000000000000000, 0.000000000000000000, 0.000000000000000000 ) ) ;
#4705 = DIRECTION ( 'NONE',  ( -0.000000000000000000, 0.000000000000000000, 1.000000000000000000 ) ) ;
#4706 = DIRECTION ( 'NONE',  ( -1.000000000000000000, 0.000000000000000000, -0.000000000000000000 ) ) ;
#4707 = VERTEX_POINT ( 'NONE', #10932 ) ;
#4708 = PLANE ( 'NONE',  #8124 ) ;
#4709 = DIRECTION ( 'NONE',  ( -0.000000000000000000, 1.000000000000000000, -0.000000000000000000 ) ) ;
#4710 = DIRECTION ( 'NONE',  ( 0.7071067811865584529, 0.000000000000000000, -0.7071067811865365815 ) ) ;
#4711 = EDGE_CURVE ( 'NONE', #3652, #10388, #13003, .T. ) ;
#4712 = VERTEX_POINT ( 'NONE', #12029 ) ;
#4713 = LINE ( 'NONE', #10976, #12313 ) ;
#4714 = EDGE_CURVE ( 'NONE', #10796, #5680, #6675, .T. ) ;
#4715 = VERTEX_POINT ( 'NONE', #474 ) ;
#4716 = EDGE_CURVE ( 'NONE', #5445, #8030, #1366, .T. ) ;
#4717 = CARTESIAN_POINT ( 'NONE',  ( 1.249999999999999334, 0.1125000000000000028, 0.000000000000000000 ) ) ;
#4718 = ORIENTED_EDGE ( 'NONE', *, *, #404, .F. ) ;
#4719 = DIRECTION ( 'NONE',  ( -1.000000000000000000, 0.000000000000000000, 8.673617379884033007E-17 ) ) ;
#4720 = PLANE ( 'NONE',  #8694 ) ;
#4721 = ORIENTED_EDGE ( 'NONE', *, *, #1141, .F. ) ;
#4722 = DIRECTION ( 'NONE',  ( 0.000000000000000000, -0.000000000000000000, -1.000000000000000000 ) ) ;
#4723 = DIRECTION ( 'NONE',  ( 0.000000000000000000, 1.000000000000000000, 0.000000000000000000 ) ) ;
#4724 = DIRECTION ( 'NONE',  ( 1.000000000000000000, 0.000000000000000000, 4.625929269271459921E-14 ) ) ;
#4725 = ORIENTED_EDGE ( 'NONE', *, *, #13393, .F. ) ;
#4726 = ORIENTED_EDGE ( 'NONE', *, *, #13622, .T. ) ;
#4727 = EDGE_CURVE ( 'NONE', #6440, #752, #9769, .T. ) ;
#4728 = LINE ( 'NONE', #1562, #5332 ) ;
#4729 = CARTESIAN_POINT ( 'NONE',  ( 0.8250000000000015099, 0.06250000000000000000, -9.875000000000000000 ) ) ;
#4730 = ORIENTED_EDGE ( 'NONE', *, *, #5225, .F. ) ;
#4731 = ORIENTED_EDGE ( 'NONE', *, *, #9242, .F. ) ;
#4732 = VERTEX_POINT ( 'NONE', #5777 ) ;
#4733 = ORIENTED_EDGE ( 'NONE', *, *, #10745, .F. ) ;
#4734 = DIRECTION ( 'NONE',  ( 0.000000000000000000, 0.000000000000000000, 1.000000000000000000 ) ) ;
#4735 = DIRECTION ( 'NONE',  ( -1.084202172485504828E-15, 0.000000000000000000, -1.000000000000000000 ) ) ;
#4736 = SURFACE_STYLE_FILL_AREA ( #1640 ) ;
#4737 = PLANE ( 'NONE',  #1246 ) ;
#4738 = ORIENTED_EDGE ( 'NONE', *, *, #5024, .F. ) ;
#4739 = VERTEX_POINT ( 'NONE', #10870 ) ;
#4740 = SURFACE_SIDE_STYLE ('',( #408 ) ) ;
#4741 = DIRECTION ( 'NONE',  ( 1.172110456741086074E-16, 0.000000000000000000, -1.000000000000000000 ) ) ;
#4742 = EDGE_LOOP ( 'NONE', ( #7961, #9351, #3372, #2188 ) ) ;
#4743 = DIRECTION ( 'NONE',  ( 0.000000000000000000, -0.000000000000000000, -1.000000000000000000 ) ) ;
#4744 = DIRECTION ( 'NONE',  ( 0.7071067811865452413, 0.000000000000000000, -0.7071067811865497932 ) ) ;
#4745 = ORIENTED_EDGE ( 'NONE', *, *, #1551, .F. ) ;
#4746 = DIRECTION ( 'NONE',  ( -1.000000000000000000, 0.000000000000000000, -0.000000000000000000 ) ) ;
#4747 = EDGE_LOOP ( 'NONE', ( #11217, #7494, #10042, #9330 ) ) ;
#4748 = LINE ( 'NONE', #8816, #13167 ) ;
#4749 = EDGE_CURVE ( 'NONE', #3857, #517, #7696, .T. ) ;
#4750 =( LENGTH_UNIT ( ) NAMED_UNIT ( * ) SI_UNIT ( .MILLI., .METRE. ) );
#4751 = CARTESIAN_POINT ( 'NONE',  ( 0.000000000000000000, 0.000000000000000000, 0.000000000000000000 ) ) ;
#4752 = DIRECTION ( 'NONE',  ( -0.7071067811865584529, 0.000000000000000000, -0.7071067811865365815 ) ) ;
#4753 = VERTEX_POINT ( 'NONE', #1496 ) ;
#4754 = ORIENTED_EDGE ( 'NONE', *, *, #11761, .F. ) ;
#4755 = FACE_OUTER_BOUND ( 'NONE', #5305, .T. ) ;
#4756 = CARTESIAN_POINT ( 'NONE',  ( 0.4500000000000001221, 0.06250000000000000000, -3.752999999999999226 ) ) ;
#4757 = VECTOR ( 'NONE', #3659, 1000.000000000000000 ) ;
#4758 = CARTESIAN_POINT ( 'NONE',  ( -1.999999999999999556, 0.2530000000000000027, -2.328000000000001624 ) ) ;
#4759 = CARTESIAN_POINT ( 'NONE',  ( 0.5150000000000031219, 0.1125000000000000028, -7.653000000000000469 ) ) ;
#4760 = ORIENTED_EDGE ( 'NONE', *, *, #10823, .F. ) ;
#4761 = EDGE_LOOP ( 'NONE', ( #1635, #12201, #967, #11142 ) ) ;
#4762 = VECTOR ( 'NONE', #12345, 1000.000000000000000 ) ;
#4763 = DIRECTION ( 'NONE',  ( 0.000000000000000000, 0.000000000000000000, -1.000000000000000000 ) ) ;
#4764 = ADVANCED_FACE ( 'NONE', ( #6733 ), #11004, .F. ) ;
#4765 = CIRCLE ( 'NONE', #3217, 0.2000000000000000944 ) ;
#4766 = EDGE_CURVE ( 'NONE', #5679, #804, #8724, .T. ) ;
#4767 = DIRECTION ( 'NONE',  ( 0.000000000000000000, 1.000000000000000000, -0.000000000000000000 ) ) ;
#4768 = EDGE_CURVE ( 'NONE', #2780, #5504, #4666, .T. ) ;
#4769 = LINE ( 'NONE', #8762, #3205 ) ;
#4770 = ORIENTED_EDGE ( 'NONE', *, *, #1047, .T. ) ;
#4771 = DIRECTION ( 'NONE',  ( 0.000000000000000000, 0.000000000000000000, -1.000000000000000000 ) ) ;
#4772 = FACE_OUTER_BOUND ( 'NONE', #12099, .T. ) ;
#4773 = DIRECTION ( 'NONE',  ( -0.000000000000000000, -0.000000000000000000, 1.000000000000000000 ) ) ;
#4774 =( GEOMETRIC_REPRESENTATION_CONTEXT ( 3 ) GLOBAL_UNCERTAINTY_ASSIGNED_CONTEXT ( ( #12405 ) ) GLOBAL_UNIT_ASSIGNED_CONTEXT ( ( #6955, #1520, #4902 ) ) REPRESENTATION_CONTEXT ( 'NONE', 'WORKASPACE' ) );
#4775 = ORIENTED_EDGE ( 'NONE', *, *, #121, .F. ) ;
#4776 = FACE_OUTER_BOUND ( 'NONE', #535, .T. ) ;
#4777 = ORIENTED_EDGE ( 'NONE', *, *, #13244, .F. ) ;
#4778 = DIRECTION ( 'NONE',  ( -0.000000000000000000, -1.000000000000000000, -0.000000000000000000 ) ) ;
#4779 = ORIENTED_EDGE ( 'NONE', *, *, #7057, .T. ) ;
#4780 = DIRECTION ( 'NONE',  ( -0.7071067811865465735, 0.000000000000000000, -0.7071067811865485719 ) ) ;
#4781 = VECTOR ( 'NONE', #717, 1000.000000000000000 ) ;
#4782 = EDGE_CURVE ( 'NONE', #11492, #2711, #12946, .T. ) ;
#4783 = EDGE_CURVE ( 'NONE', #11068, #464, #1432, .T. ) ;
#4784 = DIRECTION ( 'NONE',  ( 0.000000000000000000, 0.000000000000000000, -1.000000000000000000 ) ) ;
#4785 = ORIENTED_EDGE ( 'NONE', *, *, #4290, .F. ) ;
#4786 = LINE ( 'NONE', #7811, #433 ) ;
#4787 = LINE ( 'NONE', #8857, #11608 ) ;
#4788 = DIRECTION ( 'NONE',  ( -7.228014483236656126E-16, 0.000000000000000000, -1.000000000000000000 ) ) ;
#4789 = DIRECTION ( 'NONE',  ( -0.000000000000000000, 1.000000000000000000, -0.000000000000000000 ) ) ;
#4790 = EDGE_LOOP ( 'NONE', ( #2877, #7399, #6322, #9775 ) ) ;
#4791 = AXIS2_PLACEMENT_3D ( 'NONE', #4450, #4382, #5501 ) ;
#4792 = VERTEX_POINT ( 'NONE', #13210 ) ;
#4793 = CARTESIAN_POINT ( 'NONE',  ( -1.350000000000000533, 0.2530000000000000027, 3.294999999999999041 ) ) ;
#4794 = LINE ( 'NONE', #4582, #7943 ) ;
#4795 = ORIENTED_EDGE ( 'NONE', *, *, #8579, .F. ) ;
#4796 = EDGE_LOOP ( 'NONE', ( #10734, #11181, #5, #6884 ) ) ;
#4797 = EDGE_LOOP ( 'NONE', ( #7618, #9699, #1486, #3281 ) ) ;
#4798 = CIRCLE ( 'NONE', #4836, 0.1999999999999996503 ) ;
#4799 = EDGE_CURVE ( 'NONE', #9335, #10726, #7824, .T. ) ;
#4800 = CARTESIAN_POINT ( 'NONE',  ( 1.248578643762691787, 1.261421356237309999, 6.299999999999999822 ) ) ;
#4801 = CARTESIAN_POINT ( 'NONE',  ( -1.742500000000000160, 0.1125000000000000028, -8.424999999999997158 ) ) ;
#4802 = VECTOR ( 'NONE', #1478, 1000.000000000000000 ) ;
#4803 = EDGE_CURVE ( 'NONE', #11682, #10245, #2590, .T. ) ;
#4804 = DIRECTION ( 'NONE',  ( 0.7071067811865584529, 0.000000000000000000, -0.7071067811865365815 ) ) ;
#4805 = LINE ( 'NONE', #10936, #2340 ) ;
#4806 = ORIENTED_EDGE ( 'NONE', *, *, #12277, .T. ) ;
#4807 = ORIENTED_EDGE ( 'NONE', *, *, #6272, .T. ) ;
#4808 = VECTOR ( 'NONE', #12815, 1000.000000000000000 ) ;
#4809 = VECTOR ( 'NONE', #10487, 1000.000000000000000 ) ;
#4810 = PLANE ( 'NONE',  #5261 ) ;
#4811 = ORIENTED_EDGE ( 'NONE', *, *, #9841, .F. ) ;
#4812 = AXIS2_PLACEMENT_3D ( 'NONE', #1933, #8006, #11169 ) ;
#4813 = LINE ( 'NONE', #619, #13009 ) ;
#4814 = CARTESIAN_POINT ( 'NONE',  ( -0.2019999999999983475, 2.979999999999999982, 9.054631419979587648 ) ) ;
#4815 = ORIENTED_EDGE ( 'NONE', *, *, #99, .T. ) ;
#4816 = DIRECTION ( 'NONE',  ( 1.000000000000000000, 0.000000000000000000, 0.000000000000000000 ) ) ;
#4817 = EDGE_LOOP ( 'NONE', ( #6433, #10988, #7692, #8979 ) ) ;
#4818 = VECTOR ( 'NONE', #2574, 1000.000000000000000 ) ;
#4819 = VECTOR ( 'NONE', #11972, 1000.000000000000000 ) ;
#4820 = VECTOR ( 'NONE', #997, 1000.000000000000000 ) ;
#4821 = LINE ( 'NONE', #12251, #12953 ) ;
#4822 = VECTOR ( 'NONE', #8725, 1000.000000000000000 ) ;
#4823 = SURFACE_STYLE_USAGE ( .BOTH. , #4616 ) ;
#4824 = AXIS2_PLACEMENT_3D ( 'NONE', #4556, #4705, #1399 ) ;
#4825 = CARTESIAN_POINT ( 'NONE',  ( -0.4300000000000008260, 0.4780000000000000360, 2.294999999999999929 ) ) ;
#4826 = EDGE_LOOP ( 'NONE', ( #5954, #8771, #13261, #2940 ) ) ;
#4827 = VERTEX_POINT ( 'NONE', #5148 ) ;
#4828 = CARTESIAN_POINT ( 'NONE',  ( -0.04999999999999622802, 0.06250000000000000000, -8.424999999999997158 ) ) ;
#4829 = DIRECTION ( 'NONE',  ( -1.000000000000000000, 0.000000000000000000, 0.000000000000000000 ) ) ;
#4830 = CARTESIAN_POINT ( 'NONE',  ( -2.200000000000000622, 0.4780000000000000360, -6.460000000000002629 ) ) ;
#4831 = AXIS2_PLACEMENT_3D ( 'NONE', #10009, #9111, #3724 ) ;
#4832 = CARTESIAN_POINT ( 'NONE',  ( 1.425000000000002487, 0.06250000000000000000, -9.070000000000002061 ) ) ;
#4833 = MANIFOLD_SOLID_BREP ( 'Split2[2]', #7951 ) ;
#4834 = AXIS2_PLACEMENT_3D ( 'NONE', #2138, #1387, #6494 ) ;
#4835 = ORIENTED_EDGE ( 'NONE', *, *, #7357, .T. ) ;
#4836 = AXIS2_PLACEMENT_3D ( 'NONE', #7215, #6062, #13296 ) ;
#4837 = ORIENTED_EDGE ( 'NONE', *, *, #2667, .F. ) ;
#4838 = CYLINDRICAL_SURFACE ( 'NONE', #4812, 0.1749999999999998224 ) ;
#4839 = LINE ( 'NONE', #7678, #6105 ) ;
#4840 = DIRECTION ( 'NONE',  ( 8.673617379884034239E-17, 0.000000000000000000, 1.000000000000000000 ) ) ;
#4841 = VECTOR ( 'NONE', #7769, 1000.000000000000000 ) ;
#4842 = CARTESIAN_POINT ( 'NONE',  ( 1.799999999999999156, 0.4780000000000000360, -4.998000000000000220 ) ) ;
#4843 = ORIENTED_EDGE ( 'NONE', *, *, #6242, .T. ) ;
#4844 = FACE_OUTER_BOUND ( 'NONE', #7295, .T. ) ;
#4845 = PLANE ( 'NONE',  #2474 ) ;
#4846 = CARTESIAN_POINT ( 'NONE',  ( -0.05000000000000012768, 0.1125000000000000028, -0.000000000000000000 ) ) ;
#4847 = VERTEX_POINT ( 'NONE', #5009 ) ;
#4848 = DIRECTION ( 'NONE',  ( 0.000000000000000000, 0.000000000000000000, -1.000000000000000000 ) ) ;
#4849 = ORIENTED_EDGE ( 'NONE', *, *, #12805, .T. ) ;
#4850 = EDGE_CURVE ( 'NONE', #8444, #2727, #2864, .T. ) ;
#4851 = EDGE_CURVE ( 'NONE', #5904, #4586, #12232, .T. ) ;
#4852 = VECTOR ( 'NONE', #2186, 1000.000000000000000 ) ;
#4853 = CARTESIAN_POINT ( 'NONE',  ( 1.425000000000000044, 0.06250000000000000000, 3.838479741097756800E-16 ) ) ;
#4854 = COLOUR_RGB ( '',0.2509803921568627416, 0.2509803921568627416, 0.2509803921568627416 ) ;
#4855 = VERTEX_POINT ( 'NONE', #9209 ) ;
#4856 = EDGE_CURVE ( 'NONE', #2618, #5999, #3970, .T. ) ;
#4857 = FACE_OUTER_BOUND ( 'NONE', #5696, .T. ) ;
#4858 = DIRECTION ( 'NONE',  ( -0.000000000000000000, 1.000000000000000000, -0.000000000000000000 ) ) ;
#4859 = VECTOR ( 'NONE', #7888, 1000.000000000000000 ) ;
#4860 = VERTEX_POINT ( 'NONE', #6936 ) ;
#4861 = CARTESIAN_POINT ( 'NONE',  ( 1.380000000000002780, 0.1125000000000000028, -8.424999999999997158 ) ) ;
#4862 = STYLED_ITEM ( 'NONE', ( #12555 ), #10026 ) ;
#4863 = CARTESIAN_POINT ( 'NONE',  ( -0.3850000000000008971, 0.06250000000000000000, -7.653000000000000469 ) ) ;
#4864 = CARTESIAN_POINT ( 'NONE',  ( -3.689539992968177900E-15, 0.06250000000000000000, -3.403000000000001357 ) ) ;
#4865 = FILL_AREA_STYLE_COLOUR ( '', #12160 ) ;
#4866 = ORIENTED_EDGE ( 'NONE', *, *, #8747, .F. ) ;
#4867 = ORIENTED_EDGE ( 'NONE', *, *, #8242, .T. ) ;
#4868 = EDGE_CURVE ( 'NONE', #389, #12769, #10514, .T. ) ;
#4869 = CARTESIAN_POINT ( 'NONE',  ( 0.1799999999999989664, 0.06250000000000000000, -9.025000000000000355 ) ) ;
#4870 = EDGE_CURVE ( 'NONE', #4715, #6788, #4042, .T. ) ;
#4871 = DIRECTION ( 'NONE',  ( 0.000000000000000000, 0.000000000000000000, -1.000000000000000000 ) ) ;
#4872 = ORIENTED_EDGE ( 'NONE', *, *, #4766, .F. ) ;
#4873 = ORIENTED_EDGE ( 'NONE', *, *, #3927, .F. ) ;
#4874 = EDGE_CURVE ( 'NONE', #4051, #7382, #5910, .T. ) ;
#4875 = EDGE_CURVE ( 'NONE', #2716, #13149, #11406, .T. ) ;
#4876 = VECTOR ( 'NONE', #10618, 1000.000000000000000 ) ;
#4877 = CARTESIAN_POINT ( 'NONE',  ( 0.6000000000000000888, 0.06250000000000000000, -3.403000000000000025 ) ) ;
#4878 = DIRECTION ( 'NONE',  ( 0.000000000000000000, 0.000000000000000000, -1.000000000000000000 ) ) ;
#4879 = DIRECTION ( 'NONE',  ( -0.000000000000000000, 1.000000000000000000, -0.000000000000000000 ) ) ;
#4880 = FILL_AREA_STYLE ('',( #6806 ) ) ;
#4881 = DIRECTION ( 'NONE',  ( 0.000000000000000000, 0.000000000000000000, -1.000000000000000000 ) ) ;
#4882 = ORIENTED_EDGE ( 'NONE', *, *, #9236, .T. ) ;
#4883 = AXIS2_PLACEMENT_3D ( 'NONE', #2242, #8452, #1281 ) ;
#4884 = CLOSED_SHELL ( 'NONE', ( #6813, #10428, #2995, #5487, #2587, #9820, #11820, #5885, #8241, #1738 ) ) ;
#4885 = ORIENTED_EDGE ( 'NONE', *, *, #13557, .F. ) ;
#4886 =( LENGTH_UNIT ( ) NAMED_UNIT ( * ) SI_UNIT ( .MILLI., .METRE. ) );
#4887 = CIRCLE ( 'NONE', #7292, 0.9999999999999991118 ) ;
#4888 = DIRECTION ( 'NONE',  ( 1.000000000000000000, 0.000000000000000000, -0.000000000000000000 ) ) ;
#4889 = ORIENTED_EDGE ( 'NONE', *, *, #9326, .T. ) ;
#4890 = DIRECTION ( 'NONE',  ( 0.7071067811865584529, 0.000000000000000000, -0.7071067811865365815 ) ) ;
#4891 = EDGE_CURVE ( 'NONE', #7845, #8377, #10191, .T. ) ;
#4892 = DIRECTION ( 'NONE',  ( 0.7071067811865356934, 0.000000000000000000, -0.7071067811865593411 ) ) ;
#4893 = EDGE_CURVE ( 'NONE', #7426, #6920, #3826, .T. ) ;
#4894 = EDGE_LOOP ( 'NONE', ( #6746, #7297, #3625, #13386 ) ) ;
#4895 = ADVANCED_FACE ( 'NONE', ( #753 ), #10246, .T. ) ;
#4896 = CARTESIAN_POINT ( 'NONE',  ( -0.6499999999999964695, 0.1125000000000000028, -8.424999999999997158 ) ) ;
#4897 = ORIENTED_EDGE ( 'NONE', *, *, #7556, .T. ) ;
#4898 = VECTOR ( 'NONE', #9467, 1000.000000000000000 ) ;
#4899 = CARTESIAN_POINT ( 'NONE',  ( -0.4300000000000007705, 0.4780000000000000360, 2.694999999999999840 ) ) ;
#4900 = AXIS2_PLACEMENT_3D ( 'NONE', #454, #7676, #2645 ) ;
#4901 = FACE_OUTER_BOUND ( 'NONE', #6314, .T. ) ;
#4902 =( NAMED_UNIT ( * ) SI_UNIT ( $, .STERADIAN. ) SOLID_ANGLE_UNIT ( ) );
#4903 = PLANE ( 'NONE',  #7666 ) ;
#4904 = ORIENTED_EDGE ( 'NONE', *, *, #4856, .F. ) ;
#4905 = ORIENTED_EDGE ( 'NONE', *, *, #7627, .T. ) ;
#4906 = FACE_OUTER_BOUND ( 'NONE', #7831, .T. ) ;
#4907 = DIRECTION ( 'NONE',  ( -1.000000000000000000, 0.000000000000000000, 1.172110456741086074E-16 ) ) ;
#4908 = MECHANICAL_DESIGN_GEOMETRIC_PRESENTATION_REPRESENTATION (  '', ( #9080 ), #13038 ) ;
#4909 = DIRECTION ( 'NONE',  ( -1.355252715606880049E-16, -0.000000000000000000, -1.000000000000000000 ) ) ;
#4910 = AXIS2_PLACEMENT_3D ( 'NONE', #11483, #10397, #7486 ) ;
#4911 = PLANE ( 'NONE',  #4831 ) ;
#4912 = VECTOR ( 'NONE', #10895, 1000.000000000000000 ) ;
#4913 = ORIENTED_EDGE ( 'NONE', *, *, #10332, .F. ) ;
#4914 = EDGE_CURVE ( 'NONE', #1581, #1844, #6046, .T. ) ;
#4915 = ORIENTED_EDGE ( 'NONE', *, *, #4273, .F. ) ;
#4916 = DIRECTION ( 'NONE',  ( -0.000000000000000000, -1.000000000000000000, -0.000000000000000000 ) ) ;
#4917 = DIRECTION ( 'NONE',  ( -1.000000000000000000, 0.000000000000000000, 0.000000000000000000 ) ) ;
#4918 = DIRECTION ( 'NONE',  ( -2.693669993752817464E-16, 0.000000000000000000, -1.000000000000000000 ) ) ;
#4919 = LINE ( 'NONE', #6150, #11272 ) ;
#4920 = CARTESIAN_POINT ( 'NONE',  ( -1.575000000000000844, 0.1125000000000000028, -9.070000000000000284 ) ) ;
#4921 = ORIENTED_EDGE ( 'NONE', *, *, #13282, .T. ) ;
#4922 = FACE_OUTER_BOUND ( 'NONE', #11702, .T. ) ;
#4923 = DIRECTION ( 'NONE',  ( -0.000000000000000000, -1.000000000000000000, -0.000000000000000000 ) ) ;
#4924 = DIRECTION ( 'NONE',  ( -1.000000000000000000, 0.000000000000000000, 0.000000000000000000 ) ) ;
#4925 = EDGE_LOOP ( 'NONE', ( #12842, #2560, #9487, #12307 ) ) ;
#4926 = DIRECTION ( 'NONE',  ( -1.355252715606880296E-16, -0.000000000000000000, -1.000000000000000000 ) ) ;
#4927 = ORIENTED_EDGE ( 'NONE', *, *, #9327, .F. ) ;
#4928 = CARTESIAN_POINT ( 'NONE',  ( 0.07499999999999867883, 0.06250000000000000000, -9.799999999999998934 ) ) ;
#4929 = ORIENTED_EDGE ( 'NONE', *, *, #5967, .F. ) ;
#4930 = DIRECTION ( 'NONE',  ( -0.000000000000000000, 1.000000000000000000, -0.000000000000000000 ) ) ;
#4931 = EDGE_CURVE ( 'NONE', #7426, #11827, #2931, .T. ) ;
#4932 = DIRECTION ( 'NONE',  ( -4.707526393424183343E-15, 0.000000000000000000, -1.000000000000000000 ) ) ;
#4933 = EDGE_LOOP ( 'NONE', ( #128, #11773, #12200, #9190 ) ) ;
#4934 = DIRECTION ( 'NONE',  ( 1.000000000000000000, 0.000000000000000000, 0.000000000000000000 ) ) ;
#4935 = CARTESIAN_POINT ( 'NONE',  ( 2.200000000000001510, 0.000000000000000000, -5.012999999999999901 ) ) ;
#4936 = CARTESIAN_POINT ( 'NONE',  ( -0.7000000000000002887, 0.06250000000000000000, 0.000000000000000000 ) ) ;
#4937 = DIRECTION ( 'NONE',  ( 1.000000000000000000, 0.000000000000000000, 0.000000000000000000 ) ) ;
#4938 = ORIENTED_EDGE ( 'NONE', *, *, #760, .T. ) ;
#4939 = ORIENTED_EDGE ( 'NONE', *, *, #4951, .F. ) ;
#4940 = CARTESIAN_POINT ( 'NONE',  ( 0.000000000000000000, 0.06250000000000000000, 0.000000000000000000 ) ) ;
#4941 = DIRECTION ( 'NONE',  ( -0.000000000000000000, 0.000000000000000000, 1.000000000000000000 ) ) ;
#4942 = EDGE_LOOP ( 'NONE', ( #9762, #12450, #9130, #6649 ) ) ;
#4943 = EDGE_LOOP ( 'NONE', ( #7224, #1637, #12561, #12213 ) ) ;
#4944 = APPLICATION_CONTEXT ( 'automotive_design' ) ;
#4945 = FILL_AREA_STYLE_COLOUR ( '', #9868 ) ;
#4946 = DIRECTION ( 'NONE',  ( 1.000000000000000000, 0.000000000000000000, 0.000000000000000000 ) ) ;
#4947 = EDGE_CURVE ( 'NONE', #3901, #13307, #6107, .T. ) ;
#4948 = EDGE_CURVE ( 'NONE', #3198, #5318, #614, .T. ) ;
#4949 = LINE ( 'NONE', #1974, #9194 ) ;
#4950 = CARTESIAN_POINT ( 'NONE',  ( 0.5150000000000045652, 0.1125000000000000028, -8.389999999999998792 ) ) ;
#4951 = EDGE_CURVE ( 'NONE', #9987, #1534, #6246, .T. ) ;
#4952 = EDGE_LOOP ( 'NONE', ( #3525, #6254, #1915, #5223 ) ) ;
#4953 = VERTEX_POINT ( 'NONE', #11739 ) ;
#4954 = CARTESIAN_POINT ( 'NONE',  ( 2.150000000000000799, 0.2530000000000000027, -9.799999999999998934 ) ) ;
#4955 = CARTESIAN_POINT ( 'NONE',  ( 0.9850000000000027622, 0.06250000000000000000, -7.653000000000000469 ) ) ;
#4956 = ORIENTED_EDGE ( 'NONE', *, *, #229, .F. ) ;
#4957 = DIRECTION ( 'NONE',  ( -1.084202172485504828E-15, 0.000000000000000000, -1.000000000000000000 ) ) ;
#4958 = CARTESIAN_POINT ( 'NONE',  ( -2.200000000000000622, 0.2530000000000000027, -6.460000000000002629 ) ) ;
#4959 = ORIENTED_EDGE ( 'NONE', *, *, #6225, .T. ) ;
#4960 = ORIENTED_EDGE ( 'NONE', *, *, #9321, .F. ) ;
#4961 = CARTESIAN_POINT ( 'NONE',  ( -1.230000000000001092, 0.4780000000000000360, 2.295000000000000373 ) ) ;
#4962 = PLANE ( 'NONE',  #8344 ) ;
#4963 = ADVANCED_FACE ( 'NONE', ( #10455 ), #3200, .F. ) ;
#4964 = FACE_OUTER_BOUND ( 'NONE', #12999, .T. ) ;
#4965 = ADVANCED_FACE ( 'NONE', ( #1274 ), #1070, .F. ) ;
#4966 = DIRECTION ( 'NONE',  ( 0.000000000000000000, 0.000000000000000000, -1.000000000000000000 ) ) ;
#4967 = ADVANCED_FACE ( 'NONE', ( #5357 ), #5496, .F. ) ;
#4968 = VERTEX_POINT ( 'NONE', #13609 ) ;
#4969 = ORIENTED_EDGE ( 'NONE', *, *, #3949, .T. ) ;
#4970 = DIRECTION ( 'NONE',  ( 0.000000000000000000, 0.000000000000000000, -1.000000000000000000 ) ) ;
#4971 = DIRECTION ( 'NONE',  ( 4.119085594246160228E-15, 0.000000000000000000, -1.000000000000000000 ) ) ;
#4972 = CARTESIAN_POINT ( 'NONE',  ( 1.429999999999998828, 0.4780000000000000360, 2.494999999999999662 ) ) ;
#4973 = ORIENTED_EDGE ( 'NONE', *, *, #9860, .T. ) ;
#4974 = LINE ( 'NONE', #8269, #1829 ) ;
#4975 = LINE ( 'NONE', #783, #8530 ) ;
#4976 = PLANE ( 'NONE',  #2173 ) ;
#4977 = EDGE_CURVE ( 'NONE', #12407, #9112, #5422, .T. ) ;
#4978 = CARTESIAN_POINT ( 'NONE',  ( -0.3019999999999988805, 2.979999999999999982, 9.429999999999999716 ) ) ;
#4979 = ADVANCED_FACE ( 'NONE', ( #46 ), #6452, .T. ) ;
#4980 = VECTOR ( 'NONE', #8366, 1000.000000000000000 ) ;
#4981 = DIRECTION ( 'NONE',  ( 0.000000000000000000, 1.000000000000000000, 0.000000000000000000 ) ) ;
#4982 = ORIENTED_EDGE ( 'NONE', *, *, #9691, .F. ) ;
#4983 = CARTESIAN_POINT ( 'NONE',  ( -0.08500000000003044009, 0.06250000000000000000, -3.501222755110490344E-16 ) ) ;
#4984 = FACE_OUTER_BOUND ( 'NONE', #12877, .T. ) ;
#4985 = DIRECTION ( 'NONE',  ( -0.000000000000000000, -1.000000000000000000, -0.000000000000000000 ) ) ;
#4986 = CARTESIAN_POINT ( 'NONE',  ( 0.8499999999999995337, 0.4780000000000000360, 3.174999999999999822 ) ) ;
#4987 = CARTESIAN_POINT ( 'NONE',  ( 1.350000000000000755, 0.06250000000000000000, -4.753000000000000114 ) ) ;
#4988 = VERTEX_POINT ( 'NONE', #258 ) ;
#4989 = MECHANICAL_DESIGN_GEOMETRIC_PRESENTATION_REPRESENTATION (  '', ( #6114 ), #6742 ) ;
#4990 = LINE ( 'NONE', #3875, #5667 ) ;
#4991 = ORIENTED_EDGE ( 'NONE', *, *, #778, .F. ) ;
#4992 = ORIENTED_EDGE ( 'NONE', *, *, #10417, .F. ) ;
#4993 = AXIS2_PLACEMENT_3D ( 'NONE', #6184, #5015, #13546 ) ;
#4994 = DIRECTION ( 'NONE',  ( 0.7071067811865356934, 0.000000000000000000, -0.7071067811865593411 ) ) ;
#4995 = VECTOR ( 'NONE', #1992, 1000.000000000000000 ) ;
#4996 = LINE ( 'NONE', #7182, #3649 ) ;
#4997 = EDGE_LOOP ( 'NONE', ( #6485, #9036, #1027, #9548 ) ) ;
#4998 = FACE_OUTER_BOUND ( 'NONE', #13024, .T. ) ;
#4999 = SURFACE_STYLE_USAGE ( .BOTH. , #9332 ) ;
#5000 = DIRECTION ( 'NONE',  ( -0.7071067811865497932, 0.000000000000000000, -0.7071067811865452413 ) ) ;
#5001 = ORIENTED_EDGE ( 'NONE', *, *, #6147, .T. ) ;
#5002 = EDGE_LOOP ( 'NONE', ( #698, #7624, #11346, #8397, #11874, #302, #10725, #12361, #1832, #4498, #2639, #3098 ) ) ;
#5003 = CARTESIAN_POINT ( 'NONE',  ( 0.3850000000000033951, 0.06250000000000000000, -8.389999999999998792 ) ) ;
#5004 = CARTESIAN_POINT ( 'NONE',  ( 2.750000000000000000, 0.2530000000000000027, -8.699999999999997513 ) ) ;
#5005 = ORIENTED_EDGE ( 'NONE', *, *, #11838, .T. ) ;
#5006 = EDGE_CURVE ( 'NONE', #8605, #12833, #8449, .T. ) ;
#5007 = AXIS2_PLACEMENT_3D ( 'NONE', #11537, #10510, #11597 ) ;
#5008 = VECTOR ( 'NONE', #11674, 1000.000000000000000 ) ;
#5009 = CARTESIAN_POINT ( 'NONE',  ( 2.750000000000000000, 0.1125000000000000028, -8.500000000000001776 ) ) ;
#5010 = CARTESIAN_POINT ( 'NONE',  ( -5.022500000000017728, 0.1125000000000000028, -5.022499999999848974 ) ) ;
#5011 = CARTESIAN_POINT ( 'NONE',  ( -1.149999999999999467, 0.06250000000000000000, 0.000000000000000000 ) ) ;
#5012 = LINE ( 'NONE', #13285, #4477 ) ;
#5013 = MANIFOLD_SOLID_BREP ( 'Boss-Extrude9[8]', #12564 ) ;
#5014 = VECTOR ( 'NONE', #9926, 1000.000000000000000 ) ;
#5015 = DIRECTION ( 'NONE',  ( 0.000000000000000000, 0.000000000000000000, 1.000000000000000000 ) ) ;
#5016 = ORIENTED_EDGE ( 'NONE', *, *, #6400, .T. ) ;
#5017 = ORIENTED_EDGE ( 'NONE', *, *, #12439, .F. ) ;
#5018 = CARTESIAN_POINT ( 'NONE',  ( 1.950000000000000400, 0.2530000000000000027, -10.00000000000000000 ) ) ;
#5019 = ORIENTED_EDGE ( 'NONE', *, *, #12530, .T. ) ;
#5020 = CARTESIAN_POINT ( 'NONE',  ( 0.2150000000000005518, 0.1125000000000000028, -7.653000000000000469 ) ) ;
#5021 = DIRECTION ( 'NONE',  ( 0.000000000000000000, 0.000000000000000000, 1.000000000000000000 ) ) ;
#5022 = ORIENTED_EDGE ( 'NONE', *, *, #6417, .F. ) ;
#5023 = ADVANCED_FACE ( 'NONE', ( #6307 ), #10519, .F. ) ;
#5024 = EDGE_CURVE ( 'NONE', #10691, #11529, #112, .T. ) ;
#5025 = EDGE_LOOP ( 'NONE', ( #3061, #2217, #12707, #1733, #6124, #10020, #11133, #4127 ) ) ;
#5026 = EDGE_CURVE ( 'NONE', #2910, #987, #7479, .T. ) ;
#5027 = PLANE ( 'NONE',  #12494 ) ;
#5028 = FACE_OUTER_BOUND ( 'NONE', #12622, .T. ) ;
#5029 = VECTOR ( 'NONE', #5086, 1000.000000000000000 ) ;
#5030 = DIRECTION ( 'NONE',  ( -1.000000000000000000, -0.000000000000000000, -5.421010862427517240E-16 ) ) ;
#5031 = AXIS2_PLACEMENT_3D ( 'NONE', #7553, #8781, #6517 ) ;
#5032 = CARTESIAN_POINT ( 'NONE',  ( 0.000000000000000000, 0.1125000000000000028, 0.000000000000000000 ) ) ;
#5033 = ORIENTED_EDGE ( 'NONE', *, *, #744, .F. ) ;
#5034 = VERTEX_POINT ( 'NONE', #9749 ) ;
#5035 = CARTESIAN_POINT ( 'NONE',  ( 0.05000000000000012768, 0.1125000000000000028, -4.753000000000000114 ) ) ;
#5036 = CARTESIAN_POINT ( 'NONE',  ( -1.717500000000000915, 0.06250000000000000000, -9.875000000000000000 ) ) ;
#5037 = CARTESIAN_POINT ( 'NONE',  ( -0.2019999999999984031, 2.080000000000000071, 8.949999999999999289 ) ) ;
#5038 = MANIFOLD_SOLID_BREP ( 'Boss-Extrude9[20]', #9717 ) ;
#5039 = ADVANCED_FACE ( 'NONE', ( #11877 ), #4504, .F. ) ;
#5040 = EDGE_CURVE ( 'NONE', #1194, #6176, #1739, .T. ) ;
#5041 = AXIS2_PLACEMENT_3D ( 'NONE', #6495, #12829, #10688 ) ;
#5042 = VECTOR ( 'NONE', #1691, 1000.000000000000000 ) ;
#5043 = AXIS2_PLACEMENT_3D ( 'NONE', #11241, #10220, #782 ) ;
#5044 = EDGE_CURVE ( 'NONE', #7562, #509, #4839, .T. ) ;
#5045 = EDGE_CURVE ( 'NONE', #10206, #12734, #7039, .T. ) ;
#5046 = STYLED_ITEM ( 'NONE', ( #11643 ), #12848 ) ;
#5047 = DIRECTION ( 'NONE',  ( -1.000000000000000000, 0.000000000000000000, 0.000000000000000000 ) ) ;
#5048 = DIRECTION ( 'NONE',  ( -2.693669993752811547E-16, 0.000000000000000000, -1.000000000000000000 ) ) ;
#5049 = CARTESIAN_POINT ( 'NONE',  ( -2.575000000000001066, 0.2530000000000000027, -8.699999999999999289 ) ) ;
#5050 = FACE_OUTER_BOUND ( 'NONE', #4796, .T. ) ;
#5051 = VECTOR ( 'NONE', #2530, 1000.000000000000000 ) ;
#5052 = ORIENTED_EDGE ( 'NONE', *, *, #5378, .F. ) ;
#5053 = LINE ( 'NONE', #8149, #1757 ) ;
#5054 = VECTOR ( 'NONE', #12552, 1000.000000000000000 ) ;
#5055 = CARTESIAN_POINT ( 'NONE',  ( -1.415000000000000036, 0.06250000000000000000, -7.653000000000000469 ) ) ;
#5056 = CARTESIAN_POINT ( 'NONE',  ( 2.150000000000000799, 0.2530000000000000027, -9.799999999999998934 ) ) ;
#5057 = VECTOR ( 'NONE', #10409, 1000.000000000000000 ) ;
#5058 = CARTESIAN_POINT ( 'NONE',  ( 2.750000000000000000, 0.4780000000000000360, -8.500000000000000000 ) ) ;
#5059 = EDGE_LOOP ( 'NONE', ( #5033, #5807, #10898, #5096 ) ) ;
#5060 = EDGE_CURVE ( 'NONE', #13163, #12090, #10911, .T. ) ;
#5061 = CARTESIAN_POINT ( 'NONE',  ( 0.000000000000000000, 2.880000000000000338, 8.949999999999999289 ) ) ;
#5062 = EDGE_CURVE ( 'NONE', #13007, #7468, #8778, .T. ) ;
#5063 = ORIENTED_EDGE ( 'NONE', *, *, #10852, .F. ) ;
#5064 = ORIENTED_EDGE ( 'NONE', *, *, #10797, .T. ) ;
#5065 = EDGE_CURVE ( 'NONE', #6500, #4988, #1345, .T. ) ;
#5066 = VECTOR ( 'NONE', #5253, 1000.000000000000000 ) ;
#5067 = MANIFOLD_SOLID_BREP ( 'Boss-Extrude9[15]', #9279 ) ;
#5068 = MECHANICAL_DESIGN_GEOMETRIC_PRESENTATION_REPRESENTATION (  '', ( #13426 ), #10137 ) ;
#5069 = CARTESIAN_POINT ( 'NONE',  ( -2.200000000000000622, 0.2530000000000000027, -6.460000000000002629 ) ) ;
#5070 = CARTESIAN_POINT ( 'NONE',  ( -1.230000000000001092, 0.2530000000000000027, 2.295000000000000373 ) ) ;
#5071 = ORIENTED_EDGE ( 'NONE', *, *, #11367, .T. ) ;
#5072 = CARTESIAN_POINT ( 'NONE',  ( -1.900000000000000355, 0.1125000000000000028, -0.000000000000000000 ) ) ;
#5073 = LINE ( 'NONE', #10302, #12376 ) ;
#5074 = DIRECTION ( 'NONE',  ( -0.000000000000000000, 1.000000000000000000, -0.000000000000000000 ) ) ;
#5075 = SURFACE_SIDE_STYLE ('',( #2978 ) ) ;
#5076 = ORIENTED_EDGE ( 'NONE', *, *, #10515, .T. ) ;
#5077 = VECTOR ( 'NONE', #13146, 1000.000000000000000 ) ;
#5078 = PRESENTATION_LAYER_ASSIGNMENT (  '', '', ( #12336 ) ) ;
#5079 = ORIENTED_EDGE ( 'NONE', *, *, #2166, .T. ) ;
#5080 = CARTESIAN_POINT ( 'NONE',  ( 1.950000000000000400, 0.1125000000000000028, -10.00000000000000000 ) ) ;
#5081 = DIRECTION ( 'NONE',  ( 0.000000000000000000, 1.000000000000000000, 0.000000000000000000 ) ) ;
#5082 = ORIENTED_EDGE ( 'NONE', *, *, #314, .F. ) ;
#5083 = EDGE_CURVE ( 'NONE', #3665, #88, #3797, .T. ) ;
#5084 = CARTESIAN_POINT ( 'NONE',  ( -1.350000000000000533, 0.4780000000000000360, 3.694999999999999840 ) ) ;
#5085 = DIRECTION ( 'NONE',  ( -0.000000000000000000, -1.000000000000000000, -0.000000000000000000 ) ) ;
#5086 = DIRECTION ( 'NONE',  ( -0.000000000000000000, 1.000000000000000000, -0.000000000000000000 ) ) ;
#5087 = PLANE ( 'NONE',  #601 ) ;
#5088 = CARTESIAN_POINT ( 'NONE',  ( -0.05000000000000012768, 0.06250000000000000000, 0.000000000000000000 ) ) ;
#5089 = VERTEX_POINT ( 'NONE', #7368 ) ;
#5090 = DIRECTION ( 'NONE',  ( 0.000000000000000000, -0.000000000000000000, -1.000000000000000000 ) ) ;
#5091 = ORIENTED_EDGE ( 'NONE', *, *, #13431, .T. ) ;
#5092 = DIRECTION ( 'NONE',  ( -0.000000000000000000, -0.000000000000000000, 1.000000000000000000 ) ) ;
#5093 = VECTOR ( 'NONE', #8790, 1000.000000000000000 ) ;
#5094 = PLANE ( 'NONE',  #12544 ) ;
#5095 = ORIENTED_EDGE ( 'NONE', *, *, #5296, .F. ) ;
#5096 = ORIENTED_EDGE ( 'NONE', *, *, #2420, .T. ) ;
#5097 = DIRECTION ( 'NONE',  ( 0.000000000000000000, -0.000000000000000000, -1.000000000000000000 ) ) ;
#5098 = DIRECTION ( 'NONE',  ( 0.000000000000000000, 0.000000000000000000, -1.000000000000000000 ) ) ;
#5099 = CLOSED_SHELL ( 'NONE', ( #1840, #8135, #3858, #1026, #11345, #12442 ) ) ;
#5100 = AXIS2_PLACEMENT_3D ( 'NONE', #10677, #7430, #1308 ) ;
#5101 = CARTESIAN_POINT ( 'NONE',  ( 0.000000000000000000, 0.06250000000000000000, -9.875000000000000000 ) ) ;
#5102 = UNCERTAINTY_MEASURE_WITH_UNIT (LENGTH_MEASURE( 1.000000000000000082E-05 ), #1706, 'distance_accuracy_value', 'NONE');
#5103 = EDGE_CURVE ( 'NONE', #11734, #5460, #2135, .T. ) ;
#5104 = ORIENTED_EDGE ( 'NONE', *, *, #2586, .F. ) ;
#5105 = ORIENTED_EDGE ( 'NONE', *, *, #7705, .T. ) ;
#5106 = FACE_OUTER_BOUND ( 'NONE', #4942, .T. ) ;
#5107 = LINE ( 'NONE', #13507, #10096 ) ;
#5108 = EDGE_CURVE ( 'NONE', #1807, #10142, #10912, .T. ) ;
#5109 = DIRECTION ( 'NONE',  ( -0.000000000000000000, 1.000000000000000000, -0.000000000000000000 ) ) ;
#5110 = FACE_OUTER_BOUND ( 'NONE', #472, .T. ) ;
#5111 = CIRCLE ( 'NONE', #6863, 0.3999999999999996336 ) ;
#5112 = VECTOR ( 'NONE', #2253, 1000.000000000000114 ) ;
#5113 = FACE_OUTER_BOUND ( 'NONE', #5381, .T. ) ;
#5114 = LINE ( 'NONE', #8008, #12521 ) ;
#5115 = CARTESIAN_POINT ( 'NONE',  ( -0.5500000000000005995, 0.2530000000000000027, 3.294999999999999929 ) ) ;
#5116 = EDGE_CURVE ( 'NONE', #290, #2264, #4975, .T. ) ;
#5117 = MECHANICAL_DESIGN_GEOMETRIC_PRESENTATION_REPRESENTATION (  '', ( #6652 ), #11300 ) ;
#5118 = ADVANCED_FACE ( 'NONE', ( #6148 ), #6214, .F. ) ;
#5119 = CARTESIAN_POINT ( 'NONE',  ( -1.707500000000000684, 0.06250000000000000000, -8.390000000000000568 ) ) ;
#5120 = EDGE_LOOP ( 'NONE', ( #5274, #1578, #7012, #6994 ) ) ;
#5121 = LINE ( 'NONE', #3939, #13631 ) ;
#5122 = VECTOR ( 'NONE', #1205, 1000.000000000000000 ) ;
#5123 = CARTESIAN_POINT ( 'NONE',  ( -0.9750000000000026423, 0.06250000000000000000, -2.626328243909004028E-16 ) ) ;
#5124 = DIRECTION ( 'NONE',  ( 0.000000000000000000, -0.000000000000000000, 1.000000000000000000 ) ) ;
#5125 = EDGE_CURVE ( 'NONE', #7213, #1407, #3028, .T. ) ;
#5126 = CARTESIAN_POINT ( 'NONE',  ( -2.200000000000000622, 0.2530000000000000027, 10.00000000000000000 ) ) ;
#5127 = DIRECTION ( 'NONE',  ( -0.000000000000000000, 1.000000000000000000, -0.000000000000000000 ) ) ;
#5128 = ORIENTED_EDGE ( 'NONE', *, *, #245, .F. ) ;
#5129 = ORIENTED_EDGE ( 'NONE', *, *, #1989, .T. ) ;
#5130 = ORIENTED_EDGE ( 'NONE', *, *, #9069, .F. ) ;
#5131 = VECTOR ( 'NONE', #12639, 1000.000000000000000 ) ;
#5132 = MANIFOLD_SOLID_BREP ( 'Boss-Extrude9[2]', #12797 ) ;
#5133 = DIRECTION ( 'NONE',  ( -2.693669993752817464E-16, 0.000000000000000000, -1.000000000000000000 ) ) ;
#5134 = EDGE_CURVE ( 'NONE', #12557, #6966, #9244, .T. ) ;
#5135 = CARTESIAN_POINT ( 'NONE',  ( -1.100000000000000311, 0.06250000000000000000, 0.000000000000000000 ) ) ;
#5136 = ORIENTED_EDGE ( 'NONE', *, *, #2668, .T. ) ;
#5137 = EDGE_CURVE ( 'NONE', #804, #4116, #4004, .T. ) ;
#5138 = DIRECTION ( 'NONE',  ( 0.7071067811865465735, 0.000000000000000000, -0.7071067811865485719 ) ) ;
#5139 = LINE ( 'NONE', #3816, #13440 ) ;
#5140 = EDGE_CURVE ( 'NONE', #8674, #9660, #847, .T. ) ;
#5141 = CARTESIAN_POINT ( 'NONE',  ( -1.350000000000000977, 0.06250000000000000000, -3.403000000000000025 ) ) ;
#5142 =( GEOMETRIC_REPRESENTATION_CONTEXT ( 3 ) GLOBAL_UNCERTAINTY_ASSIGNED_CONTEXT ( ( #10340 ) ) GLOBAL_UNIT_ASSIGNED_CONTEXT ( ( #10048, #546, #756 ) ) REPRESENTATION_CONTEXT ( 'NONE', 'WORKASPACE' ) );
#5143 = ORIENTED_EDGE ( 'NONE', *, *, #979, .F. ) ;
#5144 = ORIENTED_EDGE ( 'NONE', *, *, #11916, .T. ) ;
#5145 = PLANE ( 'NONE',  #10172 ) ;
#5146 = LINE ( 'NONE', #11400, #3530 ) ;
#5147 = ORIENTED_EDGE ( 'NONE', *, *, #3654, .F. ) ;
#5148 = CARTESIAN_POINT ( 'NONE',  ( -0.3749999999999994449, 0.06250000000000000000, -9.875000000000000000 ) ) ;
#5149 = DIRECTION ( 'NONE',  ( -1.000000000000000000, 0.000000000000000000, -0.000000000000000000 ) ) ;
#5150 = PLANE ( 'NONE',  #3245 ) ;
#5151 = CARTESIAN_POINT ( 'NONE',  ( 1.429999999999998828, 0.4780000000000000360, 2.494999999999999662 ) ) ;
#5152 = CARTESIAN_POINT ( 'NONE',  ( -0.2249999999999992839, 0.06250000000000000000, -9.070000000000003837 ) ) ;
#5153 = EDGE_CURVE ( 'NONE', #5396, #675, #10268, .T. ) ;
#5154 = LINE ( 'NONE', #4251, #9294 ) ;
#5155 = VERTEX_POINT ( 'NONE', #13512 ) ;
#5156 =( LENGTH_UNIT ( ) NAMED_UNIT ( * ) SI_UNIT ( .MILLI., .METRE. ) );
#5157 = DIRECTION ( 'NONE',  ( 1.000000000000000000, 0.000000000000000000, 0.000000000000000000 ) ) ;
#5158 = ORIENTED_EDGE ( 'NONE', *, *, #12190, .T. ) ;
#5159 = LINE ( 'NONE', #10325, #4648 ) ;
#5160 = DIRECTION ( 'NONE',  ( -0.000000000000000000, -1.000000000000000000, -0.000000000000000000 ) ) ;
#5161 = EDGE_LOOP ( 'NONE', ( #2750, #8670, #12484, #6284 ) ) ;
#5162 = ORIENTED_EDGE ( 'NONE', *, *, #7709, .F. ) ;
#5163 = DIRECTION ( 'NONE',  ( -0.7071067811865321406, 0.000000000000000000, -0.7071067811865627828 ) ) ;
#5164 = LINE ( 'NONE', #11430, #4157 ) ;
#5165 = CARTESIAN_POINT ( 'NONE',  ( 0.3750000000000009992, 0.06250000000000000000, -9.875000000000000000 ) ) ;
#5166 = PLANE ( 'NONE',  #9645 ) ;
#5167 = ORIENTED_EDGE ( 'NONE', *, *, #97, .F. ) ;
#5168 = ORIENTED_EDGE ( 'NONE', *, *, #9141, .F. ) ;
#5169 = CYLINDRICAL_SURFACE ( 'NONE', #12079, 0.2000000000000005107 ) ;
#5170 = CARTESIAN_POINT ( 'NONE',  ( -2.750000000000000888, 0.4780000000000000360, -8.699999999999997513 ) ) ;
#5171 = VERTEX_POINT ( 'NONE', #2009 ) ;
#5172 = LINE ( 'NONE', #10, #8178 ) ;
#5173 = CARTESIAN_POINT ( 'NONE',  ( 0.000000000000000000, 0.06250000000000000000, -7.653000000000000469 ) ) ;
#5174 = ADVANCED_FACE ( 'NONE', ( #11449 ), #12413, .F. ) ;
#5175 = CARTESIAN_POINT ( 'NONE',  ( 0.000000000000000000, 0.1125000000000000028, 0.000000000000000000 ) ) ;
#5176 = FACE_OUTER_BOUND ( 'NONE', #8352, .T. ) ;
#5177 = LINE ( 'NONE', #784, #10977 ) ;
#5178 = CARTESIAN_POINT ( 'NONE',  ( 1.249999999999999334, 0.1125000000000000028, -8.424999999999997158 ) ) ;
#5179 = PLANE ( 'NONE',  #5867 ) ;
#5180 = ORIENTED_EDGE ( 'NONE', *, *, #3788, .T. ) ;
#5181 = DIRECTION ( 'NONE',  ( 0.7071067811865530128, 0.7071067811865421326, -0.000000000000000000 ) ) ;
#5182 = LINE ( 'NONE', #12479, #4682 ) ;
#5183 = DIRECTION ( 'NONE',  ( -2.891205793294662451E-15, 0.000000000000000000, -1.000000000000000000 ) ) ;
#5184 = VECTOR ( 'NONE', #455, 1000.000000000000000 ) ;
#5185 = FILL_AREA_STYLE ('',( #6084 ) ) ;
#5186 = DIRECTION ( 'NONE',  ( -0.000000000000000000, 1.000000000000000000, -0.000000000000000000 ) ) ;
#5187 = ORIENTED_EDGE ( 'NONE', *, *, #1652, .F. ) ;
#5188 = VERTEX_POINT ( 'NONE', #9446 ) ;
#5189 = ORIENTED_EDGE ( 'NONE', *, *, #12594, .F. ) ;
#5190 = EDGE_CURVE ( 'NONE', #12407, #3133, #4213, .T. ) ;
#5191 = ADVANCED_FACE ( 'NONE', ( #5176 ), #8420, .F. ) ;
#5192 = LINE ( 'NONE', #3185, #10629 ) ;
#5193 = EDGE_CURVE ( 'NONE', #8265, #1683, #12676, .T. ) ;
#5194 = VECTOR ( 'NONE', #922, 1000.000000000000000 ) ;
#5195 = FACE_OUTER_BOUND ( 'NONE', #3753, .T. ) ;
#5196 = ORIENTED_EDGE ( 'NONE', *, *, #12471, .F. ) ;
#5197 = FACE_OUTER_BOUND ( 'NONE', #1612, .T. ) ;
#5198 = SURFACE_SIDE_STYLE ('',( #11393 ) ) ;
#5199 = CARTESIAN_POINT ( 'NONE',  ( 0.000000000000000000, 0.1125000000000000028, 0.000000000000000000 ) ) ;
#5200 = LINE ( 'NONE', #1000, #11281 ) ;
#5201 = VERTEX_POINT ( 'NONE', #353 ) ;
#5202 = ORIENTED_EDGE ( 'NONE', *, *, #8664, .T. ) ;
#5203 = CARTESIAN_POINT ( 'NONE',  ( 0.000000000000000000, 0.06250000000000000000, -7.653000000000000469 ) ) ;
#5204 = VECTOR ( 'NONE', #817, 1000.000000000000000 ) ;
#5205 = CARTESIAN_POINT ( 'NONE',  ( 0.2250000000000008105, 0.1125000000000000028, -9.070000000000003837 ) ) ;
#5206 = EDGE_LOOP ( 'NONE', ( #11423, #2528, #1307, #3951 ) ) ;
#5207 = EDGE_CURVE ( 'NONE', #1022, #6739, #9720, .T. ) ;
#5208 = EDGE_CURVE ( 'NONE', #201, #2439, #12955, .T. ) ;
#5209 =( GEOMETRIC_REPRESENTATION_CONTEXT ( 3 ) GLOBAL_UNCERTAINTY_ASSIGNED_CONTEXT ( ( #13089 ) ) GLOBAL_UNIT_ASSIGNED_CONTEXT ( ( #4750, #7921, #10474 ) ) REPRESENTATION_CONTEXT ( 'NONE', 'WORKASPACE' ) );
#5210 = EDGE_CURVE ( 'NONE', #13007, #12635, #1110, .T. ) ;
#5211 = SURFACE_SIDE_STYLE ('',( #8302 ) ) ;
#5212 = CARTESIAN_POINT ( 'NONE',  ( 3.341250000000079545, 0.06250000000000000000, -3.341250000000389964 ) ) ;
#5213 = CARTESIAN_POINT ( 'NONE',  ( -0.8019999999999982698, 2.979999999999999982, 9.054631419979587648 ) ) ;
#5214 = DIRECTION ( 'NONE',  ( 0.000000000000000000, 0.000000000000000000, -1.000000000000000000 ) ) ;
#5215 = LINE ( 'NONE', #6050, #3432 ) ;
#5216 = CARTESIAN_POINT ( 'NONE',  ( 1.867500000000004823, 0.1125000000000000028, -9.875000000000000000 ) ) ;
#5217 = ORIENTED_EDGE ( 'NONE', *, *, #11933, .F. ) ;
#5218 = LINE ( 'NONE', #9412, #648 ) ;
#5219 = ORIENTED_EDGE ( 'NONE', *, *, #526, .F. ) ;
#5220 = CARTESIAN_POINT ( 'NONE',  ( 0.6750000000000015987, 0.06250000000000000000, -9.875000000000000000 ) ) ;
#5221 = PLANE ( 'NONE',  #12981 ) ;
#5222 = VERTEX_POINT ( 'NONE', #10750 ) ;
#5223 = ORIENTED_EDGE ( 'NONE', *, *, #7648, .T. ) ;
#5224 = ORIENTED_EDGE ( 'NONE', *, *, #13541, .F. ) ;
#5225 = EDGE_CURVE ( 'NONE', #7282, #6698, #4543, .T. ) ;
#5226 = EDGE_CURVE ( 'NONE', #1839, #7017, #4339, .T. ) ;
#5227 = FACE_OUTER_BOUND ( 'NONE', #7759, .T. ) ;
#5228 = CARTESIAN_POINT ( 'NONE',  ( -1.942500000000000560, 0.06250000000000000000, 0.000000000000000000 ) ) ;
#5229 = LINE ( 'NONE', #9428, #4995 ) ;
#5230 = UNCERTAINTY_MEASURE_WITH_UNIT (LENGTH_MEASURE( 1.000000000000000082E-05 ), #10856, 'distance_accuracy_value', 'NONE');
#5231 = ORIENTED_EDGE ( 'NONE', *, *, #3670, .F. ) ;
#5232 = MECHANICAL_DESIGN_GEOMETRIC_PRESENTATION_REPRESENTATION (  '', ( #10298 ), #10518 ) ;
#5233 = ORIENTED_EDGE ( 'NONE', *, *, #11779, .F. ) ;
#5234 = DIRECTION ( 'NONE',  ( 0.7071067811865365815, 0.000000000000000000, 0.7071067811865584529 ) ) ;
#5235 = CARTESIAN_POINT ( 'NONE',  ( 0.7499999999999983347, 0.1125000000000000028, -9.724999999999999645 ) ) ;
#5236 = ORIENTED_EDGE ( 'NONE', *, *, #5733, .F. ) ;
#5237 = DIRECTION ( 'NONE',  ( 0.000000000000000000, -1.000000000000000000, 0.000000000000000000 ) ) ;
#5238 = DIRECTION ( 'NONE',  ( -0.000000000000000000, -1.000000000000000000, -0.000000000000000000 ) ) ;
#5239 = MANIFOLD_SOLID_BREP ( 'Boss-Extrude9[12]', #11259 ) ;
#5240 = VERTEX_POINT ( 'NONE', #3233 ) ;
#5241 = AXIS2_PLACEMENT_3D ( 'NONE', #9081, #12235, #2933 ) ;
#5242 = VECTOR ( 'NONE', #4075, 1000.000000000000000 ) ;
#5243 = LINE ( 'NONE', #1243, #8330 ) ;
#5244 = FACE_OUTER_BOUND ( 'NONE', #4464, .T. ) ;
#5245 = PRESENTATION_LAYER_ASSIGNMENT (  '', '', ( #9211 ) ) ;
#5246 = FACE_OUTER_BOUND ( 'NONE', #1121, .T. ) ;
#5247 = VERTEX_POINT ( 'NONE', #5598 ) ;
#5248 = LINE ( 'NONE', #1942, #4169 ) ;
#5249 = CARTESIAN_POINT ( 'NONE',  ( -2.750000000000000888, 0.1125000000000000028, -8.699999999999997513 ) ) ;
#5250 = CARTESIAN_POINT ( 'NONE',  ( -1.585000000000001075, 0.06250000000000000000, -8.389999999999998792 ) ) ;
#5251 = CARTESIAN_POINT ( 'NONE',  ( -1.380000000000000115, 0.06250000000000000000, 0.000000000000000000 ) ) ;
#5252 = VECTOR ( 'NONE', #709, 1000.000000000000000 ) ;
#5253 = DIRECTION ( 'NONE',  ( 1.000000000000000000, 0.000000000000000000, 0.000000000000000000 ) ) ;
#5254 = AXIS2_PLACEMENT_3D ( 'NONE', #1477, #1416, #2508 ) ;
#5255 = ORIENTED_EDGE ( 'NONE', *, *, #4509, .T. ) ;
#5256 = AXIS2_PLACEMENT_3D ( 'NONE', #9100, #7094, #1863 ) ;
#5257 = ORIENTED_EDGE ( 'NONE', *, *, #11106, .F. ) ;
#5258 = ORIENTED_EDGE ( 'NONE', *, *, #13208, .F. ) ;
#5259 = MANIFOLD_SOLID_BREP ( 'Boss-Extrude9[13]', #13245 ) ;
#5260 = LINE ( 'NONE', #1259, #9084 ) ;
#5261 = AXIS2_PLACEMENT_3D ( 'NONE', #11083, #410, #1646 ) ;
#5262 = AXIS2_PLACEMENT_3D ( 'NONE', #6974, #5815, #1676 ) ;
#5263 = AXIS2_PLACEMENT_3D ( 'NONE', #6247, #8303, #10393 ) ;
#5264 = CARTESIAN_POINT ( 'NONE',  ( 4.937499999999999112, 0.06250000000000000000, -4.937499999999984901 ) ) ;
#5265 = ORIENTED_EDGE ( 'NONE', *, *, #12113, .F. ) ;
#5266 = CARTESIAN_POINT ( 'NONE',  ( -0.5019999999999983364, 2.080000000000000071, 6.609999999999999432 ) ) ;
#5267 = VECTOR ( 'NONE', #440, 1000.000000000000000 ) ;
#5268 = CARTESIAN_POINT ( 'NONE',  ( 0.000000000000000000, 0.1125000000000000028, 0.000000000000000000 ) ) ;
#5269 = CARTESIAN_POINT ( 'NONE',  ( 3.887500000000004174, 0.1125000000000000028, -3.887500000000029043 ) ) ;
#5270 = EDGE_CURVE ( 'NONE', #5347, #4792, #3309, .T. ) ;
#5271 = DIRECTION ( 'NONE',  ( 1.000000000000000000, 0.000000000000000000, 0.000000000000000000 ) ) ;
#5272 = EDGE_CURVE ( 'NONE', #12381, #5188, #226, .T. ) ;
#5273 = ORIENTED_EDGE ( 'NONE', *, *, #932, .T. ) ;
#5274 = ORIENTED_EDGE ( 'NONE', *, *, #13353, .F. ) ;
#5275 = EDGE_CURVE ( 'NONE', #3192, #6241, #5798, .T. ) ;
#5276 = FACE_OUTER_BOUND ( 'NONE', #7815, .T. ) ;
#5277 = VECTOR ( 'NONE', #2546, 1000.000000000000000 ) ;
#5278 = CARTESIAN_POINT ( 'NONE',  ( -1.350000000000000533, 0.2530000000000000027, 3.294999999999999041 ) ) ;
#5279 = VECTOR ( 'NONE', #4141, 1000.000000000000000 ) ;
#5280 = ORIENTED_EDGE ( 'NONE', *, *, #7644, .F. ) ;
#5281 = FACE_OUTER_BOUND ( 'NONE', #11252, .T. ) ;
#5282 = CARTESIAN_POINT ( 'NONE',  ( -2.150000000000000799, 0.4780000000000000360, -6.987373870972730217 ) ) ;
#5283 = DIRECTION ( 'NONE',  ( 0.000000000000000000, 0.000000000000000000, -1.000000000000000000 ) ) ;
#5284 = VECTOR ( 'NONE', #12040, 1000.000000000000000 ) ;
#5285 = LINE ( 'NONE', #12387, #3808 ) ;
#5286 = VECTOR ( 'NONE', #1232, 1000.000000000000000 ) ;
#5287 = LINE ( 'NONE', #4309, #814 ) ;
#5288 = EDGE_CURVE ( 'NONE', #7965, #2780, #5858, .T. ) ;
#5289 = LINE ( 'NONE', #11610, #11270 ) ;
#5290 = EDGE_CURVE ( 'NONE', #2285, #10963, #13131, .T. ) ;
#5291 = EDGE_LOOP ( 'NONE', ( #9539, #12975, #8596, #12485 ) ) ;
#5292 =( NAMED_UNIT ( * ) SI_UNIT ( $, .STERADIAN. ) SOLID_ANGLE_UNIT ( ) );
#5293 = DIRECTION ( 'NONE',  ( -2.693669993752817464E-16, 0.000000000000000000, -1.000000000000000000 ) ) ;
#5294 = ORIENTED_EDGE ( 'NONE', *, *, #6286, .F. ) ;
#5295 = EDGE_CURVE ( 'NONE', #5240, #4707, #10885, .T. ) ;
#5296 = EDGE_CURVE ( 'NONE', #8294, #1021, #3781, .T. ) ;
#5297 = LINE ( 'NONE', #58, #3114 ) ;
#5298 = LINE ( 'NONE', #2116, #8597 ) ;
#5299 = ORIENTED_EDGE ( 'NONE', *, *, #7357, .F. ) ;
#5300 = VERTEX_POINT ( 'NONE', #3576 ) ;
#5301 = VECTOR ( 'NONE', #5160, 1000.000000000000000 ) ;
#5302 = ORIENTED_EDGE ( 'NONE', *, *, #11503, .F. ) ;
#5303 = LINE ( 'NONE', #3086, #3047 ) ;
#5304 = CARTESIAN_POINT ( 'NONE',  ( 0.000000000000000000, 0.4780000000000000360, 0.000000000000000000 ) ) ;
#5305 = EDGE_LOOP ( 'NONE', ( #11982, #5147, #10438, #11936 ) ) ;
#5306 = AXIS2_PLACEMENT_3D ( 'NONE', #5199, #12372, #10303 ) ;
#5307 = EDGE_CURVE ( 'NONE', #3901, #13418, #7992, .T. ) ;
#5308 = VERTEX_POINT ( 'NONE', #11980 ) ;
#5309 = EDGE_CURVE ( 'NONE', #5308, #1436, #9999, .T. ) ;
#5310 = LINE ( 'NONE', #3299, #5286 ) ;
#5311 = AXIS2_PLACEMENT_3D ( 'NONE', #7447, #11651, #7719 ) ;
#5312 = DIRECTION ( 'NONE',  ( -0.000000000000000000, 0.000000000000000000, -1.000000000000000000 ) ) ;
#5313 = ORIENTED_EDGE ( 'NONE', *, *, #660, .T. ) ;
#5314 = EDGE_CURVE ( 'NONE', #4118, #10130, #8890, .T. ) ;
#5315 = CARTESIAN_POINT ( 'NONE',  ( -1.350000000000000533, 0.000000000000000000, -5.213000000000000078 ) ) ;
#5316 = PLANE ( 'NONE',  #3741 ) ;
#5317 = MANIFOLD_SOLID_BREP ( 'Boss-Extrude9[25]', #5982 ) ;
#5318 = VERTEX_POINT ( 'NONE', #9101 ) ;
#5319 = DIRECTION ( 'NONE',  ( 1.000000000000000000, 0.000000000000000000, 0.000000000000000000 ) ) ;
#5320 = AXIS2_PLACEMENT_3D ( 'NONE', #841, #13438, #8206 ) ;
#5321 = DIRECTION ( 'NONE',  ( 1.084202172485505815E-15, 0.000000000000000000, 1.000000000000000000 ) ) ;
#5322 = DIRECTION ( 'NONE',  ( 1.000000000000000000, 0.000000000000000000, 0.000000000000000000 ) ) ;
#5323 = DIRECTION ( 'NONE',  ( -0.000000000000000000, 1.000000000000000000, -0.000000000000000000 ) ) ;
#5324 = CARTESIAN_POINT ( 'NONE',  ( 0.9750000000000014211, 0.06250000000000000000, -9.875000000000000000 ) ) ;
#5325 = ORIENTED_EDGE ( 'NONE', *, *, #5617, .T. ) ;
#5326 = CARTESIAN_POINT ( 'NONE',  ( 0.9943145750507611513, 1.289999999999999813, 6.299999999999999822 ) ) ;
#5327 = PLANE ( 'NONE',  #7009 ) ;
#5328 = LINE ( 'NONE', #91, #7211 ) ;
#5329 = EDGE_CURVE ( 'NONE', #2517, #3965, #3846, .T. ) ;
#5330 = CLOSED_SHELL ( 'NONE', ( #5023, #6909, #3671, #2334, #644, #11024, #11432, #13100, #3766, #9907, #10592, #1824, #5393, #11569, #11030, #11624, #10116, #11940, #5039, #3084, #11487, #1431, #3319, #8813, #10429, #12087, #4531, #9193 ) ) ;
#5331 = CARTESIAN_POINT ( 'NONE',  ( 2.199999999999999734, 0.4780000000000000360, -6.460000000000002629 ) ) ;
#5332 = VECTOR ( 'NONE', #7689, 1000.000000000000000 ) ;
#5333 = ORIENTED_EDGE ( 'NONE', *, *, #8730, .F. ) ;
#5334 = VERTEX_POINT ( 'NONE', #8051 ) ;
#5335 = VERTEX_POINT ( 'NONE', #12253 ) ;
#5336 = MANIFOLD_SOLID_BREP ( 'Boss-Extrude3[4]', #11688 ) ;
#5337 = DIRECTION ( 'NONE',  ( 1.000000000000000000, 0.000000000000000000, 0.000000000000000000 ) ) ;
#5338 = PRESENTATION_LAYER_ASSIGNMENT (  '', '', ( #3120 ) ) ;
#5339 = VECTOR ( 'NONE', #1978, 1000.000000000000000 ) ;
#5340 = AXIS2_PLACEMENT_3D ( 'NONE', #13311, #10359, #8069 ) ;
#5341 = LINE ( 'NONE', #2287, #7167 ) ;
#5342 = ORIENTED_EDGE ( 'NONE', *, *, #7435, .F. ) ;
#5343 = DIRECTION ( 'NONE',  ( 0.7071067811865365815, 0.000000000000000000, -0.7071067811865584529 ) ) ;
#5344 = DIRECTION ( 'NONE',  ( 0.000000000000000000, 0.000000000000000000, 1.000000000000000000 ) ) ;
#5345 = CARTESIAN_POINT ( 'NONE',  ( 0.000000000000000000, 0.4780000000000000360, 0.000000000000000000 ) ) ;
#5346 = CARTESIAN_POINT ( 'NONE',  ( 2.149999999999999911, 0.000000000000000000, -8.325000000000001066 ) ) ;
#5347 = VERTEX_POINT ( 'NONE', #10338 ) ;
#5348 = ORIENTED_EDGE ( 'NONE', *, *, #11255, .T. ) ;
#5349 = PRESENTATION_LAYER_ASSIGNMENT (  '', '', ( #9080 ) ) ;
#5350 = DIRECTION ( 'NONE',  ( 1.000000000000000000, 0.000000000000000000, 0.000000000000000000 ) ) ;
#5351 = VECTOR ( 'NONE', #803, 1000.000000000000000 ) ;
#5352 = LINE ( 'NONE', #6449, #3673 ) ;
#5353 = VECTOR ( 'NONE', #9263, 1000.000000000000000 ) ;
#5354 = ORIENTED_EDGE ( 'NONE', *, *, #13613, .F. ) ;
#5355 = CARTESIAN_POINT ( 'NONE',  ( -1.350000000000000977, 0.06250000000000000000, -3.403000000000000025 ) ) ;
#5356 = EDGE_CURVE ( 'NONE', #9292, #11799, #496, .T. ) ;
#5357 = FACE_OUTER_BOUND ( 'NONE', #7802, .T. ) ;
#5358 = PLANE ( 'NONE',  #5420 ) ;
#5359 = AXIS2_PLACEMENT_3D ( 'NONE', #8451, #7138, #5360 ) ;
#5360 = DIRECTION ( 'NONE',  ( 0.000000000000000000, 0.000000000000000000, -1.000000000000000000 ) ) ;
#5361 = CARTESIAN_POINT ( 'NONE',  ( 3.341250000000079545, 0.1125000000000000028, -3.341250000000389964 ) ) ;
#5362 = DIRECTION ( 'NONE',  ( 0.000000000000000000, 0.000000000000000000, 1.000000000000000000 ) ) ;
#5363 = EDGE_LOOP ( 'NONE', ( #9385, #1792, #3005, #852 ) ) ;
#5364 = CARTESIAN_POINT ( 'NONE',  ( 1.829999999999999183, 0.2530000000000000027, 1.695000000000000062 ) ) ;
#5365 = CARTESIAN_POINT ( 'NONE',  ( -0.1500000000000061562, 0.1125000000000000028, -1.626303258728323951E-16 ) ) ;
#5366 = ORIENTED_EDGE ( 'NONE', *, *, #5375, .F. ) ;
#5367 = CARTESIAN_POINT ( 'NONE',  ( 4.041249999999997122, 0.06250000000000000000, -4.041249999999985576 ) ) ;
#5368 = DIRECTION ( 'NONE',  ( 0.7071067811865584529, 0.000000000000000000, -0.7071067811865365815 ) ) ;
#5369 = ORIENTED_EDGE ( 'NONE', *, *, #12028, .F. ) ;
#5370 = ORIENTED_EDGE ( 'NONE', *, *, #5884, .T. ) ;
#5371 = ORIENTED_EDGE ( 'NONE', *, *, #12856, .T. ) ;
#5372 = MECHANICAL_DESIGN_GEOMETRIC_PRESENTATION_REPRESENTATION (  '', ( #3120 ), #7116 ) ;
#5373 = VERTEX_POINT ( 'NONE', #7154 ) ;
#5374 = EDGE_CURVE ( 'NONE', #8733, #6968, #834, .T. ) ;
#5375 = EDGE_CURVE ( 'NONE', #2576, #13474, #12463, .T. ) ;
#5376 = DIRECTION ( 'NONE',  ( 1.000000000000000000, 0.000000000000000000, -0.000000000000000000 ) ) ;
#5377 = CARTESIAN_POINT ( 'NONE',  ( 2.149999999999999911, 0.2530000000000000027, -6.987373870972730217 ) ) ;
#5378 = EDGE_CURVE ( 'NONE', #10496, #8371, #5229, .T. ) ;
#5379 = CARTESIAN_POINT ( 'NONE',  ( 1.750000000000000666, 0.06250000000000000000, 0.000000000000000000 ) ) ;
#5380 = ORIENTED_EDGE ( 'NONE', *, *, #3270, .T. ) ;
#5381 = EDGE_LOOP ( 'NONE', ( #4353, #906, #11888, #4969 ) ) ;
#5382 = DIRECTION ( 'NONE',  ( -7.228014483236656126E-16, 0.000000000000000000, -1.000000000000000000 ) ) ;
#5383 = DIRECTION ( 'NONE',  ( -0.000000000000000000, 0.000000000000000000, -1.000000000000000000 ) ) ;
#5384 = ORIENTED_EDGE ( 'NONE', *, *, #3768, .T. ) ;
#5385 = FACE_OUTER_BOUND ( 'NONE', #12272, .T. ) ;
#5386 = DIRECTION ( 'NONE',  ( 0.000000000000000000, 0.000000000000000000, -1.000000000000000000 ) ) ;
#5387 = MANIFOLD_SOLID_BREP ( 'Boss-Extrude9[7]', #2882 ) ;
#5388 = ORIENTED_EDGE ( 'NONE', *, *, #10670, .F. ) ;
#5389 = PLANE ( 'NONE',  #8306 ) ;
#5390 = EDGE_CURVE ( 'NONE', #7845, #7337, #2059, .T. ) ;
#5391 = ADVANCED_FACE ( 'NONE', ( #4964 ), #7290, .F. ) ;
#5392 = PLANE ( 'NONE',  #9877 ) ;
#5393 = ADVANCED_FACE ( 'NONE', ( #11498 ), #7024, .F. ) ;
#5394 =( NAMED_UNIT ( * ) PLANE_ANGLE_UNIT ( ) SI_UNIT ( $, .RADIAN. ) );
#5395 = CARTESIAN_POINT ( 'NONE',  ( 0.000000000000000000, 0.06250000000000000000, -7.653000000000000469 ) ) ;
#5396 = VERTEX_POINT ( 'NONE', #11433 ) ;
#5397 = DIRECTION ( 'NONE',  ( -0.000000000000000000, 1.000000000000000000, -0.000000000000000000 ) ) ;
#5398 = DIRECTION ( 'NONE',  ( 0.7071067811865356934, 0.000000000000000000, -0.7071067811865594521 ) ) ;
#5399 = CARTESIAN_POINT ( 'NONE',  ( -0.3749999999999994449, 0.06250000000000000000, -9.875000000000000000 ) ) ;
#5400 = DIRECTION ( 'NONE',  ( -0.000000000000000000, -1.000000000000000000, -0.000000000000000000 ) ) ;
#5401 = DIRECTION ( 'NONE',  ( -0.000000000000000000, 1.000000000000000000, -0.000000000000000000 ) ) ;
#5402 = ORIENTED_EDGE ( 'NONE', *, *, #11533, .F. ) ;
#5403 = ORIENTED_EDGE ( 'NONE', *, *, #3066, .F. ) ;
#5404 = ORIENTED_EDGE ( 'NONE', *, *, #10905, .F. ) ;
#5405 = EDGE_CURVE ( 'NONE', #12090, #531, #9163, .T. ) ;
#5406 = MANIFOLD_SOLID_BREP ( 'Boss-Extrude3[2]', #5330 ) ;
#5407 = DIRECTION ( 'NONE',  ( -0.000000000000000000, 1.000000000000000000, -0.000000000000000000 ) ) ;
#5408 = ADVANCED_FACE ( 'NONE', ( #1298 ), #8261, .F. ) ;
#5409 = CARTESIAN_POINT ( 'NONE',  ( -0.9850000000000023181, 0.06250000000000000000, -8.389999999999998792 ) ) ;
#5410 = ORIENTED_EDGE ( 'NONE', *, *, #9106, .T. ) ;
#5411 = CARTESIAN_POINT ( 'NONE',  ( 0.000000000000000000, 0.06250000000000000000, -7.653000000000000469 ) ) ;
#5412 = LINE ( 'NONE', #7667, #7100 ) ;
#5413 = CARTESIAN_POINT ( 'NONE',  ( 0.04999999999999839295, 0.06250000000000000000, 0.000000000000000000 ) ) ;
#5414 = CARTESIAN_POINT ( 'NONE',  ( -4.302499999999993996, 0.06250000000000000000, -4.302500000000127223 ) ) ;
#5415 = ORIENTED_EDGE ( 'NONE', *, *, #8256, .T. ) ;
#5416 = VERTEX_POINT ( 'NONE', #10808 ) ;
#5417 = PLANE ( 'NONE',  #281 ) ;
#5418 = CARTESIAN_POINT ( 'NONE',  ( -1.575000000000000400, 0.06250000000000000000, -9.875000000000000000 ) ) ;
#5419 = ORIENTED_EDGE ( 'NONE', *, *, #13393, .T. ) ;
#5420 = AXIS2_PLACEMENT_3D ( 'NONE', #12786, #9545, #113 ) ;
#5421 = CARTESIAN_POINT ( 'NONE',  ( -2.150000000000000799, 0.2530000000000000027, -8.125000000000000000 ) ) ;
#5422 = LINE ( 'NONE', #6514, #6987 ) ;
#5423 = CARTESIAN_POINT ( 'NONE',  ( 1.150000000000004352, 0.06250000000000000000, -8.424999999999997158 ) ) ;
#5424 = LINE ( 'NONE', #11951, #7010 ) ;
#5425 = CARTESIAN_POINT ( 'NONE',  ( 0.000000000000000000, 0.1125000000000000028, -2.403000000000000025 ) ) ;
#5426 = CARTESIAN_POINT ( 'NONE',  ( 1.500000000000000666, 0.06250000000000000000, -2.403000000000000025 ) ) ;
#5427 = DIRECTION ( 'NONE',  ( 0.7071067811865497932, 0.000000000000000000, -0.7071067811865452413 ) ) ;
#5428 = VECTOR ( 'NONE', #9464, 1000.000000000000000 ) ;
#5429 = ORIENTED_EDGE ( 'NONE', *, *, #2229, .F. ) ;
#5430 = CARTESIAN_POINT ( 'NONE',  ( 0.8499999999999995337, 0.4780000000000000360, 3.174999999999999822 ) ) ;
#5431 = LINE ( 'NONE', #4184, #12078 ) ;
#5432 = ORIENTED_EDGE ( 'NONE', *, *, #65, .T. ) ;
#5433 = CARTESIAN_POINT ( 'NONE',  ( 1.717500000000005134, 0.06250000000000000000, -9.799999999999998934 ) ) ;
#5434 = DIRECTION ( 'NONE',  ( 0.7071067811865358044, 0.000000000000000000, -0.7071067811865593411 ) ) ;
#5435 = ORIENTED_EDGE ( 'NONE', *, *, #9069, .T. ) ;
#5436 = ORIENTED_EDGE ( 'NONE', *, *, #13510, .T. ) ;
#5437 = PRESENTATION_LAYER_ASSIGNMENT (  '', '', ( #6114 ) ) ;
#5438 = VERTEX_POINT ( 'NONE', #5522 ) ;
#5439 = VECTOR ( 'NONE', #11245, 1000.000000000000000 ) ;
#5440 = CARTESIAN_POINT ( 'NONE',  ( 2.574999999999998845, 0.1125000000000000028, -8.325000000000001066 ) ) ;
#5441 = CARTESIAN_POINT ( 'NONE',  ( -0.6849999999999963896, 0.06250000000000000000, -8.389999999999998792 ) ) ;
#5442 = FACE_OUTER_BOUND ( 'NONE', #406, .T. ) ;
#5443 = VECTOR ( 'NONE', #12192, 1000.000000000000000 ) ;
#5444 = EDGE_LOOP ( 'NONE', ( #3850, #6233, #4579, #9257 ) ) ;
#5445 = VERTEX_POINT ( 'NONE', #1368 ) ;
#5446 = PLANE ( 'NONE',  #3282 ) ;
#5447 = EDGE_CURVE ( 'NONE', #1470, #657, #2322, .T. ) ;
#5448 = ORIENTED_EDGE ( 'NONE', *, *, #13299, .F. ) ;
#5449 = EDGE_CURVE ( 'NONE', #3874, #10523, #8533, .T. ) ;
#5450 = DIRECTION ( 'NONE',  ( 0.000000000000000000, 0.000000000000000000, 1.000000000000000000 ) ) ;
#5451 = CARTESIAN_POINT ( 'NONE',  ( -0.000000000000000000, 0.1125000000000000028, -9.875000000000000000 ) ) ;
#5452 = MANIFOLD_SOLID_BREP ( 'Boss-Extrude9[1]', #6419 ) ;
#5453 = ORIENTED_EDGE ( 'NONE', *, *, #8292, .T. ) ;
#5454 = ADVANCED_FACE ( 'NONE', ( #5442 ), #4526, .T. ) ;
#5455 = DIRECTION ( 'NONE',  ( -0.000000000000000000, 1.000000000000000000, -0.000000000000000000 ) ) ;
#5456 = VECTOR ( 'NONE', #5949, 1000.000000000000000 ) ;
#5457 = LINE ( 'NONE', #2274, #10324 ) ;
#5458 = LINE ( 'NONE', #7587, #6368 ) ;
#5459 = CARTESIAN_POINT ( 'NONE',  ( 0.6749999999995447419, 0.1125000000000000028, 3.122502256756129787E-14 ) ) ;
#5460 = VERTEX_POINT ( 'NONE', #12603 ) ;
#5461 = CARTESIAN_POINT ( 'NONE',  ( 0.000000000000000000, 0.1125000000000000028, 0.000000000000000000 ) ) ;
#5462 = LINE ( 'NONE', #10755, #4581 ) ;
#5463 = VECTOR ( 'NONE', #6589, 1000.000000000000000 ) ;
#5464 = EDGE_CURVE ( 'NONE', #13516, #3055, #8466, .T. ) ;
#5465 = ADVANCED_FACE ( 'NONE', ( #131 ), #7503, .T. ) ;
#5466 = CARTESIAN_POINT ( 'NONE',  ( -0.5500000000000020428, 0.06250000000000000000, -9.025000000000000355 ) ) ;
#5467 = CARTESIAN_POINT ( 'NONE',  ( -1.250000000000000222, 0.06250000000000000000, -8.424999999999997158 ) ) ;
#5468 = ORIENTED_EDGE ( 'NONE', *, *, #13598, .F. ) ;
#5469 = EDGE_CURVE ( 'NONE', #8202, #2681, #11625, .T. ) ;
#5470 = EDGE_CURVE ( 'NONE', #237, #9937, #2196, .T. ) ;
#5471 = VECTOR ( 'NONE', #12809, 1000.000000000000000 ) ;
#5472 = ORIENTED_EDGE ( 'NONE', *, *, #7058, .F. ) ;
#5473 = AXIS2_PLACEMENT_3D ( 'NONE', #6223, #2081, #4347 ) ;
#5474 = ORIENTED_EDGE ( 'NONE', *, *, #2132, .F. ) ;
#5475 = MANIFOLD_SOLID_BREP ( 'Boss-Extrude9[6]', #12576 ) ;
#5476 = DIRECTION ( 'NONE',  ( -0.000000000000000000, 1.000000000000000000, -0.000000000000000000 ) ) ;
#5477 = STYLED_ITEM ( 'NONE', ( #9560 ), #4626 ) ;
#5478 = FACE_OUTER_BOUND ( 'NONE', #11354, .T. ) ;
#5479 = CARTESIAN_POINT ( 'NONE',  ( 1.350000000000000089, 0.000000000000000000, -1.542999999999999927 ) ) ;
#5480 = VECTOR ( 'NONE', #12337, 1000.000000000000000 ) ;
#5481 = LINE ( 'NONE', #8635, #1746 ) ;
#5482 = VECTOR ( 'NONE', #2446, 1000.000000000000000 ) ;
#5483 = CARTESIAN_POINT ( 'NONE',  ( -2.150000000000000799, 0.1125000000000000028, -7.653000000000000469 ) ) ;
#5484 = VECTOR ( 'NONE', #1872, 1000.000000000000000 ) ;
#5485 = EDGE_CURVE ( 'NONE', #7737, #9354, #12174, .T. ) ;
#5486 = ORIENTED_EDGE ( 'NONE', *, *, #979, .T. ) ;
#5487 = ADVANCED_FACE ( 'NONE', ( #11698 ), #6677, .F. ) ;
#5488 = ORIENTED_EDGE ( 'NONE', *, *, #11605, .F. ) ;
#5489 = EDGE_CURVE ( 'NONE', #6538, #13057, #10120, .T. ) ;
#5490 = CARTESIAN_POINT ( 'NONE',  ( -2.200000000000000622, 0.2530000000000000027, 6.300000000000001599 ) ) ;
#5491 = ORIENTED_EDGE ( 'NONE', *, *, #8905, .F. ) ;
#5492 = AXIS2_PLACEMENT_3D ( 'NONE', #9022, #4603, #3634 ) ;
#5493 = AXIS2_PLACEMENT_3D ( 'NONE', #11111, #12273, #7797 ) ;
#5494 = LINE ( 'NONE', #6513, #8198 ) ;
#5495 = AXIS2_PLACEMENT_3D ( 'NONE', #1973, #10456, #5149 ) ;
#5496 = CYLINDRICAL_SURFACE ( 'NONE', #3230, 0.3999999999999995226 ) ;
#5497 = VECTOR ( 'NONE', #2073, 1000.000000000000000 ) ;
#5498 = CARTESIAN_POINT ( 'NONE',  ( 2.350000000000000089, 0.4780000000000000360, -8.325000000000001066 ) ) ;
#5499 = MANIFOLD_SOLID_BREP ( 'Boss-Extrude3[6]', #5552 ) ;
#5500 = CARTESIAN_POINT ( 'NONE',  ( -1.020000000000001794, 0.06250000000000000000, -8.424999999999995381 ) ) ;
#5501 = DIRECTION ( 'NONE',  ( 0.000000000000000000, -0.000000000000000000, -1.000000000000000000 ) ) ;
#5502 = DIRECTION ( 'NONE',  ( 1.000000000000000000, 0.000000000000000000, 0.000000000000000000 ) ) ;
#5503 = PLANE ( 'NONE',  #13263 ) ;
#5504 = VERTEX_POINT ( 'NONE', #5779 ) ;
#5505 = VECTOR ( 'NONE', #1326, 1000.000000000000000 ) ;
#5506 = FACE_OUTER_BOUND ( 'NONE', #12477, .T. ) ;
#5507 = AXIS2_PLACEMENT_3D ( 'NONE', #12351, #6155, #8426 ) ;
#5508 = DIRECTION ( 'NONE',  ( 0.000000000000000000, -0.000000000000000000, -1.000000000000000000 ) ) ;
#5509 = VERTEX_POINT ( 'NONE', #11139 ) ;
#5510 = VECTOR ( 'NONE', #8325, 1000.000000000000000 ) ;
#5511 = EDGE_CURVE ( 'NONE', #8644, #9589, #6804, .T. ) ;
#5512 = CARTESIAN_POINT ( 'NONE',  ( -0.2019999999999983475, 2.880000000000000338, 9.054631419979587648 ) ) ;
#5513 = DIRECTION ( 'NONE',  ( 3.614007241618349264E-16, 0.000000000000000000, -1.000000000000000000 ) ) ;
#5514 = ORIENTED_EDGE ( 'NONE', *, *, #2744, .F. ) ;
#5515 = ORIENTED_EDGE ( 'NONE', *, *, #2252, .F. ) ;
#5516 = EDGE_LOOP ( 'NONE', ( #5979, #8935, #7250, #12630 ) ) ;
#5517 = VERTEX_POINT ( 'NONE', #10934 ) ;
#5518 = AXIS2_PLACEMENT_3D ( 'NONE', #10831, #12962, #3243 ) ;
#5519 = CARTESIAN_POINT ( 'NONE',  ( -1.250000000000000222, 0.06250000000000000000, 0.000000000000000000 ) ) ;
#5520 = AXIS2_PLACEMENT_3D ( 'NONE', #3996, #12408, #6136 ) ;
#5521 = CARTESIAN_POINT ( 'NONE',  ( 2.149999999999999911, 0.2530000000000000027, 6.299999999999999822 ) ) ;
#5522 = CARTESIAN_POINT ( 'NONE',  ( 2.350000000000000089, 0.1125000000000000028, -8.325000000000001066 ) ) ;
#5523 = LINE ( 'NONE', #13575, #6962 ) ;
#5524 = ORIENTED_EDGE ( 'NONE', *, *, #1242, .F. ) ;
#5525 = ORIENTED_EDGE ( 'NONE', *, *, #5981, .T. ) ;
#5526 = DIRECTION ( 'NONE',  ( -0.000000000000000000, 1.000000000000000000, -0.000000000000000000 ) ) ;
#5527 = ORIENTED_EDGE ( 'NONE', *, *, #6785, .T. ) ;
#5528 = DIRECTION ( 'NONE',  ( -0.000000000000000000, -1.000000000000000000, -0.000000000000000000 ) ) ;
#5529 = FACE_OUTER_BOUND ( 'NONE', #4391, .T. ) ;
#5530 = ORIENTED_EDGE ( 'NONE', *, *, #11179, .F. ) ;
#5531 = DIRECTION ( 'NONE',  ( 0.7071067811865465735, 0.000000000000000000, -0.7071067811865485719 ) ) ;
#5532 = CARTESIAN_POINT ( 'NONE',  ( 0.9750000000000016431, 0.06250000000000000000, -9.070000000000003837 ) ) ;
#5533 = ADVANCED_FACE ( 'NONE', ( #2463 ), #1434, .F. ) ;
#5534 = AXIS2_PLACEMENT_3D ( 'NONE', #635, #13508, #10346 ) ;
#5535 = DIRECTION ( 'NONE',  ( -0.000000000000000000, -1.000000000000000000, -0.000000000000000000 ) ) ;
#5536 = EDGE_CURVE ( 'NONE', #11504, #5963, #12104, .T. ) ;
#5537 = ORIENTED_EDGE ( 'NONE', *, *, #8337, .F. ) ;
#5538 = LINE ( 'NONE', #4420, #3284 ) ;
#5539 = DIRECTION ( 'NONE',  ( 0.7071067811865497932, 0.000000000000000000, -0.7071067811865452413 ) ) ;
#5540 = LINE ( 'NONE', #9656, #4642 ) ;
#5541 = DIRECTION ( 'NONE',  ( 1.000000000000000000, 0.000000000000000000, 2.891205793294662451E-15 ) ) ;
#5542 = ORIENTED_EDGE ( 'NONE', *, *, #13287, .T. ) ;
#5543 = VECTOR ( 'NONE', #8093, 1000.000000000000000 ) ;
#5544 = AXIS2_PLACEMENT_3D ( 'NONE', #12039, #2532, #6684 ) ;
#5545 = EDGE_LOOP ( 'NONE', ( #12659, #10957, #8981, #10072, #5432 ) ) ;
#5546 = DIRECTION ( 'NONE',  ( -0.000000000000000000, -1.000000000000000000, -0.000000000000000000 ) ) ;
#5547 = EDGE_CURVE ( 'NONE', #608, #7286, #9012, .T. ) ;
#5548 = EDGE_CURVE ( 'NONE', #6846, #7358, #11967, .T. ) ;
#5549 = CARTESIAN_POINT ( 'NONE',  ( -0.8149999999999971712, 0.1125000000000000028, -8.389999999999998792 ) ) ;
#5550 = EDGE_CURVE ( 'NONE', #12051, #10367, #1499, .T. ) ;
#5551 = CARTESIAN_POINT ( 'NONE',  ( -0.7799999999999979172, 0.1125000000000000028, -0.000000000000000000 ) ) ;
#5552 = CLOSED_SHELL ( 'NONE', ( #12889, #13228, #3144, #8749, #6546, #4963 ) ) ;
#5553 = LINE ( 'NONE', #12770, #10321 ) ;
#5554 = AXIS2_PLACEMENT_3D ( 'NONE', #10721, #9552, #3146 ) ;
#5555 = CARTESIAN_POINT ( 'NONE',  ( 0.1799999999999989664, 0.1125000000000000028, -8.424999999999997158 ) ) ;
#5556 = ORIENTED_EDGE ( 'NONE', *, *, #10756, .T. ) ;
#5557 = EDGE_LOOP ( 'NONE', ( #2085, #4512, #950, #3688 ) ) ;
#5558 = FACE_BOUND ( 'NONE', #4258, .T. ) ;
#5559 = ORIENTED_EDGE ( 'NONE', *, *, #9328, .T. ) ;
#5560 = VECTOR ( 'NONE', #3030, 1000.000000000000000 ) ;
#5561 = LINE ( 'NONE', #4304, #3121 ) ;
#5562 = ADVANCED_FACE ( 'NONE', ( #8304 ), #12508, .F. ) ;
#5563 = EDGE_CURVE ( 'NONE', #8886, #7149, #9344, .T. ) ;
#5564 = EDGE_CURVE ( 'NONE', #9758, #3117, #4949, .T. ) ;
#5565 = FACE_OUTER_BOUND ( 'NONE', #3424, .T. ) ;
#5566 = CARTESIAN_POINT ( 'NONE',  ( 1.100000000000000311, 0.06250000000000000000, 0.000000000000000000 ) ) ;
#5567 = DIRECTION ( 'NONE',  ( 0.000000000000000000, 0.000000000000000000, -1.000000000000000000 ) ) ;
#5568 = DIRECTION ( 'NONE',  ( 1.000000000000000000, 0.000000000000000000, -1.084202172485504631E-15 ) ) ;
#5569 = PLANE ( 'NONE',  #2880 ) ;
#5570 = VECTOR ( 'NONE', #5956, 1000.000000000000000 ) ;
#5571 = LINE ( 'NONE', #1215, #3559 ) ;
#5572 = AXIS2_PLACEMENT_3D ( 'NONE', #7203, #3280, #51 ) ;
#5573 = ORIENTED_EDGE ( 'NONE', *, *, #3404, .F. ) ;
#5574 = DIRECTION ( 'NONE',  ( 2.942203995890114589E-16, 0.000000000000000000, -1.000000000000000000 ) ) ;
#5575 = VECTOR ( 'NONE', #9592, 1000.000000000000000 ) ;
#5576 = ORIENTED_EDGE ( 'NONE', *, *, #6289, .T. ) ;
#5577 = CARTESIAN_POINT ( 'NONE',  ( 2.199999999999999734, 0.4780000000000000360, -6.850000000000000533 ) ) ;
#5578 = CARTESIAN_POINT ( 'NONE',  ( -4.537499999999987210, 0.1125000000000000028, -4.537500000000126654 ) ) ;
#5579 = EDGE_LOOP ( 'NONE', ( #9927, #7768, #6504, #6207 ) ) ;
#5580 = EDGE_LOOP ( 'NONE', ( #3738, #6041, #6196, #13504, #1984, #8685, #4226, #5491, #13043, #9677 ) ) ;
#5581 = ORIENTED_EDGE ( 'NONE', *, *, #4262, .T. ) ;
#5582 = VERTEX_POINT ( 'NONE', #12312 ) ;
#5583 = CARTESIAN_POINT ( 'NONE',  ( -1.750000000000000444, 0.06250000000000000000, -3.402999999999999581 ) ) ;
#5584 = CARTESIAN_POINT ( 'NONE',  ( 1.575000000000005285, 0.06250000000000000000, -4.242530240160701508E-16 ) ) ;
#5585 = ADVANCED_FACE ( 'NONE', ( #10314 ), #5150, .T. ) ;
#5586 = DIRECTION ( 'NONE',  ( 0.000000000000000000, 0.000000000000000000, 1.000000000000000000 ) ) ;
#5587 = CARTESIAN_POINT ( 'NONE',  ( -1.349999999999996758, 0.1125000000000000028, 4.878909776184788688E-16 ) ) ;
#5588 = ORIENTED_EDGE ( 'NONE', *, *, #8378, .F. ) ;
#5589 = ORIENTED_EDGE ( 'NONE', *, *, #9731, .T. ) ;
#5590 = LINE ( 'NONE', #3564, #4841 ) ;
#5591 = PLANE ( 'NONE',  #2622 ) ;
#5592 = ORIENTED_EDGE ( 'NONE', *, *, #1165, .T. ) ;
#5593 = CARTESIAN_POINT ( 'NONE',  ( -1.717500000000000249, 0.06250000000000000000, -9.799999999999998934 ) ) ;
#5594 = DIRECTION ( 'NONE',  ( -0.000000000000000000, 1.000000000000000000, -0.000000000000000000 ) ) ;
#5595 = ORIENTED_EDGE ( 'NONE', *, *, #6143, .T. ) ;
#5596 = DIRECTION ( 'NONE',  ( 1.000000000000000000, 0.000000000000000000, 0.000000000000000000 ) ) ;
#5597 = DIRECTION ( 'NONE',  ( 1.000000000000000000, 0.000000000000000000, 3.614007241618349757E-16 ) ) ;
#5598 = CARTESIAN_POINT ( 'NONE',  ( -1.620000000000000773, 0.06250000000000000000, -8.424999999999997158 ) ) ;
#5599 = PLANE ( 'NONE',  #11627 ) ;
#5600 = EDGE_LOOP ( 'NONE', ( #5537, #3222, #498, #673, #9624, #9336, #8172, #2514, #1559, #2736, #2876, #7650 ) ) ;
#5601 = DIRECTION ( 'NONE',  ( 1.000000000000000000, 0.000000000000000000, 0.000000000000000000 ) ) ;
#5602 = DIRECTION ( 'NONE',  ( 1.000000000000000000, 0.000000000000000000, 0.000000000000000000 ) ) ;
#5603 = LINE ( 'NONE', #6429, #916 ) ;
#5604 = CARTESIAN_POINT ( 'NONE',  ( -1.717500000000029559, 0.06250000000000000000, -4.965645949983668683E-15 ) ) ;
#5605 = ORIENTED_EDGE ( 'NONE', *, *, #2082, .F. ) ;
#5606 = EDGE_CURVE ( 'NONE', #13, #5717, #6771, .T. ) ;
#5607 = ORIENTED_EDGE ( 'NONE', *, *, #5464, .F. ) ;
#5608 = CARTESIAN_POINT ( 'NONE',  ( -2.574999999999999734, 0.2530000000000000027, -8.325000000000001066 ) ) ;
#5609 = CARTESIAN_POINT ( 'NONE',  ( 1.249999999999999334, 0.06250000000000000000, -9.025000000000000355 ) ) ;
#5610 = CARTESIAN_POINT ( 'NONE',  ( -3.822499999999975806, 0.1125000000000000028, -3.822499999999847908 ) ) ;
#5611 = CARTESIAN_POINT ( 'NONE',  ( -1.350000000000000977, 0.1125000000000000028, -3.403000000000000025 ) ) ;
#5612 = DIRECTION ( 'NONE',  ( 1.084202172485504828E-15, 0.000000000000000000, -1.000000000000000000 ) ) ;
#5613 = PLANE ( 'NONE',  #1275 ) ;
#5614 = ORIENTED_EDGE ( 'NONE', *, *, #12190, .F. ) ;
#5615 = ORIENTED_EDGE ( 'NONE', *, *, #4444, .T. ) ;
#5616 = EDGE_CURVE ( 'NONE', #6728, #1565, #7078, .T. ) ;
#5617 = EDGE_CURVE ( 'NONE', #12865, #13217, #11280, .T. ) ;
#5618 = DIRECTION ( 'NONE',  ( 0.000000000000000000, 0.000000000000000000, 1.000000000000000000 ) ) ;
#5619 = ORIENTED_EDGE ( 'NONE', *, *, #11992, .F. ) ;
#5620 = EDGE_CURVE ( 'NONE', #10480, #1926, #1906, .T. ) ;
#5621 = PLANE ( 'NONE',  #13479 ) ;
#5622 = PRESENTATION_STYLE_ASSIGNMENT (( #9115 ) ) ;
#5623 = CARTESIAN_POINT ( 'NONE',  ( -0.8019999999999981588, 2.979999999999999982, 9.329999999999998295 ) ) ;
#5624 = FACE_OUTER_BOUND ( 'NONE', #10306, .T. ) ;
#5625 = CARTESIAN_POINT ( 'NONE',  ( -2.750000000000000888, 0.2530000000000000027, -8.500000000000001776 ) ) ;
#5626 = LINE ( 'NONE', #6459, #11397 ) ;
#5627 = CARTESIAN_POINT ( 'NONE',  ( 5.322500000000060183, 0.06250000000000000000, -5.322499999999675602 ) ) ;
#5628 = LINE ( 'NONE', #323, #52 ) ;
#5629 = EDGE_LOOP ( 'NONE', ( #4061, #3236, #10323, #5019 ) ) ;
#5630 = DIRECTION ( 'NONE',  ( 0.000000000000000000, 0.000000000000000000, -1.000000000000000000 ) ) ;
#5631 = EDGE_LOOP ( 'NONE', ( #10882, #13462, #7559, #2531 ) ) ;
#5632 = CARTESIAN_POINT ( 'NONE',  ( -0.6849999999999979439, 0.06250000000000000000, -7.653000000000000469 ) ) ;
#5633 = EDGE_CURVE ( 'NONE', #3198, #312, #9283, .T. ) ;
#5634 = LINE ( 'NONE', #605, #10150 ) ;
#5635 = EDGE_LOOP ( 'NONE', ( #5189, #8678, #10699, #1725 ) ) ;
#5636 = ORIENTED_EDGE ( 'NONE', *, *, #3502, .T. ) ;
#5637 = ORIENTED_EDGE ( 'NONE', *, *, #8062, .T. ) ;
#5638 = ADVANCED_FACE ( 'NONE', ( #6109 ), #884, .F. ) ;
#5639 = ORIENTED_EDGE ( 'NONE', *, *, #9731, .F. ) ;
#5640 = DIRECTION ( 'NONE',  ( -0.000000000000000000, 1.000000000000000000, -0.000000000000000000 ) ) ;
#5641 = FACE_OUTER_BOUND ( 'NONE', #2691, .T. ) ;
#5642 = VECTOR ( 'NONE', #2704, 1000.000000000000000 ) ;
#5643 = DIRECTION ( 'NONE',  ( -0.000000000000000000, 1.000000000000000000, -0.000000000000000000 ) ) ;
#5644 = LINE ( 'NONE', #12236, #5874 ) ;
#5645 = ORIENTED_EDGE ( 'NONE', *, *, #3949, .F. ) ;
#5646 = ORIENTED_EDGE ( 'NONE', *, *, #9327, .T. ) ;
#5647 = DIRECTION ( 'NONE',  ( -0.7071067811865356934, 0.000000000000000000, -0.7071067811865594521 ) ) ;
#5648 = FACE_OUTER_BOUND ( 'NONE', #12843, .T. ) ;
#5649 = VERTEX_POINT ( 'NONE', #10250 ) ;
#5650 = DIRECTION ( 'NONE',  ( 0.000000000000000000, 0.000000000000000000, -1.000000000000000000 ) ) ;
#5651 = LINE ( 'NONE', #3775, #5077 ) ;
#5652 = EDGE_CURVE ( 'NONE', #12381, #2961, #10457, .T. ) ;
#5653 = ORIENTED_EDGE ( 'NONE', *, *, #10594, .F. ) ;
#5654 = ADVANCED_FACE ( 'NONE', ( #8034 ), #5988, .F. ) ;
#5655 = CARTESIAN_POINT ( 'NONE',  ( 1.707500000000004237, 0.1125000000000000028, -8.390000000000002345 ) ) ;
#5656 = VECTOR ( 'NONE', #13488, 1000.000000000000000 ) ;
#5657 = DIRECTION ( 'NONE',  ( 0.000000000000000000, 0.000000000000000000, -1.000000000000000000 ) ) ;
#5658 = PRESENTATION_STYLE_ASSIGNMENT (( #6690 ) ) ;
#5659 = LINE ( 'NONE', #11981, #12725 ) ;
#5660 = EDGE_LOOP ( 'NONE', ( #9904, #5827, #3509, #4499 ) ) ;
#5661 = ORIENTED_EDGE ( 'NONE', *, *, #6127, .T. ) ;
#5662 = FACE_OUTER_BOUND ( 'NONE', #747, .T. ) ;
#5663 = FACE_OUTER_BOUND ( 'NONE', #5836, .T. ) ;
#5664 = DIRECTION ( 'NONE',  ( 2.647983596301103229E-15, 0.000000000000000000, -1.000000000000000000 ) ) ;
#5665 = DIRECTION ( 'NONE',  ( -0.000000000000000000, 1.000000000000000000, -0.000000000000000000 ) ) ;
#5666 = EDGE_LOOP ( 'NONE', ( #587, #12752, #13423, #10178 ) ) ;
#5667 = VECTOR ( 'NONE', #12216, 1000.000000000000000 ) ;
#5668 = STYLED_ITEM ( 'NONE', ( #11170 ), #5038 ) ;
#5669 = ORIENTED_EDGE ( 'NONE', *, *, #12614, .F. ) ;
#5670 = PLANE ( 'NONE',  #4243 ) ;
#5671 = DIRECTION ( 'NONE',  ( 0.7071067811865485719, 0.000000000000000000, 0.7071067811865465735 ) ) ;
#5672 = VECTOR ( 'NONE', #416, 1000.000000000000000 ) ;
#5673 = VECTOR ( 'NONE', #6489, 1000.000000000000000 ) ;
#5674 = DIRECTION ( 'NONE',  ( 2.647983596301103229E-15, 0.000000000000000000, -1.000000000000000000 ) ) ;
#5675 = ORIENTED_EDGE ( 'NONE', *, *, #2433, .T. ) ;
#5676 = DIRECTION ( 'NONE',  ( 1.000000000000000000, 0.000000000000000000, 0.000000000000000000 ) ) ;
#5677 = CARTESIAN_POINT ( 'NONE',  ( -0.6000000000000000888, 0.06250000000000000000, -3.753000000000000114 ) ) ;
#5678 = VECTOR ( 'NONE', #952, 1000.000000000000000 ) ;
#5679 = VERTEX_POINT ( 'NONE', #815 ) ;
#5680 = VERTEX_POINT ( 'NONE', #3897 ) ;
#5681 = CARTESIAN_POINT ( 'NONE',  ( 0.05000000000000012768, 0.06250000000000000000, 0.000000000000000000 ) ) ;
#5682 = ORIENTED_EDGE ( 'NONE', *, *, #11164, .T. ) ;
#5683 = LINE ( 'NONE', #9963, #6212 ) ;
#5684 = AXIS2_PLACEMENT_3D ( 'NONE', #7611, #1011, #5283 ) ;
#5685 = VECTOR ( 'NONE', #3438, 1000.000000000000000 ) ;
#5686 = ADVANCED_FACE ( 'NONE', ( #12445 ), #8107, .T. ) ;
#5687 = EDGE_CURVE ( 'NONE', #11871, #10927, #7198, .T. ) ;
#5688 = LINE ( 'NONE', #5826, #576 ) ;
#5689 = DIRECTION ( 'NONE',  ( 0.000000000000000000, -1.000000000000000000, 0.000000000000000000 ) ) ;
#5690 = CARTESIAN_POINT ( 'NONE',  ( 0.000000000000000000, 0.1125000000000000028, -2.403000000000000025 ) ) ;
#5691 = DIRECTION ( 'NONE',  ( 0.000000000000000000, -1.000000000000000000, 0.000000000000000000 ) ) ;
#5692 =( GEOMETRIC_REPRESENTATION_CONTEXT ( 3 ) GLOBAL_UNCERTAINTY_ASSIGNED_CONTEXT ( ( #13236 ) ) GLOBAL_UNIT_ASSIGNED_CONTEXT ( ( #4100, #11209, #9281 ) ) REPRESENTATION_CONTEXT ( 'NONE', 'WORKASPACE' ) );
#5693 = CARTESIAN_POINT ( 'NONE',  ( 1.620000000000009432, 0.06250000000000000000, -1.170938346284344986E-15 ) ) ;
#5694 = CARTESIAN_POINT ( 'NONE',  ( -0.2019999999999982920, 1.289999999999999591, 9.150000000000000355 ) ) ;
#5695 = ORIENTED_EDGE ( 'NONE', *, *, #12549, .T. ) ;
#5696 = EDGE_LOOP ( 'NONE', ( #1150, #11782, #1158, #5064 ) ) ;
#5697 = CARTESIAN_POINT ( 'NONE',  ( -0.7019999999999981810, 2.080000000000000071, 9.150000000000000355 ) ) ;
#5698 = AXIS2_PLACEMENT_3D ( 'NONE', #9711, #1233, #3159 ) ;
#5699 = PLANE ( 'NONE',  #2006 ) ;
#5700 = ORIENTED_EDGE ( 'NONE', *, *, #5687, .T. ) ;
#5701 = AXIS2_PLACEMENT_3D ( 'NONE', #9164, #6201, #4308 ) ;
#5702 = ORIENTED_EDGE ( 'NONE', *, *, #13371, .T. ) ;
#5703 = VERTEX_POINT ( 'NONE', #11211 ) ;
#5704 = VECTOR ( 'NONE', #7104, 1000.000000000000000 ) ;
#5705 = ORIENTED_EDGE ( 'NONE', *, *, #7705, .F. ) ;
#5706 = CIRCLE ( 'NONE', #7232, 0.2000000000000005107 ) ;
#5707 = DIRECTION ( 'NONE',  ( 1.000000000000000000, 0.000000000000000000, 0.000000000000000000 ) ) ;
#5708 = CARTESIAN_POINT ( 'NONE',  ( -0.8019999999999980478, 2.879999999999999893, 8.949999999999999289 ) ) ;
#5709 = ADVANCED_FACE ( 'NONE', ( #13412 ), #2991, .T. ) ;
#5710 = EDGE_CURVE ( 'NONE', #6176, #8936, #3973, .T. ) ;
#5711 = CARTESIAN_POINT ( 'NONE',  ( -1.250000000000000000, 0.1125000000000000028, -0.000000000000000000 ) ) ;
#5712 = AXIS2_PLACEMENT_3D ( 'NONE', #8590, #12588, #8843 ) ;
#5713 = VECTOR ( 'NONE', #12976, 1000.000000000000000 ) ;
#5714 = CARTESIAN_POINT ( 'NONE',  ( 2.149999999999999467, 0.2530000000000000027, 10.00000000000000000 ) ) ;
#5715 = VECTOR ( 'NONE', #3008, 1000.000000000000000 ) ;
#5716 = EDGE_CURVE ( 'NONE', #7382, #1493, #8648, .T. ) ;
#5717 = VERTEX_POINT ( 'NONE', #5498 ) ;
#5718 = ORIENTED_EDGE ( 'NONE', *, *, #2430, .F. ) ;
#5719 = DIRECTION ( 'NONE',  ( 0.000000000000000000, 0.000000000000000000, -1.000000000000000000 ) ) ;
#5720 = LINE ( 'NONE', #9920, #9666 ) ;
#5721 = ORIENTED_EDGE ( 'NONE', *, *, #8380, .F. ) ;
#5722 = DIRECTION ( 'NONE',  ( 0.000000000000000000, -1.000000000000000000, 0.000000000000000000 ) ) ;
#5723 = LINE ( 'NONE', #620, #7252 ) ;
#5724 = EDGE_LOOP ( 'NONE', ( #1138, #7942, #10179, #557 ) ) ;
#5725 = CARTESIAN_POINT ( 'NONE',  ( -1.950000000000001510, 0.2530000000000000027, -10.00000000000000000 ) ) ;
#5726 = AXIS2_PLACEMENT_3D ( 'NONE', #2906, #7248, #9381 ) ;
#5727 = EDGE_LOOP ( 'NONE', ( #10812, #9960, #1468, #4643 ) ) ;
#5728 = AXIS2_PLACEMENT_3D ( 'NONE', #10143, #9037, #6693 ) ;
#5729 = FACE_BOUND ( 'NONE', #5545, .T. ) ;
#5730 = EDGE_CURVE ( 'NONE', #12995, #3867, #2105, .T. ) ;
#5731 = EDGE_CURVE ( 'NONE', #9896, #5680, #4247, .T. ) ;
#5732 = CARTESIAN_POINT ( 'NONE',  ( -0.3019999999999980478, 2.080000000000000071, 8.949999999999999289 ) ) ;
#5733 = EDGE_CURVE ( 'NONE', #11800, #5963, #11541, .T. ) ;
#5734 = ORIENTED_EDGE ( 'NONE', *, *, #3371, .T. ) ;
#5735 = VERTEX_POINT ( 'NONE', #10711 ) ;
#5736 = CARTESIAN_POINT ( 'NONE',  ( 0.8500000000000003109, 0.1125000000000000028, 0.000000000000000000 ) ) ;
#5737 = CIRCLE ( 'NONE', #9247, 0.1749999999999998224 ) ;
#5738 = DIRECTION ( 'NONE',  ( 1.172110456741086074E-16, 0.000000000000000000, 1.000000000000000000 ) ) ;
#5739 = PLANE ( 'NONE',  #8168 ) ;
#5740 = CARTESIAN_POINT ( 'NONE',  ( 2.199999999999999734, 0.4780000000000000360, -6.850000000000000533 ) ) ;
#5741 = EDGE_LOOP ( 'NONE', ( #2331, #6628, #4475, #3014 ) ) ;
#5742 = EDGE_LOOP ( 'NONE', ( #4905, #12165, #7691, #3546, #1958, #8438, #2357, #4915, #3472, #13002, #7531, #13126 ) ) ;
#5743 = VECTOR ( 'NONE', #9488, 1000.000000000000000 ) ;
#5744 = FACE_OUTER_BOUND ( 'NONE', #11220, .T. ) ;
#5745 = PLANE ( 'NONE',  #3716 ) ;
#5746 = ADVANCED_FACE ( 'NONE', ( #8450 ), #7551, .F. ) ;
#5747 = CARTESIAN_POINT ( 'NONE',  ( -2.149999999999998579, 7.883090691567329777, 6.299999999999999822 ) ) ;
#5748 = ORIENTED_EDGE ( 'NONE', *, *, #5006, .T. ) ;
#5749 = LINE ( 'NONE', #13173, #9015 ) ;
#5750 = LINE ( 'NONE', #7861, #6597 ) ;
#5751 = ORIENTED_EDGE ( 'NONE', *, *, #4365, .T. ) ;
#5752 = VECTOR ( 'NONE', #9541, 1000.000000000000000 ) ;
#5753 = LINE ( 'NONE', #3806, #9678 ) ;
#5754 = COLOUR_RGB ( '',0.5019607843137254832, 0.5019607843137254832, 0.5019607843137254832 ) ;
#5755 = VERTEX_POINT ( 'NONE', #3201 ) ;
#5756 = CARTESIAN_POINT ( 'NONE',  ( 0.000000000000000000, 0.06250000000000000000, 0.000000000000000000 ) ) ;
#5757 = ORIENTED_EDGE ( 'NONE', *, *, #6357, .T. ) ;
#5758 = LINE ( 'NONE', #5825, #12144 ) ;
#5759 = CIRCLE ( 'NONE', #4883, 0.4000000000000001887 ) ;
#5760 = CIRCLE ( 'NONE', #259, 0.6999999999999992895 ) ;
#5761 = DIRECTION ( 'NONE',  ( 0.000000000000000000, 0.000000000000000000, -1.000000000000000000 ) ) ;
#5762 = ORIENTED_EDGE ( 'NONE', *, *, #3232, .T. ) ;
#5763 = LINE ( 'NONE', #3677, #10761 ) ;
#5764 = LINE ( 'NONE', #5829, #13600 ) ;
#5765 = CARTESIAN_POINT ( 'NONE',  ( 0.6499999999999991340, 0.1125000000000000028, -8.424999999999997158 ) ) ;
#5766 = ORIENTED_EDGE ( 'NONE', *, *, #7959, .T. ) ;
#5767 = DIRECTION ( 'NONE',  ( -0.000000000000000000, -1.000000000000000000, -0.000000000000000000 ) ) ;
#5768 = ORIENTED_EDGE ( 'NONE', *, *, #2190, .F. ) ;
#5769 = PLANE ( 'NONE',  #8625 ) ;
#5770 = CARTESIAN_POINT ( 'NONE',  ( 0.3850000000000014522, 0.1125000000000000028, -7.653000000000000469 ) ) ;
#5771 = ORIENTED_EDGE ( 'NONE', *, *, #12202, .T. ) ;
#5772 = AXIS2_PLACEMENT_3D ( 'NONE', #4940, #8174, #12377 ) ;
#5773 = ORIENTED_EDGE ( 'NONE', *, *, #8544, .T. ) ;
#5774 = ADVANCED_FACE ( 'NONE', ( #4378 ), #3399, .F. ) ;
#5775 = ORIENTED_EDGE ( 'NONE', *, *, #11173, .F. ) ;
#5776 = ORIENTED_EDGE ( 'NONE', *, *, #13298, .F. ) ;
#5777 = CARTESIAN_POINT ( 'NONE',  ( -0.8019999999999980478, 1.089999999999999414, 8.949999999999999289 ) ) ;
#5778 = FACE_OUTER_BOUND ( 'NONE', #11159, .T. ) ;
#5779 = CARTESIAN_POINT ( 'NONE',  ( 2.200000000000001510, 0.000000000000000000, -2.142999999999999794 ) ) ;
#5780 =( NAMED_UNIT ( * ) PLANE_ANGLE_UNIT ( ) SI_UNIT ( $, .RADIAN. ) );
#5781 = VECTOR ( 'NONE', #8704, 1000.000000000000000 ) ;
#5782 = DIRECTION ( 'NONE',  ( 0.000000000000000000, 0.000000000000000000, -1.000000000000000000 ) ) ;
#5783 = ORIENTED_EDGE ( 'NONE', *, *, #3519, .F. ) ;
#5784 = ORIENTED_EDGE ( 'NONE', *, *, #7911, .F. ) ;
#5785 =( NAMED_UNIT ( * ) SI_UNIT ( $, .STERADIAN. ) SOLID_ANGLE_UNIT ( ) );
#5786 = CARTESIAN_POINT ( 'NONE',  ( -0.5500000000000007105, 0.4780000000000000360, 3.694999999999999840 ) ) ;
#5787 = ORIENTED_EDGE ( 'NONE', *, *, #2076, .F. ) ;
#5788 = FACE_OUTER_BOUND ( 'NONE', #11114, .T. ) ;
#5789 = CARTESIAN_POINT ( 'NONE',  ( -3.822499999999975806, 0.06250000000000000000, -3.822499999999847908 ) ) ;
#5790 = VERTEX_POINT ( 'NONE', #2239 ) ;
#5791 = EDGE_CURVE ( 'NONE', #9906, #13535, #11742, .T. ) ;
#5792 = LINE ( 'NONE', #1717, #9847 ) ;
#5793 = EDGE_CURVE ( 'NONE', #3646, #3887, #9482, .T. ) ;
#5794 = ORIENTED_EDGE ( 'NONE', *, *, #3755, .T. ) ;
#5795 = VECTOR ( 'NONE', #11322, 1000.000000000000000 ) ;
#5796 = EDGE_CURVE ( 'NONE', #3408, #2576, #11806, .T. ) ;
#5797 = CARTESIAN_POINT ( 'NONE',  ( 0.000000000000000000, 0.06250000000000000000, -7.653000000000000469 ) ) ;
#5798 = LINE ( 'NONE', #10064, #11798 ) ;
#5799 = DIRECTION ( 'NONE',  ( -0.000000000000000000, 1.000000000000000000, -0.000000000000000000 ) ) ;
#5800 = EDGE_LOOP ( 'NONE', ( #12641, #2555, #12098, #5542, #5902, #4692, #7834, #898 ) ) ;
#5801 = COLOUR_RGB ( '',0.2509803921568627416, 0.2509803921568627416, 0.2509803921568627416 ) ;
#5802 = ORIENTED_EDGE ( 'NONE', *, *, #3338, .F. ) ;
#5803 = CARTESIAN_POINT ( 'NONE',  ( -0.5019999999999983364, 2.880000000000000338, 7.799999999999999822 ) ) ;
#5804 = CARTESIAN_POINT ( 'NONE',  ( -0.4300000000000008260, 0.4780000000000000360, 2.294999999999999929 ) ) ;
#5805 = CARTESIAN_POINT ( 'NONE',  ( 1.642500000000004734, 0.1125000000000000028, -9.125000000000000000 ) ) ;
#5806 = CARTESIAN_POINT ( 'NONE',  ( -0.8500000000000003109, 0.1125000000000000028, -3.752999999999999226 ) ) ;
#5807 = ORIENTED_EDGE ( 'NONE', *, *, #1127, .F. ) ;
#5808 = ADVANCED_FACE ( 'NONE', ( #9406 ), #47, .F. ) ;
#5809 = EDGE_LOOP ( 'NONE', ( #6996, #13403, #2467, #4664, #631, #2862 ) ) ;
#5810 = EDGE_CURVE ( 'NONE', #6667, #1341, #12581, .T. ) ;
#5811 = DIRECTION ( 'NONE',  ( -1.000000000000000000, 0.000000000000000000, 0.000000000000000000 ) ) ;
#5812 = CARTESIAN_POINT ( 'NONE',  ( 0.07499999999954425067, 0.06250000000000000000, 3.469446951932512160E-15 ) ) ;
#5813 = LINE ( 'NONE', #8836, #10262 ) ;
#5814 = EDGE_LOOP ( 'NONE', ( #1295, #3653, #9844, #6738 ) ) ;
#5815 = DIRECTION ( 'NONE',  ( 1.000000000000000000, 0.000000000000000000, -4.707526393424183343E-15 ) ) ;
#5816 = CARTESIAN_POINT ( 'NONE',  ( 1.150000000000004796, 0.06250000000000000000, 0.000000000000000000 ) ) ;
#5817 = LINE ( 'NONE', #10018, #7002 ) ;
#5818 = VERTEX_POINT ( 'NONE', #3137 ) ;
#5819 = FACE_OUTER_BOUND ( 'NONE', #2743, .T. ) ;
#5820 = ORIENTED_EDGE ( 'NONE', *, *, #7871, .T. ) ;
#5821 = DIRECTION ( 'NONE',  ( -1.000000000000000000, 0.000000000000000000, 0.000000000000000000 ) ) ;
#5822 = EDGE_CURVE ( 'NONE', #13217, #11491, #6384, .T. ) ;
#5823 = ORIENTED_EDGE ( 'NONE', *, *, #11158, .F. ) ;
#5824 = EDGE_CURVE ( 'NONE', #7322, #6440, #1210, .T. ) ;
#5825 = CARTESIAN_POINT ( 'NONE',  ( -2.750000000000000888, 0.4780000000000000360, -8.699999999999997513 ) ) ;
#5826 = CARTESIAN_POINT ( 'NONE',  ( -1.750000000000000444, 0.1125000000000000028, -0.000000000000000000 ) ) ;
#5827 = ORIENTED_EDGE ( 'NONE', *, *, #8471, .F. ) ;
#5828 = LINE ( 'NONE', #11062, #3267 ) ;
#5829 = CARTESIAN_POINT ( 'NONE',  ( -1.642500000000000959, 0.06250000000000000000, -9.724999999999999645 ) ) ;
#5830 = PLANE ( 'NONE',  #11902 ) ;
#5831 = FILL_AREA_STYLE ('',( #4865 ) ) ;
#5832 = VERTEX_POINT ( 'NONE', #5423 ) ;
#5833 = ORIENTED_EDGE ( 'NONE', *, *, #8727, .T. ) ;
#5834 = PLANE ( 'NONE',  #10821 ) ;
#5835 = PLANE ( 'NONE',  #7061 ) ;
#5836 = EDGE_LOOP ( 'NONE', ( #7183, #5645, #5217, #8937 ) ) ;
#5837 = VERTEX_POINT ( 'NONE', #10590 ) ;
#5838 = ORIENTED_EDGE ( 'NONE', *, *, #4058, .T. ) ;
#5839 = ORIENTED_EDGE ( 'NONE', *, *, #4768, .T. ) ;
#5840 = DIRECTION ( 'NONE',  ( -0.000000000000000000, 1.000000000000000000, -0.000000000000000000 ) ) ;
#5841 = VECTOR ( 'NONE', #11732, 1000.000000000000000 ) ;
#5842 = CARTESIAN_POINT ( 'NONE',  ( 0.1499999999999990785, 0.1125000000000000028, -9.125000000000000000 ) ) ;
#5843 = PRESENTATION_STYLE_ASSIGNMENT (( #3628 ) ) ;
#5844 = DIRECTION ( 'NONE',  ( -0.000000000000000000, 1.000000000000000000, -0.000000000000000000 ) ) ;
#5845 = DIRECTION ( 'NONE',  ( 0.000000000000000000, -1.000000000000000000, 0.000000000000000000 ) ) ;
#5846 = DIRECTION ( 'NONE',  ( 0.000000000000000000, 0.000000000000000000, 1.000000000000000000 ) ) ;
#5847 = VERTEX_POINT ( 'NONE', #8582 ) ;
#5848 = DIRECTION ( 'NONE',  ( 0.000000000000000000, 1.000000000000000000, -0.000000000000000000 ) ) ;
#5849 = CARTESIAN_POINT ( 'NONE',  ( -0.000000000000000000, 0.1125000000000000028, -7.653000000000000469 ) ) ;
#5850 = EDGE_LOOP ( 'NONE', ( #904, #8773, #1504, #9029 ) ) ;
#5851 = DIRECTION ( 'NONE',  ( 0.000000000000000000, -1.000000000000000000, 0.000000000000000000 ) ) ;
#5852 = LINE ( 'NONE', #413, #11450 ) ;
#5853 = ORIENTED_EDGE ( 'NONE', *, *, #584, .F. ) ;
#5854 = DIRECTION ( 'NONE',  ( -0.000000000000000000, -1.000000000000000000, -0.000000000000000000 ) ) ;
#5855 = ORIENTED_EDGE ( 'NONE', *, *, #6461, .T. ) ;
#5856 = CIRCLE ( 'NONE', #1240, 0.2000000000000005107 ) ;
#5857 = DIRECTION ( 'NONE',  ( -0.000000000000000000, 0.000000000000000000, 1.000000000000000000 ) ) ;
#5858 = LINE ( 'NONE', #11155, #7841 ) ;
#5859 = CARTESIAN_POINT ( 'NONE',  ( 1.050000000000004929, 0.06250000000000000000, -9.125000000000000000 ) ) ;
#5860 = EDGE_CURVE ( 'NONE', #1630, #9382, #1143, .T. ) ;
#5861 = ORIENTED_EDGE ( 'NONE', *, *, #2982, .F. ) ;
#5862 = ADVANCED_FACE ( 'NONE', ( #186 ), #5358, .F. ) ;
#5863 = ORIENTED_EDGE ( 'NONE', *, *, #10183, .T. ) ;
#5864 = CARTESIAN_POINT ( 'NONE',  ( -1.950000000000001510, 0.2530000000000000027, -10.00000000000000000 ) ) ;
#5865 = LINE ( 'NONE', #4756, #9429 ) ;
#5866 = ADVANCED_FACE ( 'NONE', ( #4306 ), #12154, .T. ) ;
#5867 = AXIS2_PLACEMENT_3D ( 'NONE', #10874, #6537, #8274 ) ;
#5868 = PLANE ( 'NONE',  #3321 ) ;
#5869 = CARTESIAN_POINT ( 'NONE',  ( 1.285000000000000808, 0.1125000000000000028, -7.653000000000000469 ) ) ;
#5870 = VERTEX_POINT ( 'NONE', #8780 ) ;
#5871 = ORIENTED_EDGE ( 'NONE', *, *, #3163, .F. ) ;
#5872 = VECTOR ( 'NONE', #2686, 1000.000000000000000 ) ;
#5873 = DIRECTION ( 'NONE',  ( 0.000000000000000000, 0.000000000000000000, 1.000000000000000000 ) ) ;
#5874 = VECTOR ( 'NONE', #1500, 1000.000000000000000 ) ;
#5875 = DIRECTION ( 'NONE',  ( -0.000000000000000000, 1.000000000000000000, -0.000000000000000000 ) ) ;
#5876 = PLANE ( 'NONE',  #4824 ) ;
#5877 = EDGE_CURVE ( 'NONE', #1204, #4520, #1414, .T. ) ;
#5878 = EDGE_CURVE ( 'NONE', #8240, #603, #319, .T. ) ;
#5879 = CARTESIAN_POINT ( 'NONE',  ( 1.707500000000004015, 0.1125000000000000028, -7.653000000000000469 ) ) ;
#5880 = ORIENTED_EDGE ( 'NONE', *, *, #12854, .F. ) ;
#5881 = DIRECTION ( 'NONE',  ( 1.000000000000000000, 0.000000000000000000, 0.000000000000000000 ) ) ;
#5882 = LINE ( 'NONE', #1678, #8357 ) ;
#5883 = VECTOR ( 'NONE', #9648, 1000.000000000000000 ) ;
#5884 = EDGE_CURVE ( 'NONE', #13418, #7175, #6854, .T. ) ;
#5885 = ADVANCED_FACE ( 'NONE', ( #3609 ), #3675, .F. ) ;
#5886 = ORIENTED_EDGE ( 'NONE', *, *, #1089, .F. ) ;
#5887 = CARTESIAN_POINT ( 'NONE',  ( -3.689539992968170011E-15, 0.06250000000000000000, -3.402999999999998249 ) ) ;
#5888 = ORIENTED_EDGE ( 'NONE', *, *, #2298, .T. ) ;
#5889 = AXIS2_PLACEMENT_3D ( 'NONE', #1797, #6006, #8200 ) ;
#5890 = LINE ( 'NONE', #4928, #164 ) ;
#5891 = VERTEX_POINT ( 'NONE', #13117 ) ;
#5892 = FACE_OUTER_BOUND ( 'NONE', #1660, .T. ) ;
#5893 = ADVANCED_FACE ( 'NONE', ( #4571 ), #4649, .F. ) ;
#5894 = CARTESIAN_POINT ( 'NONE',  ( -4.237499999999995381, 0.06250000000000000000, -4.237500000000126832 ) ) ;
#5895 = VERTEX_POINT ( 'NONE', #11060 ) ;
#5896 = ADVANCED_FACE ( 'NONE', ( #5565 ), #7746, .F. ) ;
#5897 = CARTESIAN_POINT ( 'NONE',  ( -2.350000000000000977, 0.1125000000000000028, -8.325000000000001066 ) ) ;
#5898 = FACE_OUTER_BOUND ( 'NONE', #5631, .T. ) ;
#5899 = LINE ( 'NONE', #4653, #2891 ) ;
#5900 = EDGE_CURVE ( 'NONE', #12293, #2062, #10029, .T. ) ;
#5901 = CARTESIAN_POINT ( 'NONE',  ( -1.585000000000001075, 0.06250000000000000000, -8.389999999999998792 ) ) ;
#5902 = ORIENTED_EDGE ( 'NONE', *, *, #12767, .T. ) ;
#5903 = VECTOR ( 'NONE', #3168, 1000.000000000000000 ) ;
#5904 = VERTEX_POINT ( 'NONE', #10855 ) ;
#5905 = DIRECTION ( 'NONE',  ( 1.000000000000000000, 0.000000000000000000, 0.000000000000000000 ) ) ;
#5906 = LINE ( 'NONE', #10110, #2873 ) ;
#5907 = ORIENTED_EDGE ( 'NONE', *, *, #7338, .T. ) ;
#5908 = ORIENTED_EDGE ( 'NONE', *, *, #2760, .T. ) ;
#5909 = VECTOR ( 'NONE', #4773, 1000.000000000000000 ) ;
#5910 = LINE ( 'NONE', #7075, #1261 ) ;
#5911 = CARTESIAN_POINT ( 'NONE',  ( 1.275000000000002132, 0.1125000000000000028, -9.875000000000000000 ) ) ;
#5912 = AXIS2_PLACEMENT_3D ( 'NONE', #12295, #741, #2852 ) ;
#5913 = CARTESIAN_POINT ( 'NONE',  ( -1.584999999999998632, 0.1125000000000000028, 4.663393333485827270E-16 ) ) ;
#5914 = LINE ( 'NONE', #1849, #4693 ) ;
#5915 = PLANE ( 'NONE',  #12468 ) ;
#5916 = ADVANCED_FACE ( 'NONE', ( #530 ), #4720, .T. ) ;
#5917 = PLANE ( 'NONE',  #8837 ) ;
#5918 = ORIENTED_EDGE ( 'NONE', *, *, #11160, .T. ) ;
#5919 = VECTOR ( 'NONE', #11784, 1000.000000000000000 ) ;
#5920 =( NAMED_UNIT ( * ) SI_UNIT ( $, .STERADIAN. ) SOLID_ANGLE_UNIT ( ) );
#5921 = VECTOR ( 'NONE', #13430, 1000.000000000000000 ) ;
#5922 = DIRECTION ( 'NONE',  ( 0.000000000000000000, 0.000000000000000000, -1.000000000000000000 ) ) ;
#5923 = ORIENTED_EDGE ( 'NONE', *, *, #10765, .T. ) ;
#5924 = AXIS2_PLACEMENT_3D ( 'NONE', #5797, #12047, #1590 ) ;
#5925 = DIRECTION ( 'NONE',  ( -0.000000000000000000, -1.000000000000000000, -0.000000000000000000 ) ) ;
#5926 = PLANE ( 'NONE',  #3303 ) ;
#5927 = VERTEX_POINT ( 'NONE', #1625 ) ;
#5928 = FACE_OUTER_BOUND ( 'NONE', #6930, .T. ) ;
#5929 = VERTEX_POINT ( 'NONE', #1347 ) ;
#5930 = AXIS2_PLACEMENT_3D ( 'NONE', #12320, #8313, #4888 ) ;
#5931 = VECTOR ( 'NONE', #3958, 1000.000000000000000 ) ;
#5932 = DIRECTION ( 'NONE',  ( 1.000000000000000000, 0.000000000000000000, 0.000000000000000000 ) ) ;
#5933 = AXIS2_PLACEMENT_3D ( 'NONE', #6047, #11005, #4946 ) ;
#5934 = VECTOR ( 'NONE', #7520, 1000.000000000000000 ) ;
#5935 = DIRECTION ( 'NONE',  ( 0.000000000000000000, 0.000000000000000000, 1.000000000000000000 ) ) ;
#5936 = UNCERTAINTY_MEASURE_WITH_UNIT (LENGTH_MEASURE( 1.000000000000000082E-05 ), #12432, 'distance_accuracy_value', 'NONE');
#5937 = EDGE_LOOP ( 'NONE', ( #4960, #12134, #11855, #8027 ) ) ;
#5938 = ORIENTED_EDGE ( 'NONE', *, *, #1430, .T. ) ;
#5939 = CARTESIAN_POINT ( 'NONE',  ( 2.149999999999999911, 0.2530000000000000027, -8.325000000000001066 ) ) ;
#5940 = CARTESIAN_POINT ( 'NONE',  ( 4.041249999999997122, 0.1125000000000000028, -4.041249999999985576 ) ) ;
#5941 = CARTESIAN_POINT ( 'NONE',  ( -0.2019999999999985418, 2.979999999999999982, 9.329999999999998295 ) ) ;
#5942 = VECTOR ( 'NONE', #12356, 1000.000000000000000 ) ;
#5943 = PLANE ( 'NONE',  #10769 ) ;
#5944 = VECTOR ( 'NONE', #10827, 1000.000000000000000 ) ;
#5945 = ORIENTED_EDGE ( 'NONE', *, *, #1505, .T. ) ;
#5946 = EDGE_LOOP ( 'NONE', ( #2160, #4457, #8691, #4663 ) ) ;
#5947 = EDGE_CURVE ( 'NONE', #6399, #10469, #8921, .T. ) ;
#5948 = CARTESIAN_POINT ( 'NONE',  ( -1.049999999999999600, 0.06250000000000000000, -9.724999999999996092 ) ) ;
#5949 = DIRECTION ( 'NONE',  ( -0.000000000000000000, 1.000000000000000000, -0.000000000000000000 ) ) ;
#5950 = VECTOR ( 'NONE', #7641, 1000.000000000000000 ) ;
#5951 = LINE ( 'NONE', #6149, #3273 ) ;
#5952 = AXIS2_PLACEMENT_3D ( 'NONE', #550, #2529, #5719 ) ;
#5953 = LINE ( 'NONE', #4842, #5439 ) ;
#5954 = ORIENTED_EDGE ( 'NONE', *, *, #5548, .F. ) ;
#5955 = CARTESIAN_POINT ( 'NONE',  ( -1.707500000000000684, 0.06250000000000000000, 0.000000000000000000 ) ) ;
#5956 = DIRECTION ( 'NONE',  ( -0.7071067811865584529, 0.000000000000000000, -0.7071067811865365815 ) ) ;
#5957 = DIRECTION ( 'NONE',  ( 0.000000000000000000, -0.000000000000000000, 1.000000000000000000 ) ) ;
#5958 = EDGE_LOOP ( 'NONE', ( #6828, #9700, #5369, #11660 ) ) ;
#5959 = CARTESIAN_POINT ( 'NONE',  ( -0.6000000000000000888, 0.06250000000000000000, -3.753000000000000114 ) ) ;
#5960 = EDGE_LOOP ( 'NONE', ( #12166, #1033, #1979, #12689 ) ) ;
#5961 = DIRECTION ( 'NONE',  ( 0.000000000000000000, 0.000000000000000000, 1.000000000000000000 ) ) ;
#5962 = PRESENTATION_LAYER_ASSIGNMENT (  '', '', ( #7927 ) ) ;
#5963 = VERTEX_POINT ( 'NONE', #5623 ) ;
#5964 = EDGE_CURVE ( 'NONE', #1392, #9206, #12010, .T. ) ;
#5965 = EDGE_CURVE ( 'NONE', #1716, #8030, #5688, .T. ) ;
#5966 = CARTESIAN_POINT ( 'NONE',  ( -1.350000000000000533, 0.4780000000000000360, 3.294999999999999041 ) ) ;
#5967 = EDGE_CURVE ( 'NONE', #3349, #13007, #8854, .T. ) ;
#5968 = CARTESIAN_POINT ( 'NONE',  ( 4.537499999999988098, 0.06250000000000000000, -4.537500000000128431 ) ) ;
#5969 = VERTEX_POINT ( 'NONE', #7954 ) ;
#5970 = DIRECTION ( 'NONE',  ( -0.000000000000000000, -1.000000000000000000, -0.000000000000000000 ) ) ;
#5971 = AXIS2_PLACEMENT_3D ( 'NONE', #1805, #6073, #11506 ) ;
#5972 = FACE_OUTER_BOUND ( 'NONE', #8934, .T. ) ;
#5973 = CARTESIAN_POINT ( 'NONE',  ( -0.2150000000000193145, 0.1125000000000000028, -5.693164732047883439E-16 ) ) ;
#5974 = CARTESIAN_POINT ( 'NONE',  ( -0.3019999999999981033, 1.289999999999999591, 8.949999999999999289 ) ) ;
#5975 = EDGE_LOOP ( 'NONE', ( #1703, #6619, #2699, #11363 ) ) ;
#5976 = EDGE_LOOP ( 'NONE', ( #3440, #6372, #478, #11123 ) ) ;
#5977 = DIRECTION ( 'NONE',  ( 1.000000000000000000, 0.000000000000000000, 0.000000000000000000 ) ) ;
#5978 = DIRECTION ( 'NONE',  ( 0.000000000000000000, -1.000000000000000000, 0.000000000000000000 ) ) ;
#5979 = ORIENTED_EDGE ( 'NONE', *, *, #7610, .F. ) ;
#5980 = ORIENTED_EDGE ( 'NONE', *, *, #11838, .F. ) ;
#5981 = EDGE_CURVE ( 'NONE', #7522, #7583, #2321, .T. ) ;
#5982 = CLOSED_SHELL ( 'NONE', ( #6631, #5862, #1196, #7563, #13017, #682, #9503, #1082, #4590, #4260, #7540, #7807, #11823, #9947 ) ) ;
#5983 = EDGE_CURVE ( 'NONE', #608, #13, #2715, .T. ) ;
#5984 = VECTOR ( 'NONE', #10131, 1000.000000000000000 ) ;
#5985 = ADVANCED_FACE ( 'NONE', ( #4505 ), #8708, .T. ) ;
#5986 = DIRECTION ( 'NONE',  ( -0.7071067811865356934, 0.000000000000000000, -0.7071067811865593411 ) ) ;
#5987 = DIRECTION ( 'NONE',  ( 1.000000000000000000, 0.000000000000000000, -1.084202172485504828E-15 ) ) ;
#5988 = PLANE ( 'NONE',  #8102 ) ;
#5989 = LINE ( 'NONE', #12389, #11791 ) ;
#5990 = CARTESIAN_POINT ( 'NONE',  ( 1.717500000000004912, 0.06250000000000000000, -9.875000000000000000 ) ) ;
#5991 = ORIENTED_EDGE ( 'NONE', *, *, #2320, .T. ) ;
#5992 =( NAMED_UNIT ( * ) PLANE_ANGLE_UNIT ( ) SI_UNIT ( $, .RADIAN. ) );
#5993 = AXIS2_PLACEMENT_3D ( 'NONE', #947, #11269, #9137 ) ;
#5994 = CARTESIAN_POINT ( 'NONE',  ( -0.000000000000000000, 0.1125000000000000028, -7.653000000000000469 ) ) ;
#5995 = EDGE_LOOP ( 'NONE', ( #12360, #8331, #11525, #4110 ) ) ;
#5996 = FACE_OUTER_BOUND ( 'NONE', #4079, .T. ) ;
#5997 = DIRECTION ( 'NONE',  ( -0.000000000000000000, 1.000000000000000000, -0.000000000000000000 ) ) ;
#5998 = ORIENTED_EDGE ( 'NONE', *, *, #3963, .T. ) ;
#5999 = VERTEX_POINT ( 'NONE', #5070 ) ;
#6000 = EDGE_CURVE ( 'NONE', #1225, #6542, #937, .T. ) ;
#6001 = PRESENTATION_LAYER_ASSIGNMENT (  '', '', ( #11921 ) ) ;
#6002 = VECTOR ( 'NONE', #13061, 1000.000000000000000 ) ;
#6003 = CARTESIAN_POINT ( 'NONE',  ( -0.8019999999999980478, 2.080000000000000071, 8.951564153662312506 ) ) ;
#6004 = AXIS2_PLACEMENT_3D ( 'NONE', #12007, #7872, #2502 ) ;
#6005 = PLANE ( 'NONE',  #7669 ) ;
#6006 = DIRECTION ( 'NONE',  ( -0.000000000000000000, -1.000000000000000000, -0.000000000000000000 ) ) ;
#6007 = PLANE ( 'NONE',  #5701 ) ;
#6008 = ORIENTED_EDGE ( 'NONE', *, *, #10022, .F. ) ;
#6009 = VERTEX_POINT ( 'NONE', #13529 ) ;
#6010 = CARTESIAN_POINT ( 'NONE',  ( 1.575000000000002620, 0.06250000000000000000, -9.875000000000000000 ) ) ;
#6011 = AXIS2_PLACEMENT_3D ( 'NONE', #9252, #854, #6278 ) ;
#6012 = DIRECTION ( 'NONE',  ( 0.000000000000000000, -0.000000000000000000, -1.000000000000000000 ) ) ;
#6013 = CARTESIAN_POINT ( 'NONE',  ( -1.584999999999998632, 0.06250000000000000000, 4.663393333485827270E-16 ) ) ;
#6014 = VECTOR ( 'NONE', #9324, 1000.000000000000000 ) ;
#6015 = ORIENTED_EDGE ( 'NONE', *, *, #13447, .F. ) ;
#6016 = CARTESIAN_POINT ( 'NONE',  ( -0.4300000000000007705, 0.4780000000000000360, 2.694999999999999840 ) ) ;
#6017 = SURFACE_SIDE_STYLE ('',( #3862 ) ) ;
#6018 = AXIS2_PLACEMENT_3D ( 'NONE', #12175, #10122, #816 ) ;
#6019 = CARTESIAN_POINT ( 'NONE',  ( 0.6499999999999989120, 0.06250000000000000000, 0.000000000000000000 ) ) ;
#6020 = CARTESIAN_POINT ( 'NONE',  ( 1.349999999999998757, 0.06250000000000000000, -9.724999999999999645 ) ) ;
#6021 = CARTESIAN_POINT ( 'NONE',  ( -0.2249999999999992839, 0.06250000000000000000, -9.070000000000003837 ) ) ;
#6022 = ORIENTED_EDGE ( 'NONE', *, *, #8677, .F. ) ;
#6023 = CARTESIAN_POINT ( 'NONE',  ( -1.380000000000000115, 0.06250000000000000000, -8.424999999999997158 ) ) ;
#6024 = FACE_OUTER_BOUND ( 'NONE', #3312, .T. ) ;
#6025 = CARTESIAN_POINT ( 'NONE',  ( -4.122499999999987175, 0.06250000000000000000, -4.122499999999849507 ) ) ;
#6026 = ADVANCED_FACE ( 'NONE', ( #10173 ), #4029, .T. ) ;
#6027 = DIRECTION ( 'NONE',  ( 0.000000000000000000, -1.000000000000000000, 0.000000000000000000 ) ) ;
#6028 = ORIENTED_EDGE ( 'NONE', *, *, #279, .F. ) ;
#6029 = DIRECTION ( 'NONE',  ( 1.000000000000000000, -0.000000000000000000, 0.000000000000000000 ) ) ;
#6030 = VERTEX_POINT ( 'NONE', #6169 ) ;
#6031 = DIRECTION ( 'NONE',  ( 0.000000000000000000, 1.000000000000000000, 0.000000000000000000 ) ) ;
#6032 = LINE ( 'NONE', #8230, #6287 ) ;
#6033 = ORIENTED_EDGE ( 'NONE', *, *, #1482, .F. ) ;
#6034 = CARTESIAN_POINT ( 'NONE',  ( -0.7799999999999979172, 0.06250000000000000000, -9.025000000000000355 ) ) ;
#6035 = DIRECTION ( 'NONE',  ( -0.000000000000000000, 1.000000000000000000, -0.000000000000000000 ) ) ;
#6036 = CARTESIAN_POINT ( 'NONE',  ( 2.350000000000000089, 0.2530000000000000027, -8.325000000000001066 ) ) ;
#6037 = EDGE_CURVE ( 'NONE', #7417, #6245, #11261, .T. ) ;
#6038 = PRESENTATION_STYLE_ASSIGNMENT (( #12088 ) ) ;
#6039 = EDGE_CURVE ( 'NONE', #7777, #2029, #8164, .T. ) ;
#6040 = VERTEX_POINT ( 'NONE', #8089 ) ;
#6041 = ORIENTED_EDGE ( 'NONE', *, *, #9500, .F. ) ;
#6042 = EDGE_CURVE ( 'NONE', #3291, #161, #6032, .T. ) ;
#6043 = LINE ( 'NONE', #10243, #43 ) ;
#6044 = CARTESIAN_POINT ( 'NONE',  ( 0.000000000000000000, 0.06250000000000000000, -2.403000000000000025 ) ) ;
#6045 = ORIENTED_EDGE ( 'NONE', *, *, #65, .F. ) ;
#6046 = LINE ( 'NONE', #8179, #2133 ) ;
#6047 = CARTESIAN_POINT ( 'NONE',  ( 0.2250000000000010325, 0.06250000000000000000, -9.875000000000000000 ) ) ;
#6048 = DIRECTION ( 'NONE',  ( 1.000000000000000000, 0.000000000000000000, -2.891205793294662451E-15 ) ) ;
#6049 = DIRECTION ( 'NONE',  ( -0.000000000000000000, 1.000000000000000000, -0.000000000000000000 ) ) ;
#6050 = CARTESIAN_POINT ( 'NONE',  ( 0.1799999999999989664, 0.06250000000000000000, -8.424999999999997158 ) ) ;
#6051 = ORIENTED_EDGE ( 'NONE', *, *, #12382, .T. ) ;
#6052 = EDGE_CURVE ( 'NONE', #6009, #6982, #12429, .T. ) ;
#6053 = EDGE_LOOP ( 'NONE', ( #8882, #11821, #10920, #6887 ) ) ;
#6054 = CARTESIAN_POINT ( 'NONE',  ( -2.150000000000000799, 0.2530000000000000027, -8.875000000000000000 ) ) ;
#6055 = ORIENTED_EDGE ( 'NONE', *, *, #2835, .T. ) ;
#6056 = EDGE_CURVE ( 'NONE', #2054, #9165, #11192, .T. ) ;
#6057 = EDGE_CURVE ( 'NONE', #12873, #10136, #4996, .T. ) ;
#6058 = CARTESIAN_POINT ( 'NONE',  ( 1.390000000000000346, 1.119999999999999885, 6.299999999999999822 ) ) ;
#6059 = LINE ( 'NONE', #10467, #10569 ) ;
#6060 = ORIENTED_EDGE ( 'NONE', *, *, #6461, .F. ) ;
#6061 = ORIENTED_EDGE ( 'NONE', *, *, #12191, .T. ) ;
#6062 = DIRECTION ( 'NONE',  ( 0.000000000000000000, 1.000000000000000000, -0.000000000000000000 ) ) ;
#6063 = LINE ( 'NONE', #9031, #421 ) ;
#6064 = SURFACE_STYLE_USAGE ( .BOTH. , #11297 ) ;
#6065 = CARTESIAN_POINT ( 'NONE',  ( 1.100000000000000311, 0.06250000000000000000, -4.753000000000000114 ) ) ;
#6066 = UNCERTAINTY_MEASURE_WITH_UNIT (LENGTH_MEASURE( 1.000000000000000082E-05 ), #2557, 'distance_accuracy_value', 'NONE');
#6067 = ORIENTED_EDGE ( 'NONE', *, *, #680, .T. ) ;
#6068 = EDGE_CURVE ( 'NONE', #1852, #2053, #2779, .T. ) ;
#6069 = ORIENTED_EDGE ( 'NONE', *, *, #1606, .F. ) ;
#6070 = EDGE_CURVE ( 'NONE', #12195, #12833, #13267, .T. ) ;
#6071 = DIRECTION ( 'NONE',  ( -0.7071067811865584529, 0.000000000000000000, -0.7071067811865365815 ) ) ;
#6072 = EDGE_CURVE ( 'NONE', #1443, #13314, #11389, .T. ) ;
#6073 = DIRECTION ( 'NONE',  ( 1.000000000000000000, 0.000000000000000000, 2.942203995890114589E-16 ) ) ;
#6074 = CARTESIAN_POINT ( 'NONE',  ( 1.800000000000000488, 0.4780000000000000360, -4.798000000000000043 ) ) ;
#6075 = CARTESIAN_POINT ( 'NONE',  ( 0.000000000000000000, 0.1125000000000000028, -4.753000000000000114 ) ) ;
#6076 = LINE ( 'NONE', #3799, #3931 ) ;
#6077 = CYLINDRICAL_SURFACE ( 'NONE', #10187, 0.1749999999999998224 ) ;
#6078 = AXIS2_PLACEMENT_3D ( 'NONE', #11044, #1539, #10843 ) ;
#6079 = DIRECTION ( 'NONE',  ( 0.000000000000000000, 0.000000000000000000, -1.000000000000000000 ) ) ;
#6080 = ORIENTED_EDGE ( 'NONE', *, *, #159, .F. ) ;
#6081 = FACE_OUTER_BOUND ( 'NONE', #12533, .T. ) ;
#6082 = FACE_OUTER_BOUND ( 'NONE', #8893, .T. ) ;
#6083 = DIRECTION ( 'NONE',  ( -0.000000000000000000, 1.000000000000000000, -0.000000000000000000 ) ) ;
#6084 = FILL_AREA_STYLE_COLOUR ( '', #908 ) ;
#6085 = CARTESIAN_POINT ( 'NONE',  ( -0.6000000000000000888, 0.1125000000000000028, -4.753000000000000114 ) ) ;
#6086 = VERTEX_POINT ( 'NONE', #6923 ) ;
#6087 = MECHANICAL_DESIGN_GEOMETRIC_PRESENTATION_REPRESENTATION (  '', ( #8301 ), #4099 ) ;
#6088 = LINE ( 'NONE', #5061, #5903 ) ;
#6089 = ORIENTED_EDGE ( 'NONE', *, *, #8337, .T. ) ;
#6090 = ORIENTED_EDGE ( 'NONE', *, *, #7915, .T. ) ;
#6091 = AXIS2_PLACEMENT_3D ( 'NONE', #265, #116, #7343 ) ;
#6092 = CARTESIAN_POINT ( 'NONE',  ( 1.429999999999998828, 0.4780000000000000360, 1.694999999999999840 ) ) ;
#6093 = DIRECTION ( 'NONE',  ( -2.647983596301103229E-15, 0.000000000000000000, -1.000000000000000000 ) ) ;
#6094 = ORIENTED_EDGE ( 'NONE', *, *, #9946, .T. ) ;
#6095 = LINE ( 'NONE', #5072, #3488 ) ;
#6096 = CARTESIAN_POINT ( 'NONE',  ( -0.9850000000000015410, 0.1125000000000000028, -7.653000000000000469 ) ) ;
#6097 = CARTESIAN_POINT ( 'NONE',  ( 0.2000000000000000944, 0.1125000000000000028, 0.000000000000000000 ) ) ;
#6098 = SURFACE_STYLE_USAGE ( .BOTH. , #5075 ) ;
#6099 = ORIENTED_EDGE ( 'NONE', *, *, #9887, .F. ) ;
#6100 = ORIENTED_EDGE ( 'NONE', *, *, #2492, .F. ) ;
#6101 = DIRECTION ( 'NONE',  ( -0.7071067811865358044, 0.000000000000000000, -0.7071067811865593411 ) ) ;
#6102 = DIRECTION ( 'NONE',  ( 0.7071067811865497932, 0.000000000000000000, -0.7071067811865452413 ) ) ;
#6103 = EDGE_LOOP ( 'NONE', ( #11574, #4627, #11224, #5384 ) ) ;
#6104 = VECTOR ( 'NONE', #5319, 1000.000000000000000 ) ;
#6105 = VECTOR ( 'NONE', #2442, 1000.000000000000000 ) ;
#6106 = ADVANCED_FACE ( 'NONE', ( #868 ), #667, .F. ) ;
#6107 = LINE ( 'NONE', #5084, #9621 ) ;
#6108 = DIRECTION ( 'NONE',  ( 1.000000000000000000, 0.000000000000000000, 2.647983596301103623E-15 ) ) ;
#6109 = FACE_OUTER_BOUND ( 'NONE', #11231, .T. ) ;
#6110 = DIRECTION ( 'NONE',  ( 1.000000000000000000, 0.000000000000000000, 0.000000000000000000 ) ) ;
#6111 = AXIS2_PLACEMENT_3D ( 'NONE', #220, #9779, #143 ) ;
#6112 = LINE ( 'NONE', #888, #4540 ) ;
#6113 = DIRECTION ( 'NONE',  ( -0.000000000000000000, 1.000000000000000000, -0.000000000000000000 ) ) ;
#6114 = STYLED_ITEM ( 'NONE', ( #3933 ), #5132 ) ;
#6115 = ORIENTED_EDGE ( 'NONE', *, *, #6395, .F. ) ;
#6116 = LINE ( 'NONE', #3072, #3310 ) ;
#6117 = DIRECTION ( 'NONE',  ( -0.7071067811865465735, 0.000000000000000000, -0.7071067811865485719 ) ) ;
#6118 = ORIENTED_EDGE ( 'NONE', *, *, #5536, .F. ) ;
#6119 = VECTOR ( 'NONE', #13544, 1000.000000000000000 ) ;
#6120 = DIRECTION ( 'NONE',  ( -0.000000000000000000, -1.000000000000000000, -0.000000000000000000 ) ) ;
#6121 = CARTESIAN_POINT ( 'NONE',  ( -0.2019999999999984031, 2.080000000000000071, 9.054631419979587648 ) ) ;
#6122 = AXIS2_PLACEMENT_3D ( 'NONE', #4961, #9160, #13427 ) ;
#6123 = VERTEX_POINT ( 'NONE', #10377 ) ;
#6124 = ORIENTED_EDGE ( 'NONE', *, *, #7385, .T. ) ;
#6125 = VECTOR ( 'NONE', #9829, 1000.000000000000000 ) ;
#6126 = EDGE_CURVE ( 'NONE', #655, #3801, #10047, .T. ) ;
#6127 = EDGE_CURVE ( 'NONE', #362, #6648, #8021, .T. ) ;
#6128 = LINE ( 'NONE', #12461, #5510 ) ;
#6129 = DIRECTION ( 'NONE',  ( 1.000000000000000000, 0.000000000000000000, 2.168404344971009262E-15 ) ) ;
#6130 = EDGE_CURVE ( 'NONE', #9804, #7443, #7060, .T. ) ;
#6131 = VECTOR ( 'NONE', #12464, 1000.000000000000000 ) ;
#6132 = CARTESIAN_POINT ( 'NONE',  ( 2.149999999999999467, 1.320000000000000062, 6.299999999999999822 ) ) ;
#6133 = VECTOR ( 'NONE', #2478, 1000.000000000000000 ) ;
#6134 = VERTEX_POINT ( 'NONE', #9195 ) ;
#6135 = VERTEX_POINT ( 'NONE', #13398 ) ;
#6136 = DIRECTION ( 'NONE',  ( -1.000000000000000000, 0.000000000000000000, -0.000000000000000000 ) ) ;
#6137 = CARTESIAN_POINT ( 'NONE',  ( -2.150000000000000799, 0.1125000000000000028, -7.653000000000000469 ) ) ;
#6138 = CARTESIAN_POINT ( 'NONE',  ( -0.4500000000000026756, 0.06250000000000000000, -9.724999999999999645 ) ) ;
#6139 = DIRECTION ( 'NONE',  ( 0.7071067811865804353, 0.000000000000000000, 0.7071067811865147101 ) ) ;
#6140 = VECTOR ( 'NONE', #8219, 1000.000000000000000 ) ;
#6141 = AXIS2_PLACEMENT_3D ( 'NONE', #7613, #3542, #7747 ) ;
#6142 = VECTOR ( 'NONE', #2761, 1000.000000000000000 ) ;
#6143 = EDGE_CURVE ( 'NONE', #10054, #7487, #3956, .T. ) ;
#6144 = EDGE_CURVE ( 'NONE', #11682, #3265, #11323, .T. ) ;
#6145 = AXIS2_PLACEMENT_3D ( 'NONE', #8143, #8213, #11243 ) ;
#6146 = DIRECTION ( 'NONE',  ( -1.172110456741085828E-16, -0.000000000000000000, -1.000000000000000000 ) ) ;
#6147 = EDGE_CURVE ( 'NONE', #9206, #1225, #5341, .T. ) ;
#6148 = FACE_OUTER_BOUND ( 'NONE', #10271, .T. ) ;
#6149 = CARTESIAN_POINT ( 'NONE',  ( 0.05000000000000012768, 0.06250000000000000000, -3.753000000000000114 ) ) ;
#6150 = CARTESIAN_POINT ( 'NONE',  ( 2.199999999999999734, 0.2530000000000000027, 10.00000000000000000 ) ) ;
#6151 = AXIS2_PLACEMENT_3D ( 'NONE', #3679, #12086, #12158 ) ;
#6152 = LINE ( 'NONE', #10360, #5642 ) ;
#6153 = VECTOR ( 'NONE', #9550, 1000.000000000000000 ) ;
#6154 = VERTEX_POINT ( 'NONE', #9531 ) ;
#6155 = DIRECTION ( 'NONE',  ( 0.000000000000000000, 1.000000000000000000, 0.000000000000000000 ) ) ;
#6156 = PRESENTATION_LAYER_ASSIGNMENT (  '', '', ( #10123 ) ) ;
#6157 = DIRECTION ( 'NONE',  ( 1.084202172485504631E-15, 0.000000000000000000, 1.000000000000000000 ) ) ;
#6158 = PLANE ( 'NONE',  #9018 ) ;
#6159 = VECTOR ( 'NONE', #9426, 1000.000000000000000 ) ;
#6160 = DIRECTION ( 'NONE',  ( -0.7071067811865497932, 0.000000000000000000, -0.7071067811865452413 ) ) ;
#6161 = LINE ( 'NONE', #13384, #10121 ) ;
#6162 = ORIENTED_EDGE ( 'NONE', *, *, #10445, .T. ) ;
#6163 = EDGE_LOOP ( 'NONE', ( #8120, #10707, #3835, #13584 ) ) ;
#6164 = ORIENTED_EDGE ( 'NONE', *, *, #5272, .T. ) ;
#6165 = VECTOR ( 'NONE', #5127, 1000.000000000000000 ) ;
#6166 = STYLED_ITEM ( 'NONE', ( #13563 ), #9581 ) ;
#6167 = CARTESIAN_POINT ( 'NONE',  ( 0.04999999999999969746, 0.06250000000000000000, -8.424999999999997158 ) ) ;
#6168 = ADVANCED_FACE ( 'NONE', ( #2222 ), #11466, .F. ) ;
#6169 = CARTESIAN_POINT ( 'NONE',  ( -1.380000000000000115, 0.1125000000000000028, -9.025000000000000355 ) ) ;
#6170 = ORIENTED_EDGE ( 'NONE', *, *, #11011, .T. ) ;
#6171 = CARTESIAN_POINT ( 'NONE',  ( 1.867500000000004823, 0.06250000000000000000, -9.875000000000000000 ) ) ;
#6172 = CARTESIAN_POINT ( 'NONE',  ( -2.350000000000000977, 0.2530000000000000027, -8.125000000000000000 ) ) ;
#6173 = ORIENTED_EDGE ( 'NONE', *, *, #7058, .T. ) ;
#6174 = VECTOR ( 'NONE', #2472, 1000.000000000000000 ) ;
#6175 = PRESENTATION_LAYER_ASSIGNMENT (  '', '', ( #12775 ) ) ;
#6176 = VERTEX_POINT ( 'NONE', #100 ) ;
#6177 = DIRECTION ( 'NONE',  ( -0.000000000000000000, 1.000000000000000000, -0.000000000000000000 ) ) ;
#6178 = CARTESIAN_POINT ( 'NONE',  ( 1.620000000000002993, 0.06250000000000000000, -9.025000000000000355 ) ) ;
#6179 = ORIENTED_EDGE ( 'NONE', *, *, #12629, .T. ) ;
#6180 = AXIS2_PLACEMENT_3D ( 'NONE', #1389, #8753, #6695 ) ;
#6181 = CARTESIAN_POINT ( 'NONE',  ( -2.150000000000000799, 0.4780000000000000360, -6.987373870972730217 ) ) ;
#6182 = DIRECTION ( 'NONE',  ( 0.000000000000000000, 0.000000000000000000, 1.000000000000000000 ) ) ;
#6183 = FILL_AREA_STYLE ('',( #11410 ) ) ;
#6184 = CARTESIAN_POINT ( 'NONE',  ( -2.200000000000000622, 0.1125000000000000028, -2.142999999999999794 ) ) ;
#6185 = LINE ( 'NONE', #9347, #8424 ) ;
#6186 = ORIENTED_EDGE ( 'NONE', *, *, #242, .F. ) ;
#6187 = PRESENTATION_STYLE_ASSIGNMENT (( #12319 ) ) ;
#6188 = PLANE ( 'NONE',  #9441 ) ;
#6189 = ADVANCED_FACE ( 'NONE', ( #995 ), #7535, .T. ) ;
#6190 = EDGE_LOOP ( 'NONE', ( #13434, #13399, #7573, #3411 ) ) ;
#6191 = DIRECTION ( 'NONE',  ( 0.000000000000000000, 0.000000000000000000, 1.000000000000000000 ) ) ;
#6192 = AXIS2_PLACEMENT_3D ( 'NONE', #9760, #2582, #11071 ) ;
#6193 = CARTESIAN_POINT ( 'NONE',  ( 1.649999999999999467, 0.2530000000000000027, 3.899999999999999911 ) ) ;
#6194 = VECTOR ( 'NONE', #4206, 1000.000000000000000 ) ;
#6195 = ORIENTED_EDGE ( 'NONE', *, *, #9072, .F. ) ;
#6196 = ORIENTED_EDGE ( 'NONE', *, *, #3397, .T. ) ;
#6197 = PLANE ( 'NONE',  #6122 ) ;
#6198 = CARTESIAN_POINT ( 'NONE',  ( -2.200000000000000178, -0.2250000000000000056, 5.349999999999999645 ) ) ;
#6199 = CLOSED_SHELL ( 'NONE', ( #3274, #910, #510, #13186, #7037, #11740, #12806, #4593, #4095, #4112, #8580, #422, #3737, #4612 ) ) ;
#6200 = VECTOR ( 'NONE', #1698, 1000.000000000000000 ) ;
#6201 = DIRECTION ( 'NONE',  ( 1.000000000000000000, 0.000000000000000000, 0.000000000000000000 ) ) ;
#6202 = ORIENTED_EDGE ( 'NONE', *, *, #1325, .T. ) ;
#6203 = VERTEX_POINT ( 'NONE', #6439 ) ;
#6204 = DIRECTION ( 'NONE',  ( 0.000000000000000000, -0.000000000000000000, -1.000000000000000000 ) ) ;
#6205 = FACE_OUTER_BOUND ( 'NONE', #11324, .T. ) ;
#6206 = ADVANCED_FACE ( 'NONE', ( #3325 ), #31, .F. ) ;
#6207 = ORIENTED_EDGE ( 'NONE', *, *, #7435, .T. ) ;
#6208 = EDGE_CURVE ( 'NONE', #890, #3573, #10639, .T. ) ;
#6209 = DIRECTION ( 'NONE',  ( 0.000000000000000000, -1.000000000000000000, 0.000000000000000000 ) ) ;
#6210 = LINE ( 'NONE', #12411, #897 ) ;
#6211 = ADVANCED_FACE ( 'NONE', ( #10503 ), #12634, .F. ) ;
#6212 = VECTOR ( 'NONE', #6921, 1000.000000000000000 ) ;
#6213 = PLANE ( 'NONE',  #8555 ) ;
#6214 = PLANE ( 'NONE',  #9848 ) ;
#6215 = FACE_OUTER_BOUND ( 'NONE', #4674, .T. ) ;
#6216 = DIRECTION ( 'NONE',  ( 1.000000000000000000, 0.000000000000000000, -4.625929269271459921E-14 ) ) ;
#6217 = VECTOR ( 'NONE', #12711, 1000.000000000000000 ) ;
#6218 = PLANE ( 'NONE',  #7178 ) ;
#6219 = EDGE_LOOP ( 'NONE', ( #523, #2098, #2457, #11032 ) ) ;
#6220 = LINE ( 'NONE', #982, #13415 ) ;
#6221 = VECTOR ( 'NONE', #5350, 1000.000000000000000 ) ;
#6222 = CARTESIAN_POINT ( 'NONE',  ( 1.429999999999998828, 0.4780000000000000360, 2.494999999999999662 ) ) ;
#6223 = CARTESIAN_POINT ( 'NONE',  ( 0.2150000000000005518, 0.06250000000000000000, -7.653000000000000469 ) ) ;
#6224 = EDGE_CURVE ( 'NONE', #8054, #12734, #11728, .T. ) ;
#6225 = EDGE_CURVE ( 'NONE', #9214, #7213, #1198, .T. ) ;
#6226 = DIRECTION ( 'NONE',  ( 1.000000000000000000, 0.000000000000000000, 0.000000000000000000 ) ) ;
#6227 = ORIENTED_EDGE ( 'NONE', *, *, #7404, .T. ) ;
#6228 = EDGE_CURVE ( 'NONE', #10454, #1436, #11356, .T. ) ;
#6229 = ORIENTED_EDGE ( 'NONE', *, *, #6981, .F. ) ;
#6230 = VERTEX_POINT ( 'NONE', #1053 ) ;
#6231 = CARTESIAN_POINT ( 'NONE',  ( 0.9750000000000041966, 0.06250000000000000000, -2.626328243909008466E-16 ) ) ;
#6232 = CARTESIAN_POINT ( 'NONE',  ( 4.537499999999988098, 0.1125000000000000028, -4.537500000000128431 ) ) ;
#6233 = ORIENTED_EDGE ( 'NONE', *, *, #9418, .T. ) ;
#6234 = CARTESIAN_POINT ( 'NONE',  ( -0.5019999999999983364, 2.880000000000000338, 7.799999999999999822 ) ) ;
#6235 = FACE_OUTER_BOUND ( 'NONE', #7451, .T. ) ;
#6236 = DIRECTION ( 'NONE',  ( 0.000000000000000000, 0.000000000000000000, -1.000000000000000000 ) ) ;
#6237 = LINE ( 'NONE', #2159, #9304 ) ;
#6238 = VECTOR ( 'NONE', #11542, 1000.000000000000000 ) ;
#6239 = ORIENTED_EDGE ( 'NONE', *, *, #12025, .F. ) ;
#6240 = ADVANCED_FACE ( 'NONE', ( #5195 ), #3048, .F. ) ;
#6241 = VERTEX_POINT ( 'NONE', #2090 ) ;
#6242 = EDGE_CURVE ( 'NONE', #7530, #4732, #13590, .T. ) ;
#6243 = CARTESIAN_POINT ( 'NONE',  ( -3.689539992968177900E-15, 0.1125000000000000028, -3.403000000000001357 ) ) ;
#6244 = LINE ( 'NONE', #4370, #10935 ) ;
#6245 = VERTEX_POINT ( 'NONE', #5409 ) ;
#6246 = LINE ( 'NONE', #11604, #5008 ) ;
#6247 = CARTESIAN_POINT ( 'NONE',  ( -3.937500000000005329, 0.06250000000000000000, -3.937500000000126565 ) ) ;
#6248 = DIRECTION ( 'NONE',  ( -0.000000000000000000, 1.000000000000000000, -0.000000000000000000 ) ) ;
#6249 =( NAMED_UNIT ( * ) PLANE_ANGLE_UNIT ( ) SI_UNIT ( $, .RADIAN. ) );
#6250 = DIRECTION ( 'NONE',  ( -0.7071067811865497932, 0.000000000000000000, -0.7071067811865452413 ) ) ;
#6251 = LINE ( 'NONE', #2245, #4454 ) ;
#6252 = ORIENTED_EDGE ( 'NONE', *, *, #7806, .T. ) ;
#6253 = DIRECTION ( 'NONE',  ( -1.000000000000000000, 0.000000000000000000, -0.000000000000000000 ) ) ;
#6254 = ORIENTED_EDGE ( 'NONE', *, *, #10797, .F. ) ;
#6255 = LINE ( 'NONE', #7145, #7073 ) ;
#6256 = CARTESIAN_POINT ( 'NONE',  ( 0.000000000000000000, 0.1125000000000000028, 0.000000000000000000 ) ) ;
#6257 = ORIENTED_EDGE ( 'NONE', *, *, #11521, .F. ) ;
#6258 = ORIENTED_EDGE ( 'NONE', *, *, #5564, .T. ) ;
#6259 = EDGE_LOOP ( 'NONE', ( #5945, #9233, #4754, #4165 ) ) ;
#6260 = CARTESIAN_POINT ( 'NONE',  ( 0.000000000000000000, 0.1125000000000000028, 0.000000000000000000 ) ) ;
#6261 = DIRECTION ( 'NONE',  ( -0.7071067811865358044, 0.000000000000000000, -0.7071067811865593411 ) ) ;
#6262 = DIRECTION ( 'NONE',  ( -0.000000000000000000, 1.000000000000000000, -0.000000000000000000 ) ) ;
#6263 = ORIENTED_EDGE ( 'NONE', *, *, #10944, .F. ) ;
#6264 = ORIENTED_EDGE ( 'NONE', *, *, #7196, .T. ) ;
#6265 = LINE ( 'NONE', #13304, #1288 ) ;
#6266 = VERTEX_POINT ( 'NONE', #9594 ) ;
#6267 = DIRECTION ( 'NONE',  ( 0.000000000000000000, 0.000000000000000000, 1.000000000000000000 ) ) ;
#6268 = PLANE ( 'NONE',  #4619 ) ;
#6269 = ORIENTED_EDGE ( 'NONE', *, *, #6811, .T. ) ;
#6270 = DIRECTION ( 'NONE',  ( 0.000000000000000000, 0.000000000000000000, -1.000000000000000000 ) ) ;
#6271 = EDGE_CURVE ( 'NONE', #389, #12033, #7386, .T. ) ;
#6272 = EDGE_CURVE ( 'NONE', #9952, #6276, #2153, .T. ) ;
#6273 = PLANE ( 'NONE',  #1817 ) ;
#6274 = EDGE_CURVE ( 'NONE', #8499, #11749, #11528, .T. ) ;
#6275 = DIRECTION ( 'NONE',  ( 0.7071067811865729968, 0.000000000000000000, -0.7071067811865220376 ) ) ;
#6276 = VERTEX_POINT ( 'NONE', #8437 ) ;
#6277 = FACE_OUTER_BOUND ( 'NONE', #10980, .T. ) ;
#6278 = DIRECTION ( 'NONE',  ( 0.7071067811865584529, 0.000000000000000000, -0.7071067811865365815 ) ) ;
#6279 = DIRECTION ( 'NONE',  ( -0.000000000000000000, 1.000000000000000000, -0.000000000000000000 ) ) ;
#6280 =( LENGTH_UNIT ( ) NAMED_UNIT ( * ) SI_UNIT ( .MILLI., .METRE. ) );
#6281 = CARTESIAN_POINT ( 'NONE',  ( -2.750000000000000888, 0.2530000000000000027, -8.699999999999997513 ) ) ;
#6282 = VERTEX_POINT ( 'NONE', #6365 ) ;
#6283 = ORIENTED_EDGE ( 'NONE', *, *, #12008, .F. ) ;
#6284 = ORIENTED_EDGE ( 'NONE', *, *, #11793, .T. ) ;
#6285 = CARTESIAN_POINT ( 'NONE',  ( 0.2150000000000005518, 0.06250000000000000000, -7.653000000000000469 ) ) ;
#6286 = EDGE_CURVE ( 'NONE', #5847, #1223, #1128, .T. ) ;
#6287 = VECTOR ( 'NONE', #10299, 1000.000000000000000 ) ;
#6288 = ADVANCED_FACE ( 'NONE', ( #3387 ), #6642, .F. ) ;
#6289 = EDGE_CURVE ( 'NONE', #10691, #3368, #4769, .T. ) ;
#6290 = EDGE_CURVE ( 'NONE', #4860, #5735, #3418, .T. ) ;
#6291 = CARTESIAN_POINT ( 'NONE',  ( -1.020000000000002016, 0.06250000000000000000, 0.000000000000000000 ) ) ;
#6292 = ORIENTED_EDGE ( 'NONE', *, *, #3785, .F. ) ;
#6293 = DIRECTION ( 'NONE',  ( -0.000000000000000000, 1.000000000000000000, -0.000000000000000000 ) ) ;
#6294 = PRESENTATION_STYLE_ASSIGNMENT (( #4999 ) ) ;
#6295 = DIRECTION ( 'NONE',  ( 0.000000000000000000, 0.000000000000000000, -1.000000000000000000 ) ) ;
#6296 = CARTESIAN_POINT ( 'NONE',  ( 2.350000000000000089, 0.4780000000000000360, -9.074999999999999289 ) ) ;
#6297 = ORIENTED_EDGE ( 'NONE', *, *, #3119, .T. ) ;
#6298 = VERTEX_POINT ( 'NONE', #8695 ) ;
#6299 = DIRECTION ( 'NONE',  ( 0.000000000000000000, -1.000000000000000000, 0.000000000000000000 ) ) ;
#6300 = VECTOR ( 'NONE', #6250, 1000.000000000000000 ) ;
#6301 = FACE_OUTER_BOUND ( 'NONE', #9119, .T. ) ;
#6302 = ORIENTED_EDGE ( 'NONE', *, *, #13301, .T. ) ;
#6303 = PLANE ( 'NONE',  #10622 ) ;
#6304 = VECTOR ( 'NONE', #11359, 1000.000000000000000 ) ;
#6305 = EDGE_CURVE ( 'NONE', #12033, #11055, #5856, .T. ) ;
#6306 = ADVANCED_FACE ( 'NONE', ( #578 ), #3453, .T. ) ;
#6307 = FACE_OUTER_BOUND ( 'NONE', #1654, .T. ) ;
#6308 = FACE_OUTER_BOUND ( 'NONE', #6465, .T. ) ;
#6309 = EDGE_CURVE ( 'NONE', #448, #5837, #516, .T. ) ;
#6310 = PRESENTATION_LAYER_ASSIGNMENT (  '', '', ( #12248 ) ) ;
#6311 = CARTESIAN_POINT ( 'NONE',  ( -0.08499999999999741096, 0.06250000000000000000, -7.653000000000000469 ) ) ;
#6312 = DIRECTION ( 'NONE',  ( -0.000000000000000000, -1.000000000000000000, -0.000000000000000000 ) ) ;
#6313 = DIRECTION ( 'NONE',  ( 0.7071067811865584529, 0.000000000000000000, -0.7071067811865365815 ) ) ;
#6314 = EDGE_LOOP ( 'NONE', ( #12230, #8071, #2841, #5419 ) ) ;
#6315 = DIRECTION ( 'NONE',  ( 0.000000000000000000, 0.000000000000000000, -1.000000000000000000 ) ) ;
#6316 = LINE ( 'NONE', #10525, #7902 ) ;
#6317 = AXIS2_PLACEMENT_3D ( 'NONE', #2038, #8446, #2234 ) ;
#6318 = ORIENTED_EDGE ( 'NONE', *, *, #6052, .T. ) ;
#6319 = DIRECTION ( 'NONE',  ( -0.000000000000000000, 0.000000000000000000, 1.000000000000000000 ) ) ;
#6320 = DIRECTION ( 'NONE',  ( 0.000000000000000000, 0.000000000000000000, 1.000000000000000000 ) ) ;
#6321 = EDGE_LOOP ( 'NONE', ( #4090, #2470, #2050, #10801 ) ) ;
#6322 = ORIENTED_EDGE ( 'NONE', *, *, #12804, .F. ) ;
#6323 = ORIENTED_EDGE ( 'NONE', *, *, #5731, .T. ) ;
#6324 = FILL_AREA_STYLE ('',( #10607 ) ) ;
#6325 = CARTESIAN_POINT ( 'NONE',  ( 2.150000000000000799, 0.1125000000000000028, -7.653000000000000469 ) ) ;
#6326 = VECTOR ( 'NONE', #7584, 1000.000000000000000 ) ;
#6327 = EDGE_CURVE ( 'NONE', #9112, #2284, #2632, .T. ) ;
#6328 = VECTOR ( 'NONE', #12443, 1000.000000000000000 ) ;
#6329 = DIRECTION ( 'NONE',  ( 0.000000000000000000, 1.000000000000000000, 0.000000000000000000 ) ) ;
#6330 = UNCERTAINTY_MEASURE_WITH_UNIT (LENGTH_MEASURE( 1.000000000000000082E-05 ), #12579, 'distance_accuracy_value', 'NONE');
#6331 = ORIENTED_EDGE ( 'NONE', *, *, #8657, .F. ) ;
#6332 = VECTOR ( 'NONE', #7765, 1000.000000000000000 ) ;
#6333 = ORIENTED_EDGE ( 'NONE', *, *, #10076, .T. ) ;
#6334 = PLANE ( 'NONE',  #10982 ) ;
#6335 = ORIENTED_EDGE ( 'NONE', *, *, #13225, .T. ) ;
#6336 = CARTESIAN_POINT ( 'NONE',  ( -1.900000000000000355, 0.06250000000000000000, -3.753000000000000114 ) ) ;
#6337 = CARTESIAN_POINT ( 'NONE',  ( 1.350000000000000755, 0.1125000000000000028, 0.000000000000000000 ) ) ;
#6338 = ORIENTED_EDGE ( 'NONE', *, *, #6488, .F. ) ;
#6339 = AXIS2_PLACEMENT_3D ( 'NONE', #10655, #264, #12990 ) ;
#6340 = CARTESIAN_POINT ( 'NONE',  ( -0.2019999999999982920, 1.089999999999999414, 9.150000000000000355 ) ) ;
#6341 = VECTOR ( 'NONE', #8515, 1000.000000000000000 ) ;
#6342 = AXIS2_PLACEMENT_3D ( 'NONE', #371, #447, #8975 ) ;
#6343 = DIRECTION ( 'NONE',  ( 1.445602896647339656E-16, 0.000000000000000000, 1.000000000000000000 ) ) ;
#6344 = SURFACE_STYLE_FILL_AREA ( #918 ) ;
#6345 = CARTESIAN_POINT ( 'NONE',  ( -1.274999999999999245, 0.06250000000000000000, -9.799999999999998934 ) ) ;
#6346 = CARTESIAN_POINT ( 'NONE',  ( 0.4200000000000030376, 0.1125000000000000028, -9.025000000000000355 ) ) ;
#6347 = VECTOR ( 'NONE', #1638, 1000.000000000000000 ) ;
#6348 = ORIENTED_EDGE ( 'NONE', *, *, #4132, .F. ) ;
#6349 = CARTESIAN_POINT ( 'NONE',  ( 0.8499999999999995337, 0.2530000000000000027, 3.174999999999999822 ) ) ;
#6350 = CARTESIAN_POINT ( 'NONE',  ( -1.049999999999999600, 0.1125000000000000028, -9.724999999999996092 ) ) ;
#6351 = LINE ( 'NONE', #4283, #8103 ) ;
#6352 = DIRECTION ( 'NONE',  ( -0.000000000000000000, -0.000000000000000000, -1.000000000000000000 ) ) ;
#6353 = VECTOR ( 'NONE', #8752, 1000.000000000000000 ) ;
#6354 = CARTESIAN_POINT ( 'NONE',  ( 1.950000000000000400, 0.2530000000000000027, -10.00000000000000000 ) ) ;
#6355 = AXIS2_PLACEMENT_3D ( 'NONE', #3311, #296, #4216 ) ;
#6356 = EDGE_LOOP ( 'NONE', ( #6407, #7810, #9958, #13334 ) ) ;
#6357 = EDGE_CURVE ( 'NONE', #3366, #3133, #11866, .T. ) ;
#6358 = VECTOR ( 'NONE', #6129, 1000.000000000000000 ) ;
#6359 = ORIENTED_EDGE ( 'NONE', *, *, #81, .T. ) ;
#6360 = ORIENTED_EDGE ( 'NONE', *, *, #9088, .F. ) ;
#6361 = CARTESIAN_POINT ( 'NONE',  ( -2.150000000000001688, 0.4780000000000000360, -9.799999999999998934 ) ) ;
#6362 = VECTOR ( 'NONE', #9218, 1000.000000000000000 ) ;
#6363 = VECTOR ( 'NONE', #1745, 1000.000000000000000 ) ;
#6364 = VECTOR ( 'NONE', #12462, 1000.000000000000114 ) ;
#6365 = CARTESIAN_POINT ( 'NONE',  ( 1.020000000000003570, 0.1125000000000000028, -8.424999999999997158 ) ) ;
#6366 = VERTEX_POINT ( 'NONE', #11794 ) ;
#6367 = PLANE ( 'NONE',  #13396 ) ;
#6368 = VECTOR ( 'NONE', #6423, 1000.000000000000000 ) ;
#6369 = LINE ( 'NONE', #2094, #4898 ) ;
#6370 = CARTESIAN_POINT ( 'NONE',  ( 0.000000000000000000, 0.1125000000000000028, -2.403000000000000025 ) ) ;
#6371 = CARTESIAN_POINT ( 'NONE',  ( -1.284999999999997700, 0.06250000000000000000, 3.780732134718799500E-16 ) ) ;
#6372 = ORIENTED_EDGE ( 'NONE', *, *, #2384, .F. ) ;
#6373 = ORIENTED_EDGE ( 'NONE', *, *, #10007, .T. ) ;
#6374 = ADVANCED_FACE ( 'NONE', ( #12063 ), #2426, .F. ) ;
#6375 = DIRECTION ( 'NONE',  ( -0.000000000000000000, 0.000000000000000000, -1.000000000000000000 ) ) ;
#6376 = EDGE_CURVE ( 'NONE', #10218, #12184, #1611, .T. ) ;
#6377 = AXIS2_PLACEMENT_3D ( 'NONE', #6074, #7162, #10276 ) ;
#6378 = DIRECTION ( 'NONE',  ( -1.000000000000000000, 0.000000000000000000, 0.000000000000000000 ) ) ;
#6379 = VECTOR ( 'NONE', #10068, 1000.000000000000000 ) ;
#6380 = ORIENTED_EDGE ( 'NONE', *, *, #8032, .F. ) ;
#6381 = EDGE_CURVE ( 'NONE', #11384, #12863, #10015, .T. ) ;
#6382 = PLANE ( 'NONE',  #12152 ) ;
#6383 = DIRECTION ( 'NONE',  ( 0.000000000000000000, 0.000000000000000000, 1.000000000000000000 ) ) ;
#6384 = LINE ( 'NONE', #261, #797 ) ;
#6385 = VECTOR ( 'NONE', #12880, 1000.000000000000000 ) ;
#6386 =( NAMED_UNIT ( * ) SI_UNIT ( $, .STERADIAN. ) SOLID_ANGLE_UNIT ( ) );
#6387 = COLOUR_RGB ( '',0.7529411764705882248, 0.7529411764705882248, 0.7529411764705882248 ) ;
#6388 = DIRECTION ( 'NONE',  ( -1.000000000000000000, 0.000000000000000000, 0.000000000000000000 ) ) ;
#6389 =( NAMED_UNIT ( * ) SI_UNIT ( $, .STERADIAN. ) SOLID_ANGLE_UNIT ( ) );
#6390 = ORIENTED_EDGE ( 'NONE', *, *, #10944, .T. ) ;
#6391 = PLANE ( 'NONE',  #683 ) ;
#6392 = CARTESIAN_POINT ( 'NONE',  ( 1.867500000000004823, 0.1125000000000000028, -0.000000000000000000 ) ) ;
#6393 = ORIENTED_EDGE ( 'NONE', *, *, #6130, .F. ) ;
#6394 = CARTESIAN_POINT ( 'NONE',  ( -0.2149999999999980815, 0.06250000000000000000, -7.653000000000000469 ) ) ;
#6395 = EDGE_CURVE ( 'NONE', #6579, #3857, #1334, .T. ) ;
#6396 = LINE ( 'NONE', #5578, #9035 ) ;
#6397 = ADVANCED_FACE ( 'NONE', ( #4557 ), #4634, .F. ) ;
#6398 = VERTEX_POINT ( 'NONE', #9737 ) ;
#6399 = VERTEX_POINT ( 'NONE', #11935 ) ;
#6400 = EDGE_CURVE ( 'NONE', #160, #12690, #2493, .T. ) ;
#6401 = AXIS2_PLACEMENT_3D ( 'NONE', #959, #3908, #2801 ) ;
#6402 = VERTEX_POINT ( 'NONE', #443 ) ;
#6403 = VECTOR ( 'NONE', #11415, 1000.000000000000000 ) ;
#6404 = DIRECTION ( 'NONE',  ( 0.000000000000000000, -0.000000000000000000, -1.000000000000000000 ) ) ;
#6405 = CARTESIAN_POINT ( 'NONE',  ( -1.425000000000000488, 0.1125000000000000028, -9.875000000000000000 ) ) ;
#6406 = CARTESIAN_POINT ( 'NONE',  ( 0.5250000000000015765, 0.06250000000000000000, -9.875000000000000000 ) ) ;
#6407 = ORIENTED_EDGE ( 'NONE', *, *, #1353, .T. ) ;
#6408 = ORIENTED_EDGE ( 'NONE', *, *, #10095, .T. ) ;
#6409 = SURFACE_SIDE_STYLE ('',( #8469 ) ) ;
#6410 = VECTOR ( 'NONE', #4699, 1000.000000000000000 ) ;
#6411 = FACE_OUTER_BOUND ( 'NONE', #3365, .T. ) ;
#6412 = ORIENTED_EDGE ( 'NONE', *, *, #11104, .F. ) ;
#6413 = LINE ( 'NONE', #10817, #3991 ) ;
#6414 = DIRECTION ( 'NONE',  ( 1.000000000000000000, 0.000000000000000000, -1.084202172485504828E-15 ) ) ;
#6415 = EDGE_CURVE ( 'NONE', #5373, #9003, #5813, .T. ) ;
#6416 = VERTEX_POINT ( 'NONE', #3594 ) ;
#6417 = EDGE_CURVE ( 'NONE', #10186, #3074, #6735, .T. ) ;
#6418 = DIRECTION ( 'NONE',  ( 0.7071067811865358044, 0.000000000000000000, -0.7071067811865593411 ) ) ;
#6419 = CLOSED_SHELL ( 'NONE', ( #349, #1570, #10080, #12458, #4440, #9964 ) ) ;
#6420 = VECTOR ( 'NONE', #765, 1000.000000000000000 ) ;
#6421 = DIRECTION ( 'NONE',  ( -0.000000000000000000, 1.000000000000000000, -0.000000000000000000 ) ) ;
#6422 = PRESENTATION_STYLE_ASSIGNMENT (( #10824 ) ) ;
#6423 = DIRECTION ( 'NONE',  ( -0.000000000000000000, -1.000000000000000000, -0.000000000000000000 ) ) ;
#6424 = LINE ( 'NONE', #8481, #10539 ) ;
#6425 = VERTEX_POINT ( 'NONE', #7168 ) ;
#6426 = DIRECTION ( 'NONE',  ( 0.000000000000000000, 0.000000000000000000, 1.000000000000000000 ) ) ;
#6427 = CARTESIAN_POINT ( 'NONE',  ( 3.637499999999995293, 0.1125000000000000028, -3.637499999999973532 ) ) ;
#6428 = DIRECTION ( 'NONE',  ( -1.000000000000000000, 0.000000000000000000, 0.000000000000000000 ) ) ;
#6429 = CARTESIAN_POINT ( 'NONE',  ( -3.402500000000021174, 0.1125000000000000028, -3.402500000000126867 ) ) ;
#6430 = CARTESIAN_POINT ( 'NONE',  ( -0.5500000000000018208, 0.06250000000000000000, -8.424999999999997158 ) ) ;
#6431 = VECTOR ( 'NONE', #7885, 1000.000000000000000 ) ;
#6432 = EDGE_LOOP ( 'NONE', ( #10686, #9712, #10213, #3813 ) ) ;
#6433 = ORIENTED_EDGE ( 'NONE', *, *, #2847, .F. ) ;
#6434 = ORIENTED_EDGE ( 'NONE', *, *, #9258, .F. ) ;
#6435 = DIRECTION ( 'NONE',  ( 0.000000000000000000, 0.000000000000000000, -1.000000000000000000 ) ) ;
#6436 = VECTOR ( 'NONE', #2031, 1000.000000000000000 ) ;
#6437 = AXIS2_PLACEMENT_3D ( 'NONE', #2440, #6654, #11121 ) ;
#6438 = ADVANCED_FACE ( 'NONE', ( #3732 ), #1814, .F. ) ;
#6439 = CARTESIAN_POINT ( 'NONE',  ( -0.04999999999999622802, 0.06250000000000000000, -9.025000000000000355 ) ) ;
#6440 = VERTEX_POINT ( 'NONE', #4920 ) ;
#6441 = CARTESIAN_POINT ( 'NONE',  ( 0.6749999999995447419, 0.06250000000000000000, 3.122502256756129787E-14 ) ) ;
#6442 = LINE ( 'NONE', #2355, #3570 ) ;
#6443 = PLANE ( 'NONE',  #4326 ) ;
#6444 = DIRECTION ( 'NONE',  ( 0.7071067811865452413, 0.000000000000000000, 0.7071067811865497932 ) ) ;
#6445 = ORIENTED_EDGE ( 'NONE', *, *, #6381, .T. ) ;
#6446 = EDGE_LOOP ( 'NONE', ( #3743, #7567, #10610, #13366 ) ) ;
#6447 = CARTESIAN_POINT ( 'NONE',  ( -2.200000000000000622, 0.000000000000000000, -2.142999999999999794 ) ) ;
#6448 = VECTOR ( 'NONE', #11066, 1000.000000000000000 ) ;
#6449 = CARTESIAN_POINT ( 'NONE',  ( 5.537500000000001421, 0.1125000000000000028, -5.537499999999986322 ) ) ;
#6450 = ORIENTED_EDGE ( 'NONE', *, *, #1408, .F. ) ;
#6451 = CARTESIAN_POINT ( 'NONE',  ( -0.8019999999999979368, 2.080000000000000071, 9.150000000000000355 ) ) ;
#6452 = PLANE ( 'NONE',  #6550 ) ;
#6453 = EDGE_CURVE ( 'NONE', #11901, #1631, #8070, .T. ) ;
#6454 = EDGE_CURVE ( 'NONE', #6920, #5171, #2960, .T. ) ;
#6455 = CARTESIAN_POINT ( 'NONE',  ( 1.749999999999999778, 0.2530000000000000027, -1.542999999999999927 ) ) ;
#6456 = PRESENTATION_LAYER_ASSIGNMENT (  '', '', ( #3150 ) ) ;
#6457 = DIRECTION ( 'NONE',  ( -0.000000000000000000, -0.000000000000000000, -1.000000000000000000 ) ) ;
#6458 = CARTESIAN_POINT ( 'NONE',  ( 2.574999999999998845, 0.2530000000000000027, -8.325000000000001066 ) ) ;
#6459 = CARTESIAN_POINT ( 'NONE',  ( -2.149999999999998135, 0.2530000000000000027, 9.299999999999998934 ) ) ;
#6460 = CARTESIAN_POINT ( 'NONE',  ( 2.574999999999998845, 0.2530000000000000027, -8.325000000000001066 ) ) ;
#6461 = EDGE_CURVE ( 'NONE', #5895, #9936, #9179, .T. ) ;
#6462 = ORIENTED_EDGE ( 'NONE', *, *, #7302, .F. ) ;
#6463 =( LENGTH_UNIT ( ) NAMED_UNIT ( * ) SI_UNIT ( .MILLI., .METRE. ) );
#6464 = DIRECTION ( 'NONE',  ( 7.709882115452468306E-16, 0.000000000000000000, -1.000000000000000000 ) ) ;
#6465 = EDGE_LOOP ( 'NONE', ( #13576, #2943, #12358, #826 ) ) ;
#6466 = CARTESIAN_POINT ( 'NONE',  ( -0.5019999999999982254, 2.880000000000000338, 6.799999999999999822 ) ) ;
#6467 = CARTESIAN_POINT ( 'NONE',  ( -5.022500000000017728, 0.06250000000000000000, -5.022499999999848974 ) ) ;
#6468 = ORIENTED_EDGE ( 'NONE', *, *, #12841, .F. ) ;
#6469 = ORIENTED_EDGE ( 'NONE', *, *, #12025, .T. ) ;
#6470 = VERTEX_POINT ( 'NONE', #5879 ) ;
#6471 = CARTESIAN_POINT ( 'NONE',  ( -1.274999999999999911, 0.06250000000000000000, -9.875000000000000000 ) ) ;
#6472 = CARTESIAN_POINT ( 'NONE',  ( -0.3019999999999989360, 2.080000000000000071, 9.429999999999999716 ) ) ;
#6473 = EDGE_CURVE ( 'NONE', #7381, #4739, #13170, .T. ) ;
#6474 = ADVANCED_FACE ( 'NONE', ( #5050 ), #11375, .F. ) ;
#6475 = SURFACE_STYLE_FILL_AREA ( #3363 ) ;
#6476 = ADVANCED_FACE ( 'NONE', ( #10284 ), #9249, .T. ) ;
#6477 = EDGE_CURVE ( 'NONE', #13144, #12801, #4009, .T. ) ;
#6478 = ORIENTED_EDGE ( 'NONE', *, *, #8293, .F. ) ;
#6479 = ORIENTED_EDGE ( 'NONE', *, *, #5137, .F. ) ;
#6480 =( LENGTH_UNIT ( ) NAMED_UNIT ( * ) SI_UNIT ( .MILLI., .METRE. ) );
#6481 = FACE_OUTER_BOUND ( 'NONE', #11554, .T. ) ;
#6482 = VERTEX_POINT ( 'NONE', #8971 ) ;
#6483 = PLANE ( 'NONE',  #10380 ) ;
#6484 = LINE ( 'NONE', #1377, #3962 ) ;
#6485 = ORIENTED_EDGE ( 'NONE', *, *, #4384, .F. ) ;
#6486 = DIRECTION ( 'NONE',  ( -2.891205793294662451E-15, 0.000000000000000000, -1.000000000000000000 ) ) ;
#6487 = FACE_OUTER_BOUND ( 'NONE', #8739, .T. ) ;
#6488 = EDGE_CURVE ( 'NONE', #13534, #12024, #6152, .T. ) ;
#6489 = DIRECTION ( 'NONE',  ( -0.7071067811865465735, 0.000000000000000000, -0.7071067811865485719 ) ) ;
#6490 = EDGE_CURVE ( 'NONE', #7583, #1801, #6911, .T. ) ;
#6491 = LINE ( 'NONE', #1037, #11619 ) ;
#6492 = EDGE_CURVE ( 'NONE', #4490, #11871, #11109, .T. ) ;
#6493 = ORIENTED_EDGE ( 'NONE', *, *, #10513, .T. ) ;
#6494 = DIRECTION ( 'NONE',  ( 0.000000000000000000, 0.000000000000000000, -1.000000000000000000 ) ) ;
#6495 = CARTESIAN_POINT ( 'NONE',  ( 0.000000000000000000, 0.2530000000000000027, 0.000000000000000000 ) ) ;
#6496 = CARTESIAN_POINT ( 'NONE',  ( 0.05000000000000012768, 0.06250000000000000000, -4.753000000000000114 ) ) ;
#6497 = CARTESIAN_POINT ( 'NONE',  ( -0.5250000000000011324, 0.06250000000000000000, -9.799999999999998934 ) ) ;
#6498 = ORIENTED_EDGE ( 'NONE', *, *, #2349, .F. ) ;
#6499 = ORIENTED_EDGE ( 'NONE', *, *, #9175, .F. ) ;
#6500 = VERTEX_POINT ( 'NONE', #12208 ) ;
#6501 = CARTESIAN_POINT ( 'NONE',  ( -1.250000000000000222, 0.1125000000000000028, -8.424999999999997158 ) ) ;
#6502 = EDGE_CURVE ( 'NONE', #10130, #3194, #10223, .T. ) ;
#6503 = CARTESIAN_POINT ( 'NONE',  ( 0.4200000000000030376, 0.1125000000000000028, -9.025000000000000355 ) ) ;
#6504 = ORIENTED_EDGE ( 'NONE', *, *, #7338, .F. ) ;
#6505 = DIRECTION ( 'NONE',  ( 4.625929269271459921E-14, 0.000000000000000000, -1.000000000000000000 ) ) ;
#6506 = LINE ( 'NONE', #11592, #5841 ) ;
#6507 = ORIENTED_EDGE ( 'NONE', *, *, #1258, .T. ) ;
#6508 = EDGE_LOOP ( 'NONE', ( #2312, #543, #9410, #792 ) ) ;
#6509 = DIRECTION ( 'NONE',  ( -0.000000000000000000, 0.000000000000000000, -1.000000000000000000 ) ) ;
#6510 = FACE_OUTER_BOUND ( 'NONE', #6190, .T. ) ;
#6511 = ORIENTED_EDGE ( 'NONE', *, *, #1721, .F. ) ;
#6512 = AXIS2_PLACEMENT_3D ( 'NONE', #13191, #2507, #9890 ) ;
#6513 = CARTESIAN_POINT ( 'NONE',  ( -0.5149999999999629319, 0.1125000000000000028, 2.424376092613280107E-15 ) ) ;
#6514 = CARTESIAN_POINT ( 'NONE',  ( 0.8499999999999994227, 0.4780000000000000360, 3.899999999999999911 ) ) ;
#6515 = CARTESIAN_POINT ( 'NONE',  ( 1.100000000000000311, 0.06250000000000000000, 0.000000000000000000 ) ) ;
#6516 = CARTESIAN_POINT ( 'NONE',  ( 1.799999999999999156, 0.4780000000000000360, -2.128000000000000114 ) ) ;
#6517 = DIRECTION ( 'NONE',  ( 2.647983596301103623E-15, 0.000000000000000000, -1.000000000000000000 ) ) ;
#6518 = DIRECTION ( 'NONE',  ( 1.084202172485504828E-15, 0.000000000000000000, -1.000000000000000000 ) ) ;
#6519 = DIRECTION ( 'NONE',  ( 0.000000000000000000, -1.000000000000000000, 0.000000000000000000 ) ) ;
#6520 = SURFACE_STYLE_FILL_AREA ( #11748 ) ;
#6521 = AXIS2_PLACEMENT_3D ( 'NONE', #10572, #8566, #3186 ) ;
#6522 = ORIENTED_EDGE ( 'NONE', *, *, #7953, .F. ) ;
#6523 = DIRECTION ( 'NONE',  ( 0.7071067811865804353, 0.000000000000000000, 0.7071067811865147101 ) ) ;
#6524 = CARTESIAN_POINT ( 'NONE',  ( 1.249999999999999334, 0.06250000000000000000, -8.424999999999997158 ) ) ;
#6525 = ORIENTED_EDGE ( 'NONE', *, *, #1168, .F. ) ;
#6526 = FACE_OUTER_BOUND ( 'NONE', #7635, .T. ) ;
#6527 = LINE ( 'NONE', #3211, #4417 ) ;
#6528 = ORIENTED_EDGE ( 'NONE', *, *, #7146, .T. ) ;
#6529 = ORIENTED_EDGE ( 'NONE', *, *, #5309, .T. ) ;
#6530 = EDGE_CURVE ( 'NONE', #4855, #2145, #5953, .T. ) ;
#6531 = EDGE_LOOP ( 'NONE', ( #6851, #3784, #11733, #10468 ) ) ;
#6532 = ORIENTED_EDGE ( 'NONE', *, *, #2402, .F. ) ;
#6533 = EDGE_CURVE ( 'NONE', #1176, #12436, #786, .T. ) ;
#6534 = AXIS2_PLACEMENT_3D ( 'NONE', #9085, #10124, #3830 ) ;
#6535 = FACE_OUTER_BOUND ( 'NONE', #316, .T. ) ;
#6536 = CARTESIAN_POINT ( 'NONE',  ( 2.149999999999999911, 0.000000000000000000, -6.987373870972730217 ) ) ;
#6537 = DIRECTION ( 'NONE',  ( 0.7071067811865496822, 0.000000000000000000, -0.7071067811865454633 ) ) ;
#6538 = VERTEX_POINT ( 'NONE', #12271 ) ;
#6539 = ORIENTED_EDGE ( 'NONE', *, *, #2316, .F. ) ;
#6540 = CARTESIAN_POINT ( 'NONE',  ( 1.620000000000009432, 0.06250000000000000000, -1.170938346284344986E-15 ) ) ;
#6541 = LINE ( 'NONE', #3367, #2168 ) ;
#6542 = VERTEX_POINT ( 'NONE', #10155 ) ;
#6543 = CARTESIAN_POINT ( 'NONE',  ( -1.250000000000000000, 0.06250000000000000000, 0.000000000000000000 ) ) ;
#6544 = CARTESIAN_POINT ( 'NONE',  ( 2.149999999999999911, 0.2530000000000000027, -6.987373870972730217 ) ) ;
#6545 = ORIENTED_EDGE ( 'NONE', *, *, #7376, .T. ) ;
#6546 = ADVANCED_FACE ( 'NONE', ( #722 ), #2827, .T. ) ;
#6547 = LINE ( 'NONE', #1311, #388 ) ;
#6548 = EDGE_CURVE ( 'NONE', #5703, #6579, #2898, .T. ) ;
#6549 = EDGE_CURVE ( 'NONE', #3286, #6416, #7107, .T. ) ;
#6550 = AXIS2_PLACEMENT_3D ( 'NONE', #4246, #10651, #9609 ) ;
#6551 = PLANE ( 'NONE',  #13608 ) ;
#6552 = DIRECTION ( 'NONE',  ( -0.7071067811865584529, 0.000000000000000000, -0.7071067811865365815 ) ) ;
#6553 = DIRECTION ( 'NONE',  ( -0.000000000000000000, -1.000000000000000000, -0.000000000000000000 ) ) ;
#6554 = CARTESIAN_POINT ( 'NONE',  ( 0.000000000000000000, 0.06250000000000000000, 0.000000000000000000 ) ) ;
#6555 = ORIENTED_EDGE ( 'NONE', *, *, #10006, .T. ) ;
#6556 = CARTESIAN_POINT ( 'NONE',  ( 2.199999999999999734, 0.000000000000000000, -6.460000000000002629 ) ) ;
#6557 = DIRECTION ( 'NONE',  ( 0.7071067811865594521, 0.000000000000000000, 0.7071067811865356934 ) ) ;
#6558 = VECTOR ( 'NONE', #556, 1000.000000000000000 ) ;
#6559 = DIRECTION ( 'NONE',  ( 0.000000000000000000, -0.000000000000000000, -1.000000000000000000 ) ) ;
#6560 = LINE ( 'NONE', #1455, #2192 ) ;
#6561 = EDGE_LOOP ( 'NONE', ( #3759, #7098, #8732, #4085 ) ) ;
#6562 = EDGE_CURVE ( 'NONE', #11383, #11800, #9314, .T. ) ;
#6563 = EDGE_CURVE ( 'NONE', #4010, #7468, #3031, .T. ) ;
#6564 = ORIENTED_EDGE ( 'NONE', *, *, #10353, .F. ) ;
#6565 = EDGE_CURVE ( 'NONE', #8567, #6298, #5523, .T. ) ;
#6566 = DIRECTION ( 'NONE',  ( 0.000000000000000000, -0.000000000000000000, -1.000000000000000000 ) ) ;
#6567 = VECTOR ( 'NONE', #5691, 1000.000000000000000 ) ;
#6568 = LINE ( 'NONE', #11792, #8564 ) ;
#6569 = DIRECTION ( 'NONE',  ( -0.000000000000000000, -1.000000000000000000, -0.000000000000000000 ) ) ;
#6570 = VECTOR ( 'NONE', #12683, 1000.000000000000000 ) ;
#6571 = DIRECTION ( 'NONE',  ( 1.000000000000000000, 0.000000000000000000, 0.000000000000000000 ) ) ;
#6572 = AXIS2_PLACEMENT_3D ( 'NONE', #13088, #4690, #10000 ) ;
#6573 = DIRECTION ( 'NONE',  ( -0.000000000000000000, -1.000000000000000000, -0.000000000000000000 ) ) ;
#6574 = DIRECTION ( 'NONE',  ( 1.000000000000000000, 0.000000000000000000, 0.000000000000000000 ) ) ;
#6575 = VECTOR ( 'NONE', #12952, 1000.000000000000000 ) ;
#6576 = VERTEX_POINT ( 'NONE', #10809 ) ;
#6577 = ORIENTED_EDGE ( 'NONE', *, *, #7150, .F. ) ;
#6578 = CARTESIAN_POINT ( 'NONE',  ( 0.9943145750507611513, 1.289999999999999813, 9.299999999999998934 ) ) ;
#6579 = VERTEX_POINT ( 'NONE', #9771 ) ;
#6580 = EDGE_CURVE ( 'NONE', #1513, #2324, #9375, .T. ) ;
#6581 = VECTOR ( 'NONE', #5293, 1000.000000000000000 ) ;
#6582 = CIRCLE ( 'NONE', #8343, 0.6999999999999992895 ) ;
#6583 = CARTESIAN_POINT ( 'NONE',  ( 0.5049999999999991163, 0.4780000000000000360, 2.674999999999999822 ) ) ;
#6584 = VECTOR ( 'NONE', #12384, 1000.000000000000000 ) ;
#6585 = CARTESIAN_POINT ( 'NONE',  ( 2.574999999999998845, 0.4780000000000000360, -8.875000000000000000 ) ) ;
#6586 = CARTESIAN_POINT ( 'NONE',  ( 0.000000000000000000, -0.2250000000000000056, 0.000000000000000000 ) ) ;
#6587 =( NAMED_UNIT ( * ) PLANE_ANGLE_UNIT ( ) SI_UNIT ( $, .RADIAN. ) );
#6588 = DIRECTION ( 'NONE',  ( -0.000000000000000000, 1.000000000000000000, -0.000000000000000000 ) ) ;
#6589 = DIRECTION ( 'NONE',  ( 4.119085594246160228E-15, 0.000000000000000000, -1.000000000000000000 ) ) ;
#6590 = DIRECTION ( 'NONE',  ( 0.000000000000000000, 0.000000000000000000, -1.000000000000000000 ) ) ;
#6591 = DIRECTION ( 'NONE',  ( 1.000000000000000000, 0.000000000000000000, 0.000000000000000000 ) ) ;
#6592 = EDGE_LOOP ( 'NONE', ( #2251, #10644, #4929, #3206 ) ) ;
#6593 = VECTOR ( 'NONE', #4926, 1000.000000000000000 ) ;
#6594 = LINE ( 'NONE', #387, #10144 ) ;
#6595 = AXIS2_PLACEMENT_3D ( 'NONE', #1867, #9301, #2813 ) ;
#6596 = ORIENTED_EDGE ( 'NONE', *, *, #1737, .F. ) ;
#6597 = VECTOR ( 'NONE', #11998, 1000.000000000000000 ) ;
#6598 = DIRECTION ( 'NONE',  ( -2.647983596301103229E-15, 0.000000000000000000, -1.000000000000000000 ) ) ;
#6599 = CARTESIAN_POINT ( 'NONE',  ( 0.2000000000000000944, 0.06250000000000000000, -2.403000000000000025 ) ) ;
#6600 = ORIENTED_EDGE ( 'NONE', *, *, #11587, .F. ) ;
#6601 = ORIENTED_EDGE ( 'NONE', *, *, #3451, .F. ) ;
#6602 = ORIENTED_EDGE ( 'NONE', *, *, #10613, .T. ) ;
#6603 = ORIENTED_EDGE ( 'NONE', *, *, #11293, .F. ) ;
#6604 = VECTOR ( 'NONE', #6617, 1000.000000000000000 ) ;
#6605 = DIRECTION ( 'NONE',  ( -2.942203995890114589E-16, 0.000000000000000000, -1.000000000000000000 ) ) ;
#6606 = AXIS2_PLACEMENT_3D ( 'NONE', #3633, #7832, #2675 ) ;
#6607 = CARTESIAN_POINT ( 'NONE',  ( -2.200000000000000622, 0.2530000000000000027, 6.300000000000001599 ) ) ;
#6608 = EDGE_CURVE ( 'NONE', #2727, #11068, #980, .T. ) ;
#6609 = LINE ( 'NONE', #3364, #148 ) ;
#6610 = ORIENTED_EDGE ( 'NONE', *, *, #9651, .F. ) ;
#6611 = ORIENTED_EDGE ( 'NONE', *, *, #10851, .T. ) ;
#6612 = CARTESIAN_POINT ( 'NONE',  ( -3.937500000000005329, 0.1125000000000000028, -3.937500000000126565 ) ) ;
#6613 = DIRECTION ( 'NONE',  ( 0.7071067811865321406, 0.000000000000000000, -0.7071067811865627828 ) ) ;
#6614 = EDGE_LOOP ( 'NONE', ( #6812, #9395, #794, #9396 ) ) ;
#6615 = CARTESIAN_POINT ( 'NONE',  ( 0.000000000000000000, 0.06250000000000000000, -7.653000000000000469 ) ) ;
#6616 = VECTOR ( 'NONE', #4113, 1000.000000000000000 ) ;
#6617 = DIRECTION ( 'NONE',  ( 0.000000000000000000, 0.000000000000000000, -1.000000000000000000 ) ) ;
#6618 = MECHANICAL_DESIGN_GEOMETRIC_PRESENTATION_REPRESENTATION (  '', ( #7262 ), #9924 ) ;
#6619 = ORIENTED_EDGE ( 'NONE', *, *, #8226, .F. ) ;
#6620 = LINE ( 'NONE', #1380, #1270 ) ;
#6621 = DIRECTION ( 'NONE',  ( 0.000000000000000000, 0.000000000000000000, -1.000000000000000000 ) ) ;
#6622 = DIRECTION ( 'NONE',  ( -0.000000000000000000, -1.000000000000000000, -0.000000000000000000 ) ) ;
#6623 = AXIS2_PLACEMENT_3D ( 'NONE', #1773, #2985, #12440 ) ;
#6624 = AXIS2_PLACEMENT_3D ( 'NONE', #2068, #2000, #3164 ) ;
#6625 = FACE_OUTER_BOUND ( 'NONE', #7909, .T. ) ;
#6626 = EDGE_CURVE ( 'NONE', #3573, #6176, #2990, .T. ) ;
#6627 = EDGE_CURVE ( 'NONE', #8914, #3646, #6609, .T. ) ;
#6628 = ORIENTED_EDGE ( 'NONE', *, *, #2191, .F. ) ;
#6629 = CARTESIAN_POINT ( 'NONE',  ( 1.350000000000000089, 0.000000000000000000, -1.542999999999999927 ) ) ;
#6630 = LINE ( 'NONE', #10828, #11188 ) ;
#6631 = ADVANCED_FACE ( 'NONE', ( #11826 ), #6218, .F. ) ;
#6632 = CARTESIAN_POINT ( 'NONE',  ( 2.150000000000000799, 0.000000000000000000, -7.653000000000000469 ) ) ;
#6633 = LINE ( 'NONE', #1251, #230 ) ;
#6634 = VERTEX_POINT ( 'NONE', #5119 ) ;
#6635 = VECTOR ( 'NONE', #3302, 1000.000000000000000 ) ;
#6636 = ORIENTED_EDGE ( 'NONE', *, *, #4711, .T. ) ;
#6637 = DIRECTION ( 'NONE',  ( 1.000000000000000000, 0.000000000000000000, 0.000000000000000000 ) ) ;
#6638 = CARTESIAN_POINT ( 'NONE',  ( -0.8019999999999979368, 1.289999999999999591, 9.150000000000000355 ) ) ;
#6639 = EDGE_CURVE ( 'NONE', #2797, #11973, #4527, .T. ) ;
#6640 = VECTOR ( 'NONE', #1418, 1000.000000000000000 ) ;
#6641 = ADVANCED_FACE ( 'NONE', ( #1370 ), #7699, .T. ) ;
#6642 = PLANE ( 'NONE',  #3865 ) ;
#6643 = DIRECTION ( 'NONE',  ( 0.000000000000000000, -1.000000000000000000, 0.000000000000000000 ) ) ;
#6644 = AXIS2_PLACEMENT_3D ( 'NONE', #12094, #10038, #2515 ) ;
#6645 = FACE_OUTER_BOUND ( 'NONE', #9979, .T. ) ;
#6646 = DIRECTION ( 'NONE',  ( 0.000000000000000000, 0.000000000000000000, 1.000000000000000000 ) ) ;
#6647 = ADVANCED_FACE ( 'NONE', ( #282 ), #2465, .T. ) ;
#6648 = VERTEX_POINT ( 'NONE', #6678 ) ;
#6649 = ORIENTED_EDGE ( 'NONE', *, *, #12928, .T. ) ;
#6650 = DIRECTION ( 'NONE',  ( 0.000000000000000000, -0.000000000000000000, 1.000000000000000000 ) ) ;
#6651 = ORIENTED_EDGE ( 'NONE', *, *, #775, .T. ) ;
#6652 = STYLED_ITEM ( 'NONE', ( #3138 ), #646 ) ;
#6653 = VECTOR ( 'NONE', #8144, 1000.000000000000000 ) ;
#6654 = DIRECTION ( 'NONE',  ( 0.000000000000000000, -1.000000000000000000, 0.000000000000000000 ) ) ;
#6655 = DIRECTION ( 'NONE',  ( 1.000000000000000000, 0.000000000000000000, 0.000000000000000000 ) ) ;
#6656 = CARTESIAN_POINT ( 'NONE',  ( 1.900000000000000577, 0.06250000000000000000, -2.403000000000000025 ) ) ;
#6657 = ADVANCED_FACE ( 'NONE', ( #2077 ), #5179, .T. ) ;
#6658 = CARTESIAN_POINT ( 'NONE',  ( 1.248578643762691787, 1.261421356237309999, 9.299999999999998934 ) ) ;
#6659 = DIRECTION ( 'NONE',  ( 1.000000000000000000, 0.000000000000000000, 0.000000000000000000 ) ) ;
#6660 = DIRECTION ( 'NONE',  ( 1.971276677246372012E-16, -0.000000000000000000, 1.000000000000000000 ) ) ;
#6661 = ADVANCED_FACE ( 'NONE', ( #8350 ), #7239, .T. ) ;
#6662 = VECTOR ( 'NONE', #1614, 1000.000000000000000 ) ;
#6663 = LINE ( 'NONE', #2575, #8196 ) ;
#6664 = VECTOR ( 'NONE', #4048, 1000.000000000000000 ) ;
#6665 = EDGE_LOOP ( 'NONE', ( #3212, #3687, #9980, #3187 ) ) ;
#6666 = VECTOR ( 'NONE', #4355, 1000.000000000000000 ) ;
#6667 = VERTEX_POINT ( 'NONE', #1038 ) ;
#6668 = CYLINDRICAL_SURFACE ( 'NONE', #6644, 0.2000000000000005107 ) ;
#6669 = LINE ( 'NONE', #10387, #4200 ) ;
#6670 = ORIENTED_EDGE ( 'NONE', *, *, #7458, .T. ) ;
#6671 = VERTEX_POINT ( 'NONE', #7311 ) ;
#6672 = ORIENTED_EDGE ( 'NONE', *, *, #2758, .F. ) ;
#6673 = ORIENTED_EDGE ( 'NONE', *, *, #8727, .F. ) ;
#6674 = CIRCLE ( 'NONE', #6889, 0.2000000000000005107 ) ;
#6675 = LINE ( 'NONE', #3761, #6125 ) ;
#6676 = CARTESIAN_POINT ( 'NONE',  ( -1.350000000000000311, 0.06250000000000000000, -9.724999999999996092 ) ) ;
#6677 = PLANE ( 'NONE',  #12926 ) ;
#6678 = CARTESIAN_POINT ( 'NONE',  ( 0.9500000000000003997, 0.000000000000000000, -0.7430000000000001048 ) ) ;
#6679 = ORIENTED_EDGE ( 'NONE', *, *, #12712, .F. ) ;
#6680 = ORIENTED_EDGE ( 'NONE', *, *, #2002, .T. ) ;
#6681 = CARTESIAN_POINT ( 'NONE',  ( -1.900000000000000355, 0.06250000000000000000, -4.753000000000000114 ) ) ;
#6682 = LINE ( 'NONE', #1439, #5051 ) ;
#6683 = ORIENTED_EDGE ( 'NONE', *, *, #11118, .T. ) ;
#6684 = DIRECTION ( 'NONE',  ( 0.000000000000000000, 0.000000000000000000, -1.000000000000000000 ) ) ;
#6685 = PRESENTATION_LAYER_ASSIGNMENT (  '', '', ( #524 ) ) ;
#6686 = DIRECTION ( 'NONE',  ( -0.7071067811865497932, 0.000000000000000000, -0.7071067811865452413 ) ) ;
#6687 = ORIENTED_EDGE ( 'NONE', *, *, #5006, .F. ) ;
#6688 = FACE_OUTER_BOUND ( 'NONE', #10066, .T. ) ;
#6689 = CARTESIAN_POINT ( 'NONE',  ( 0.000000000000000000, 0.000000000000000000, 0.000000000000000000 ) ) ;
#6690 = SURFACE_STYLE_USAGE ( .BOTH. , #9851 ) ;
#6691 = CARTESIAN_POINT ( 'NONE',  ( 0.000000000000000000, 0.000000000000000000, -6.460000000000000853 ) ) ;
#6692 = ORIENTED_EDGE ( 'NONE', *, *, #7886, .F. ) ;
#6693 = DIRECTION ( 'NONE',  ( 0.000000000000000000, -0.000000000000000000, -1.000000000000000000 ) ) ;
#6694 = DIRECTION ( 'NONE',  ( 1.000000000000000000, 0.000000000000000000, 0.000000000000000000 ) ) ;
#6695 = DIRECTION ( 'NONE',  ( -5.421010862427526114E-16, 0.000000000000000000, -1.000000000000000000 ) ) ;
#6696 = CARTESIAN_POINT ( 'NONE',  ( -0.5250000000004562128, 0.06250000000000000000, -2.428612866369627040E-14 ) ) ;
#6697 = ORIENTED_EDGE ( 'NONE', *, *, #13350, .F. ) ;
#6698 = VERTEX_POINT ( 'NONE', #9632 ) ;
#6699 = ADVANCED_FACE ( 'NONE', ( #5246 ), #4403, .F. ) ;
#6700 = DIRECTION ( 'NONE',  ( 2.693669993752817464E-16, 0.000000000000000000, -1.000000000000000000 ) ) ;
#6701 = EDGE_CURVE ( 'NONE', #970, #7149, #7572, .T. ) ;
#6702 = CARTESIAN_POINT ( 'NONE',  ( 2.000000000000000444, 0.4780000000000000360, -2.328000000000001624 ) ) ;
#6703 = DIRECTION ( 'NONE',  ( 0.000000000000000000, 0.000000000000000000, -1.000000000000000000 ) ) ;
#6704 = VERTEX_POINT ( 'NONE', #3765 ) ;
#6705 = LINE ( 'NONE', #12838, #11205 ) ;
#6706 = FACE_OUTER_BOUND ( 'NONE', #9224, .T. ) ;
#6707 = CARTESIAN_POINT ( 'NONE',  ( 5.237500000000000711, 0.06250000000000000000, -5.237499999999986500 ) ) ;
#6708 = ORIENTED_EDGE ( 'NONE', *, *, #9837, .T. ) ;
#6709 = ORIENTED_EDGE ( 'NONE', *, *, #11191, .T. ) ;
#6710 = FACE_OUTER_BOUND ( 'NONE', #4747, .T. ) ;
#6711 = ORIENTED_EDGE ( 'NONE', *, *, #12008, .T. ) ;
#6712 = EDGE_CURVE ( 'NONE', #8040, #3977, #8036, .T. ) ;
#6713 = EDGE_CURVE ( 'NONE', #4520, #5222, #4765, .T. ) ;
#6714 = CARTESIAN_POINT ( 'NONE',  ( -1.900000000000000355, 0.1125000000000000028, -4.753000000000000114 ) ) ;
#6715 = EDGE_CURVE ( 'NONE', #7694, #5517, #5644, .T. ) ;
#6716 = CARTESIAN_POINT ( 'NONE',  ( 0.000000000000000000, 0.06250000000000000000, 0.000000000000000000 ) ) ;
#6717 = DIRECTION ( 'NONE',  ( -0.000000000000000000, -0.000000000000000000, 1.000000000000000000 ) ) ;
#6718 = LINE ( 'NONE', #12789, #3682 ) ;
#6719 = DIRECTION ( 'NONE',  ( 1.000000000000000000, 0.000000000000000000, 0.000000000000000000 ) ) ;
#6720 = LINE ( 'NONE', #11955, #503 ) ;
#6721 = EDGE_LOOP ( 'NONE', ( #9063, #7204, #11119, #57, #95, #7260, #12286, #11552, #13561, #2817, #6055, #4991 ) ) ;
#6722 = PRESENTATION_STYLE_ASSIGNMENT (( #10995 ) ) ;
#6723 = ORIENTED_EDGE ( 'NONE', *, *, #6488, .T. ) ;
#6724 = CARTESIAN_POINT ( 'NONE',  ( -0.000000000000000000, 0.1125000000000000028, -7.653000000000000469 ) ) ;
#6725 = DIRECTION ( 'NONE',  ( -0.000000000000000000, 1.000000000000000000, -0.000000000000000000 ) ) ;
#6726 = ORIENTED_EDGE ( 'NONE', *, *, #12169, .T. ) ;
#6727 = ORIENTED_EDGE ( 'NONE', *, *, #9325, .F. ) ;
#6728 = VERTEX_POINT ( 'NONE', #12176 ) ;
#6729 = EDGE_CURVE ( 'NONE', #9323, #6760, #8942, .T. ) ;
#6730 = VERTEX_POINT ( 'NONE', #11141 ) ;
#6731 = EDGE_CURVE ( 'NONE', #9633, #9058, #13286, .T. ) ;
#6732 = ADVANCED_FACE ( 'NONE', ( #1708 ), #5915, .F. ) ;
#6733 = FACE_OUTER_BOUND ( 'NONE', #2678, .T. ) ;
#6734 = DIRECTION ( 'NONE',  ( 0.000000000000000000, -1.000000000000000000, 0.000000000000000000 ) ) ;
#6735 = CIRCLE ( 'NONE', #7827, 0.2000000000000000944 ) ;
#6736 = DIRECTION ( 'NONE',  ( 0.000000000000000000, 0.000000000000000000, -1.000000000000000000 ) ) ;
#6737 = PLANE ( 'NONE',  #3877 ) ;
#6738 = ORIENTED_EDGE ( 'NONE', *, *, #9501, .T. ) ;
#6739 = VERTEX_POINT ( 'NONE', #2595 ) ;
#6740 = FILL_AREA_STYLE_COLOUR ( '', #10349 ) ;
#6741 = CARTESIAN_POINT ( 'NONE',  ( -0.8150000000000198197, 0.06250000000000000000, -2.158106630985451445E-15 ) ) ;
#6742 =( GEOMETRIC_REPRESENTATION_CONTEXT ( 3 ) GLOBAL_UNCERTAINTY_ASSIGNED_CONTEXT ( ( #3993 ) ) GLOBAL_UNIT_ASSIGNED_CONTEXT ( ( #2895, #13374, #3170 ) ) REPRESENTATION_CONTEXT ( 'NONE', 'WORKASPACE' ) );
#6743 = ORIENTED_EDGE ( 'NONE', *, *, #1842, .F. ) ;
#6744 = DIRECTION ( 'NONE',  ( 1.204669080539449837E-16, 1.000000000000000000, -0.000000000000000000 ) ) ;
#6745 = DIRECTION ( 'NONE',  ( 1.000000000000000000, 0.000000000000000000, 0.000000000000000000 ) ) ;
#6746 = ORIENTED_EDGE ( 'NONE', *, *, #5116, .T. ) ;
#6747 = FACE_OUTER_BOUND ( 'NONE', #10141, .T. ) ;
#6748 = EDGE_LOOP ( 'NONE', ( #7432, #10023, #5158, #5863 ) ) ;
#6749 = ADVANCED_FACE ( 'NONE', ( #12032 ), #13139, .T. ) ;
#6750 = DIRECTION ( 'NONE',  ( 0.000000000000000000, -0.000000000000000000, -1.000000000000000000 ) ) ;
#6751 = MECHANICAL_DESIGN_GEOMETRIC_PRESENTATION_REPRESENTATION (  '', ( #11146 ), #4542 ) ;
#6752 = DIRECTION ( 'NONE',  ( 0.000000000000000000, 1.000000000000000000, 0.000000000000000000 ) ) ;
#6753 = LINE ( 'NONE', #9853, #1507 ) ;
#6754 = EDGE_LOOP ( 'NONE', ( #1087, #763, #9743, #6061 ) ) ;
#6755 = ORIENTED_EDGE ( 'NONE', *, *, #596, .F. ) ;
#6756 = DIRECTION ( 'NONE',  ( 1.000000000000000000, 0.000000000000000000, 0.000000000000000000 ) ) ;
#6757 = DIRECTION ( 'NONE',  ( 0.000000000000000000, 0.000000000000000000, -1.000000000000000000 ) ) ;
#6758 = CARTESIAN_POINT ( 'NONE',  ( -3.341250000000077769, 0.06250000000000000000, -3.341250000000388187 ) ) ;
#6759 = CARTESIAN_POINT ( 'NONE',  ( -0.5019999999999983364, 2.979999999999999982, 7.799999999999999822 ) ) ;
#6760 = VERTEX_POINT ( 'NONE', #686 ) ;
#6761 = VECTOR ( 'NONE', #9512, 1000.000000000000000 ) ;
#6762 = EDGE_LOOP ( 'NONE', ( #10704, #10497, #4408, #10106, #12300, #6865, #10939, #12406, #4319, #10637, #621, #7987 ) ) ;
#6763 = DIRECTION ( 'NONE',  ( 0.000000000000000000, 0.000000000000000000, -1.000000000000000000 ) ) ;
#6764 = CARTESIAN_POINT ( 'NONE',  ( 1.900000000000000577, 0.1125000000000000028, -3.403000000000000025 ) ) ;
#6765 = DIRECTION ( 'NONE',  ( 1.000000000000000000, 0.000000000000000000, -2.710505431213760099E-16 ) ) ;
#6766 = ORIENTED_EDGE ( 'NONE', *, *, #6057, .F. ) ;
#6767 = DIRECTION ( 'NONE',  ( 0.000000000000000000, 0.000000000000000000, -1.000000000000000000 ) ) ;
#6768 = PRESENTATION_STYLE_ASSIGNMENT (( #2768 ) ) ;
#6769 = LINE ( 'NONE', #12145, #1722 ) ;
#6770 = ADVANCED_FACE ( 'NONE', ( #477 ), #13074, .F. ) ;
#6771 = CIRCLE ( 'NONE', #12048, 0.2000000000000005107 ) ;
#6772 = ORIENTED_EDGE ( 'NONE', *, *, #11194, .F. ) ;
#6773 = PLANE ( 'NONE',  #4154 ) ;
#6774 = ORIENTED_EDGE ( 'NONE', *, *, #7993, .F. ) ;
#6775 = PLANE ( 'NONE',  #832 ) ;
#6776 = ORIENTED_EDGE ( 'NONE', *, *, #12804, .T. ) ;
#6777 = VECTOR ( 'NONE', #3556, 1000.000000000000000 ) ;
#6778 = PLANE ( 'NONE',  #6004 ) ;
#6779 = VECTOR ( 'NONE', #559, 1000.000000000000000 ) ;
#6780 = DIRECTION ( 'NONE',  ( 0.000000000000000000, 1.000000000000000000, 0.000000000000000000 ) ) ;
#6781 = ORIENTED_EDGE ( 'NONE', *, *, #12168, .T. ) ;
#6782 = LINE ( 'NONE', #13269, #10552 ) ;
#6783 = LINE ( 'NONE', #3678, #7214 ) ;
#6784 = CARTESIAN_POINT ( 'NONE',  ( 8.138021506676194704E-15, 0.1125000000000000028, -3.752999999999998781 ) ) ;
#6785 = EDGE_CURVE ( 'NONE', #7737, #10846, #4805, .T. ) ;
#6786 = CARTESIAN_POINT ( 'NONE',  ( -0.6000000000000000888, 0.1125000000000000028, -3.753000000000000114 ) ) ;
#6787 = ADVANCED_FACE ( 'NONE', ( #12106 ), #6737, .T. ) ;
#6788 = VERTEX_POINT ( 'NONE', #1642 ) ;
#6789 =( NAMED_UNIT ( * ) PLANE_ANGLE_UNIT ( ) SI_UNIT ( $, .RADIAN. ) );
#6790 = EDGE_LOOP ( 'NONE', ( #5888, #6973, #4645, #13197 ) ) ;
#6791 = EDGE_CURVE ( 'NONE', #10726, #13140, #1435, .T. ) ;
#6792 = CARTESIAN_POINT ( 'NONE',  ( -0.7000000000000002887, 0.06250000000000000000, -2.403000000000000025 ) ) ;
#6793 = VECTOR ( 'NONE', #2278, 1000.000000000000000 ) ;
#6794 = LINE ( 'NONE', #1563, #13233 ) ;
#6795 = EDGE_LOOP ( 'NONE', ( #7467, #252, #960, #7568 ) ) ;
#6796 = AXIS2_PLACEMENT_3D ( 'NONE', #4361, #247, #9533 ) ;
#6797 = ORIENTED_EDGE ( 'NONE', *, *, #13371, .F. ) ;
#6798 = VERTEX_POINT ( 'NONE', #10049 ) ;
#6799 = VECTOR ( 'NONE', #2134, 1000.000000000000000 ) ;
#6800 = ORIENTED_EDGE ( 'NONE', *, *, #6627, .T. ) ;
#6801 = AXIS2_PLACEMENT_3D ( 'NONE', #4751, #12122, #9852 ) ;
#6802 = DIRECTION ( 'NONE',  ( 5.884407991780215373E-16, 0.000000000000000000, -1.000000000000000000 ) ) ;
#6803 = CARTESIAN_POINT ( 'NONE',  ( -1.350000000000000533, 0.4780000000000000360, 3.294999999999999041 ) ) ;
#6804 = LINE ( 'NONE', #5913, #12709 ) ;
#6805 = VECTOR ( 'NONE', #11145, 1000.000000000000000 ) ;
#6806 = FILL_AREA_STYLE_COLOUR ( '', #5801 ) ;
#6807 = VECTOR ( 'NONE', #2342, 1000.000000000000000 ) ;
#6808 = DIRECTION ( 'NONE',  ( 0.000000000000000000, -0.000000000000000000, 1.000000000000000000 ) ) ;
#6809 = VECTOR ( 'NONE', #338, 1000.000000000000000 ) ;
#6810 = ORIENTED_EDGE ( 'NONE', *, *, #5900, .T. ) ;
#6811 = EDGE_CURVE ( 'NONE', #531, #1290, #4597, .T. ) ;
#6812 = ORIENTED_EDGE ( 'NONE', *, *, #2041, .F. ) ;
#6813 = ADVANCED_FACE ( 'NONE', ( #13215 ), #3561, .T. ) ;
#6814 = CARTESIAN_POINT ( 'NONE',  ( 2.575000000000000178, 0.2530000000000000027, -8.699999999999999289 ) ) ;
#6815 = DIRECTION ( 'NONE',  ( -0.7071067811865584529, 0.000000000000000000, -0.7071067811865365815 ) ) ;
#6816 = ORIENTED_EDGE ( 'NONE', *, *, #9500, .T. ) ;
#6817 = ADVANCED_FACE ( 'NONE', ( #547 ), #4737, .T. ) ;
#6818 = FACE_OUTER_BOUND ( 'NONE', #5995, .T. ) ;
#6819 = CARTESIAN_POINT ( 'NONE',  ( -0.5250000000004562128, 0.1125000000000000028, -2.428612866369627040E-14 ) ) ;
#6820 = ORIENTED_EDGE ( 'NONE', *, *, #13266, .T. ) ;
#6821 = PLANE ( 'NONE',  #8741 ) ;
#6822 = AXIS2_PLACEMENT_3D ( 'NONE', #4076, #8360, #3113 ) ;
#6823 = ORIENTED_EDGE ( 'NONE', *, *, #4629, .T. ) ;
#6824 = VECTOR ( 'NONE', #5647, 1000.000000000000114 ) ;
#6825 = DIRECTION ( 'NONE',  ( -1.000000000000000000, 0.000000000000000000, -0.000000000000000000 ) ) ;
#6826 = DIRECTION ( 'NONE',  ( 1.000000000000000000, 0.000000000000000000, 0.000000000000000000 ) ) ;
#6827 = LINE ( 'NONE', #10955, #12060 ) ;
#6828 = ORIENTED_EDGE ( 'NONE', *, *, #12970, .T. ) ;
#6829 = ORIENTED_EDGE ( 'NONE', *, *, #11026, .F. ) ;
#6830 = EDGE_CURVE ( 'NONE', #5509, #10451, #2670, .T. ) ;
#6831 = FACE_OUTER_BOUND ( 'NONE', #4302, .T. ) ;
#6832 = CARTESIAN_POINT ( 'NONE',  ( -0.5500000000000020428, 0.06250000000000000000, 0.000000000000000000 ) ) ;
#6833 = ADVANCED_FACE ( 'NONE', ( #1012 ), #1783, .T. ) ;
#6834 = LINE ( 'NONE', #8899, #7934 ) ;
#6835 = CARTESIAN_POINT ( 'NONE',  ( 1.349999999999998757, 0.1125000000000000028, -9.724999999999999645 ) ) ;
#6836 = ORIENTED_EDGE ( 'NONE', *, *, #1487, .F. ) ;
#6837 = VERTEX_POINT ( 'NONE', #4950 ) ;
#6838 = AXIS2_PLACEMENT_3D ( 'NONE', #5126, #3037, #13520 ) ;
#6839 = DIRECTION ( 'NONE',  ( 2.693669993752811547E-16, 0.000000000000000000, -1.000000000000000000 ) ) ;
#6840 = LINE ( 'NONE', #5609, #5267 ) ;
#6841 = CARTESIAN_POINT ( 'NONE',  ( 1.649999999999999467, 0.2530000000000000027, 3.899999999999999911 ) ) ;
#6842 = EDGE_LOOP ( 'NONE', ( #1546, #6687, #5773, #12920 ) ) ;
#6843 = LINE ( 'NONE', #11047, #3060 ) ;
#6844 = LINE ( 'NONE', #10900, #10838 ) ;
#6845 = DIRECTION ( 'NONE',  ( 0.7071067811865485719, 0.000000000000000000, -0.7071067811865465735 ) ) ;
#6846 = VERTEX_POINT ( 'NONE', #10316 ) ;
#6847 = PLANE ( 'NONE',  #1530 ) ;
#6848 = VECTOR ( 'NONE', #8489, 1000.000000000000000 ) ;
#6849 = ORIENTED_EDGE ( 'NONE', *, *, #9841, .T. ) ;
#6850 = DIRECTION ( 'NONE',  ( -1.000000000000000000, 0.000000000000000000, -0.000000000000000000 ) ) ;
#6851 = ORIENTED_EDGE ( 'NONE', *, *, #5900, .F. ) ;
#6852 = CARTESIAN_POINT ( 'NONE',  ( -2.200000000000000622, 0.1125000000000000028, -2.142999999999999794 ) ) ;
#6853 = VECTOR ( 'NONE', #7363, 1000.000000000000000 ) ;
#6854 = LINE ( 'NONE', #13056, #7377 ) ;
#6855 = ORIENTED_EDGE ( 'NONE', *, *, #6701, .F. ) ;
#6856 = DIRECTION ( 'NONE',  ( 1.000000000000000000, 0.000000000000000000, -2.942203995890114589E-16 ) ) ;
#6857 = PLANE ( 'NONE',  #5912 ) ;
#6858 = CARTESIAN_POINT ( 'NONE',  ( -2.350000000000000977, 0.1125000000000000028, -8.125000000000000000 ) ) ;
#6859 =( LENGTH_UNIT ( ) NAMED_UNIT ( * ) SI_UNIT ( .MILLI., .METRE. ) );
#6860 = ORIENTED_EDGE ( 'NONE', *, *, #9159, .T. ) ;
#6861 = VERTEX_POINT ( 'NONE', #7080 ) ;
#6862 = DIRECTION ( 'NONE',  ( -0.000000000000000000, 1.000000000000000000, -0.000000000000000000 ) ) ;
#6863 = AXIS2_PLACEMENT_3D ( 'NONE', #9147, #12237, #5846 ) ;
#6864 = DIRECTION ( 'NONE',  ( -0.000000000000000000, 1.000000000000000000, -0.000000000000000000 ) ) ;
#6865 = ORIENTED_EDGE ( 'NONE', *, *, #5226, .F. ) ;
#6866 = VECTOR ( 'NONE', #465, 1000.000000000000000 ) ;
#6867 = EDGE_LOOP ( 'NONE', ( #4564, #3156, #7948, #4315 ) ) ;
#6868 = ORIENTED_EDGE ( 'NONE', *, *, #3250, .F. ) ;
#6869 = ORIENTED_EDGE ( 'NONE', *, *, #7806, .F. ) ;
#6870 = ADVANCED_FACE ( 'NONE', ( #8183 ), #5087, .T. ) ;
#6871 = EDGE_CURVE ( 'NONE', #7925, #12655, #5989, .T. ) ;
#6872 = DIRECTION ( 'NONE',  ( -0.000000000000000000, -1.000000000000000000, -0.000000000000000000 ) ) ;
#6873 = LINE ( 'NONE', #2932, #1749 ) ;
#6874 = VECTOR ( 'NONE', #6457, 1000.000000000000000 ) ;
#6875 = ADVANCED_FACE ( 'NONE', ( #11284 ), #9213, .F. ) ;
#6876 =( NAMED_UNIT ( * ) PLANE_ANGLE_UNIT ( ) SI_UNIT ( $, .RADIAN. ) );
#6877 = VECTOR ( 'NONE', #1148, 1000.000000000000000 ) ;
#6878 = AXIS2_PLACEMENT_3D ( 'NONE', #40, #7469, #12642 ) ;
#6879 = DIRECTION ( 'NONE',  ( 0.000000000000000000, -0.000000000000000000, -1.000000000000000000 ) ) ;
#6880 = ORIENTED_EDGE ( 'NONE', *, *, #9402, .F. ) ;
#6881 = ORIENTED_EDGE ( 'NONE', *, *, #1922, .F. ) ;
#6882 = LINE ( 'NONE', #13492, #4630 ) ;
#6883 = DIRECTION ( 'NONE',  ( -0.000000000000000000, -1.000000000000000000, -0.000000000000000000 ) ) ;
#6884 = ORIENTED_EDGE ( 'NONE', *, *, #10499, .T. ) ;
#6885 = CARTESIAN_POINT ( 'NONE',  ( -0.5019999999999983364, 2.080000000000000071, 7.799999999999999822 ) ) ;
#6886 = DIRECTION ( 'NONE',  ( -0.000000000000000000, -1.000000000000000000, -0.000000000000000000 ) ) ;
#6887 = ORIENTED_EDGE ( 'NONE', *, *, #13099, .T. ) ;
#6888 = DIRECTION ( 'NONE',  ( -0.7071067811865356934, 0.000000000000000000, -0.7071067811865593411 ) ) ;
#6889 = AXIS2_PLACEMENT_3D ( 'NONE', #6296, #12702, #9469 ) ;
#6890 = ORIENTED_EDGE ( 'NONE', *, *, #2758, .T. ) ;
#6891 = ADVANCED_FACE ( 'NONE', ( #9146 ), #11341, .T. ) ;
#6892 = EDGE_CURVE ( 'NONE', #5034, #4530, #5215, .T. ) ;
#6893 = DIRECTION ( 'NONE',  ( 0.7071067811865530128, 0.7071067811865421326, -0.000000000000000000 ) ) ;
#6894 = EDGE_CURVE ( 'NONE', #13076, #12226, #9408, .T. ) ;
#6895 = EDGE_CURVE ( 'NONE', #655, #8871, #2046, .T. ) ;
#6896 = CARTESIAN_POINT ( 'NONE',  ( -0.8500000000000003109, 0.1125000000000000028, -0.000000000000000000 ) ) ;
#6897 = CARTESIAN_POINT ( 'NONE',  ( -1.425000000000000266, 0.06250000000000000000, -9.070000000000002061 ) ) ;
#6898 = ORIENTED_EDGE ( 'NONE', *, *, #13623, .F. ) ;
#6899 = ORIENTED_EDGE ( 'NONE', *, *, #6945, .T. ) ;
#6900 = PLANE ( 'NONE',  #441 ) ;
#6901 = DIRECTION ( 'NONE',  ( -0.000000000000000000, 1.000000000000000000, -0.000000000000000000 ) ) ;
#6902 = LINE ( 'NONE', #9110, #251 ) ;
#6903 = DIRECTION ( 'NONE',  ( -1.000000000000000000, 0.000000000000000000, 0.000000000000000000 ) ) ;
#6904 = VERTEX_POINT ( 'NONE', #1908 ) ;
#6905 = EDGE_LOOP ( 'NONE', ( #7016, #8077, #10956, #70 ) ) ;
#6906 = EDGE_CURVE ( 'NONE', #9322, #1927, #13416, .T. ) ;
#6907 = ADVANCED_FACE ( 'NONE', ( #11411 ), #7271, .F. ) ;
#6908 = FACE_OUTER_BOUND ( 'NONE', #12390, .T. ) ;
#6909 = ADVANCED_FACE ( 'NONE', ( #10396 ), #757, .F. ) ;
#6910 = CARTESIAN_POINT ( 'NONE',  ( 0.000000000000000000, 0.2530000000000000027, 0.000000000000000000 ) ) ;
#6911 = LINE ( 'NONE', #13313, #13332 ) ;
#6912 = VERTEX_POINT ( 'NONE', #13612 ) ;
#6913 = CARTESIAN_POINT ( 'NONE',  ( 1.115000000000003544, 0.06250000000000000000, -7.653000000000000469 ) ) ;
#6914 = CARTESIAN_POINT ( 'NONE',  ( -3.341250000000077769, 0.06250000000000000000, -3.341250000000388187 ) ) ;
#6915 = CARTESIAN_POINT ( 'NONE',  ( -2.200000000000000622, 0.2530000000000000027, -6.850000000000000533 ) ) ;
#6916 = ORIENTED_EDGE ( 'NONE', *, *, #9480, .F. ) ;
#6917 = PLANE ( 'NONE',  #10109 ) ;
#6918 = ORIENTED_EDGE ( 'NONE', *, *, #5616, .F. ) ;
#6919 = CARTESIAN_POINT ( 'NONE',  ( 0.000000000000000000, 0.06250000000000000000, -4.753000000000000114 ) ) ;
#6920 = VERTEX_POINT ( 'NONE', #5152 ) ;
#6921 = DIRECTION ( 'NONE',  ( -0.000000000000000000, -1.000000000000000000, -0.000000000000000000 ) ) ;
#6922 = EDGE_CURVE ( 'NONE', #11396, #12051, #6112, .T. ) ;
#6923 = CARTESIAN_POINT ( 'NONE',  ( -0.7499999999999961142, 0.1125000000000000028, -9.724999999999999645 ) ) ;
#6924 = ORIENTED_EDGE ( 'NONE', *, *, #10024, .F. ) ;
#6925 = PLANE ( 'NONE',  #7675 ) ;
#6926 = DIRECTION ( 'NONE',  ( 0.000000000000000000, 1.000000000000000000, 0.000000000000000000 ) ) ;
#6927 = DIRECTION ( 'NONE',  ( 1.000000000000000000, 0.000000000000000000, -1.084202172485505815E-15 ) ) ;
#6928 = LINE ( 'NONE', #9200, #5351 ) ;
#6929 = ORIENTED_EDGE ( 'NONE', *, *, #11362, .T. ) ;
#6930 = EDGE_LOOP ( 'NONE', ( #1544, #10887, #10236, #3331 ) ) ;
#6931 = CARTESIAN_POINT ( 'NONE',  ( 0.2000000000000000944, 0.06250000000000000000, 0.000000000000000000 ) ) ;
#6932 = CARTESIAN_POINT ( 'NONE',  ( -1.750000000000000444, 0.06250000000000000000, 0.000000000000000000 ) ) ;
#6933 = EDGE_LOOP ( 'NONE', ( #12500, #1670, #774, #5595 ) ) ;
#6934 = ORIENTED_EDGE ( 'NONE', *, *, #6143, .F. ) ;
#6935 = ORIENTED_EDGE ( 'NONE', *, *, #12685, .T. ) ;
#6936 = CARTESIAN_POINT ( 'NONE',  ( -0.5019999999999982254, 2.880000000000000782, 7.100000000000000533 ) ) ;
#6937 = CARTESIAN_POINT ( 'NONE',  ( -2.150000000000000799, 0.2530000000000000027, -6.987373870972730217 ) ) ;
#6938 = VECTOR ( 'NONE', #6574, 1000.000000000000000 ) ;
#6939 = SURFACE_SIDE_STYLE ('',( #4736 ) ) ;
#6940 = DIRECTION ( 'NONE',  ( 0.000000000000000000, -1.000000000000000000, 0.000000000000000000 ) ) ;
#6941 = CARTESIAN_POINT ( 'NONE',  ( 1.649999999999999467, 0.4780000000000000360, 3.899999999999999911 ) ) ;
#6942 = VERTEX_POINT ( 'NONE', #3069 ) ;
#6943 = CARTESIAN_POINT ( 'NONE',  ( 0.5049999999999991163, 0.4780000000000000360, 2.674999999999999822 ) ) ;
#6944 = FACE_OUTER_BOUND ( 'NONE', #3760, .T. ) ;
#6945 = EDGE_CURVE ( 'NONE', #6788, #12995, #4180, .T. ) ;
#6946 = ORIENTED_EDGE ( 'NONE', *, *, #9308, .F. ) ;
#6947 = CARTESIAN_POINT ( 'NONE',  ( 0.000000000000000000, 0.1125000000000000028, 0.000000000000000000 ) ) ;
#6948 = CARTESIAN_POINT ( 'NONE',  ( -1.114999999999999547, 0.1125000000000000028, -7.653000000000000469 ) ) ;
#6949 = ORIENTED_EDGE ( 'NONE', *, *, #12348, .T. ) ;
#6950 = EDGE_CURVE ( 'NONE', #7620, #12293, #11482, .T. ) ;
#6951 = LINE ( 'NONE', #7988, #6558 ) ;
#6952 = VERTEX_POINT ( 'NONE', #3139 ) ;
#6953 = AXIS2_PLACEMENT_3D ( 'NONE', #12292, #1957, #1831 ) ;
#6954 = CARTESIAN_POINT ( 'NONE',  ( 1.717500000000005134, 0.06250000000000000000, -9.799999999999998934 ) ) ;
#6955 =( LENGTH_UNIT ( ) NAMED_UNIT ( * ) SI_UNIT ( .MILLI., .METRE. ) );
#6956 = CARTESIAN_POINT ( 'NONE',  ( 0.5150000000000031219, 0.06250000000000000000, -7.653000000000000469 ) ) ;
#6957 = ORIENTED_EDGE ( 'NONE', *, *, #5062, .T. ) ;
#6958 = EDGE_LOOP ( 'NONE', ( #7090, #3392, #12984, #745 ) ) ;
#6959 = DIRECTION ( 'NONE',  ( 0.000000000000000000, 1.000000000000000000, 0.000000000000000000 ) ) ;
#6960 = DIRECTION ( 'NONE',  ( 1.000000000000000000, 0.000000000000000000, 3.469446951953515108E-14 ) ) ;
#6961 = EDGE_CURVE ( 'NONE', #1154, #7426, #5287, .T. ) ;
#6962 = VECTOR ( 'NONE', #3107, 1000.000000000000000 ) ;
#6963 = EDGE_CURVE ( 'NONE', #12148, #637, #8712, .T. ) ;
#6964 = FACE_OUTER_BOUND ( 'NONE', #11818, .T. ) ;
#6965 = CARTESIAN_POINT ( 'NONE',  ( 1.250000000000000222, 0.06250000000000000000, -3.403000000000000025 ) ) ;
#6966 = VERTEX_POINT ( 'NONE', #9547 ) ;
#6967 = ADVANCED_FACE ( 'NONE', ( #8586 ), #12650, .T. ) ;
#6968 = VERTEX_POINT ( 'NONE', #10793 ) ;
#6969 = COLOUR_RGB ( '',1.000000000000000000, 0.8117647058823529438, 0.5019607843137254832 ) ;
#6970 = DIRECTION ( 'NONE',  ( -1.084202172485504828E-15, 0.000000000000000000, -1.000000000000000000 ) ) ;
#6971 = CARTESIAN_POINT ( 'NONE',  ( 0.000000000000000000, 0.06250000000000000000, -7.653000000000000469 ) ) ;
#6972 = DIRECTION ( 'NONE',  ( -0.000000000000000000, 1.000000000000000000, -0.000000000000000000 ) ) ;
#6973 = ORIENTED_EDGE ( 'NONE', *, *, #7648, .F. ) ;
#6974 = CARTESIAN_POINT ( 'NONE',  ( -0.5149999999999629319, 0.06250000000000000000, 2.424376092613280107E-15 ) ) ;
#6975 = PLANE ( 'NONE',  #1607 ) ;
#6976 = LINE ( 'NONE', #12275, #5242 ) ;
#6977 = AXIS2_PLACEMENT_3D ( 'NONE', #3742, #11054, #8772 ) ;
#6978 = EDGE_CURVE ( 'NONE', #11870, #12033, #1352, .T. ) ;
#6979 = ORIENTED_EDGE ( 'NONE', *, *, #1238, .F. ) ;
#6980 = DIRECTION ( 'NONE',  ( -0.000000000000000000, 1.000000000000000000, -0.000000000000000000 ) ) ;
#6981 = EDGE_CURVE ( 'NONE', #3043, #2053, #3403, .T. ) ;
#6982 = VERTEX_POINT ( 'NONE', #49 ) ;
#6983 = EDGE_CURVE ( 'NONE', #6416, #13048, #4250, .T. ) ;
#6984 = CARTESIAN_POINT ( 'NONE',  ( 0.9750000000000041966, 0.1125000000000000028, -2.626328243909008466E-16 ) ) ;
#6985 = ORIENTED_EDGE ( 'NONE', *, *, #5548, .T. ) ;
#6986 = PLANE ( 'NONE',  #3793 ) ;
#6987 = VECTOR ( 'NONE', #1209, 1000.000000000000000 ) ;
#6988 = STYLED_ITEM ( 'NONE', ( #5843 ), #5499 ) ;
#6989 = CARTESIAN_POINT ( 'NONE',  ( 4.487500000000001599, 0.1125000000000000028, -4.487500000000030909 ) ) ;
#6990 = VERTEX_POINT ( 'NONE', #3203 ) ;
#6991 = CARTESIAN_POINT ( 'NONE',  ( 1.390000000000000346, 1.119999999999999885, 9.299999999999998934 ) ) ;
#6992 = FACE_OUTER_BOUND ( 'NONE', #9196, .T. ) ;
#6993 = CARTESIAN_POINT ( 'NONE',  ( 0.7500000000000087708, 0.1125000000000000028, -8.131516293641381863E-16 ) ) ;
#6994 = ORIENTED_EDGE ( 'NONE', *, *, #12823, .T. ) ;
#6995 = VECTOR ( 'NONE', #9010, 1000.000000000000000 ) ;
#6996 = ORIENTED_EDGE ( 'NONE', *, *, #2740, .F. ) ;
#6997 = ADVANCED_FACE ( 'NONE', ( #12853 ), #10715, .T. ) ;
#6998 = DIRECTION ( 'NONE',  ( 1.000000000000000000, 0.000000000000000000, 2.168404344971009262E-15 ) ) ;
#6999 = LINE ( 'NONE', #7191, #4640 ) ;
#7000 = EDGE_LOOP ( 'NONE', ( #2410, #4885, #3116, #9504 ) ) ;
#7001 = ORIENTED_EDGE ( 'NONE', *, *, #11760, .F. ) ;
#7002 = VECTOR ( 'NONE', #8768, 1000.000000000000000 ) ;
#7003 = FILL_AREA_STYLE ('',( #4945 ) ) ;
#7004 = PLANE ( 'NONE',  #1956 ) ;
#7005 = DIRECTION ( 'NONE',  ( 0.000000000000000000, 0.000000000000000000, -1.000000000000000000 ) ) ;
#7006 = DIRECTION ( 'NONE',  ( 1.000000000000000000, 0.000000000000000000, 4.625929269271459921E-14 ) ) ;
#7007 = ORIENTED_EDGE ( 'NONE', *, *, #5275, .T. ) ;
#7008 = ORIENTED_EDGE ( 'NONE', *, *, #9928, .F. ) ;
#7009 = AXIS2_PLACEMENT_3D ( 'NONE', #7591, #6557, #5398 ) ;
#7010 = VECTOR ( 'NONE', #6588, 1000.000000000000000 ) ;
#7011 = CARTESIAN_POINT ( 'NONE',  ( -0.4500000000000025091, 0.06250000000000000000, -9.125000000000000000 ) ) ;
#7012 = ORIENTED_EDGE ( 'NONE', *, *, #13299, .T. ) ;
#7013 = VECTOR ( 'NONE', #6270, 1000.000000000000000 ) ;
#7014 = DIRECTION ( 'NONE',  ( 1.000000000000000000, 0.000000000000000000, -1.084202172485504631E-15 ) ) ;
#7015 = CARTESIAN_POINT ( 'NONE',  ( -2.150000000000001688, 0.4780000000000000360, -9.799999999999998934 ) ) ;
#7016 = ORIENTED_EDGE ( 'NONE', *, *, #5329, .F. ) ;
#7017 = VERTEX_POINT ( 'NONE', #11609 ) ;
#7018 = AXIS2_PLACEMENT_3D ( 'NONE', #12876, #5312, #4204 ) ;
#7019 = DIRECTION ( 'NONE',  ( -0.000000000000000000, 1.000000000000000000, -0.000000000000000000 ) ) ;
#7020 = VECTOR ( 'NONE', #11996, 1000.000000000000000 ) ;
#7021 = DIRECTION ( 'NONE',  ( -0.000000000000000000, 0.000000000000000000, -1.000000000000000000 ) ) ;
#7022 = EDGE_CURVE ( 'NONE', #3166, #9936, #11746, .T. ) ;
#7023 = AXIS2_PLACEMENT_3D ( 'NONE', #545, #11078, #1639 ) ;
#7024 = CYLINDRICAL_SURFACE ( 'NONE', #5889, 0.2000000000000005107 ) ;
#7025 = VECTOR ( 'NONE', #1672, 1000.000000000000000 ) ;
#7026 = LINE ( 'NONE', #13502, #7219 ) ;
#7027 = UNCERTAINTY_MEASURE_WITH_UNIT (LENGTH_MEASURE( 1.000000000000000082E-05 ), #8734, 'distance_accuracy_value', 'NONE');
#7028 = ORIENTED_EDGE ( 'NONE', *, *, #11584, .F. ) ;
#7029 = ORIENTED_EDGE ( 'NONE', *, *, #6871, .T. ) ;
#7030 = CARTESIAN_POINT ( 'NONE',  ( 2.149999999999999911, 0.2530000000000000027, -8.125000000000000000 ) ) ;
#7031 = LINE ( 'NONE', #777, #3038 ) ;
#7032 = CARTESIAN_POINT ( 'NONE',  ( -0.8019999999999980478, 2.080000000000000071, 7.799999999999999822 ) ) ;
#7033 = LINE ( 'NONE', #6965, #1312 ) ;
#7034 = CIRCLE ( 'NONE', #2845, 0.1999999999999998723 ) ;
#7035 = ORIENTED_EDGE ( 'NONE', *, *, #1760, .T. ) ;
#7036 = FACE_OUTER_BOUND ( 'NONE', #13227, .T. ) ;
#7037 = ADVANCED_FACE ( 'NONE', ( #10656 ), #5569, .F. ) ;
#7038 = EDGE_CURVE ( 'NONE', #8525, #4583, #2370, .T. ) ;
#7039 = LINE ( 'NONE', #10853, #165 ) ;
#7040 = AXIS2_PLACEMENT_3D ( 'NONE', #6256, #11490, #12246 ) ;
#7041 = CARTESIAN_POINT ( 'NONE',  ( -5.322500000000026432, 0.06250000000000000000, -5.322499999999848797 ) ) ;
#7042 = MECHANICAL_DESIGN_GEOMETRIC_PRESENTATION_REPRESENTATION (  '', ( #1976 ), #3964 ) ;
#7043 = CARTESIAN_POINT ( 'NONE',  ( 1.867500000000006377, 0.06250000000000000000, -9.799999999999998934 ) ) ;
#7044 = EDGE_CURVE ( 'NONE', #2450, #3148, #12916, .T. ) ;
#7045 = CARTESIAN_POINT ( 'NONE',  ( 0.000000000000000000, 0.4780000000000000360, 0.000000000000000000 ) ) ;
#7046 = ORIENTED_EDGE ( 'NONE', *, *, #3355, .T. ) ;
#7047 = DIRECTION ( 'NONE',  ( -4.625929269271459921E-14, 0.000000000000000000, -1.000000000000000000 ) ) ;
#7048 = CARTESIAN_POINT ( 'NONE',  ( 0.4200000000000030376, 0.06250000000000000000, -8.424999999999997158 ) ) ;
#7049 = DIRECTION ( 'NONE',  ( 0.000000000000000000, 0.000000000000000000, 1.000000000000000000 ) ) ;
#7050 = ORIENTED_EDGE ( 'NONE', *, *, #3178, .F. ) ;
#7051 = CARTESIAN_POINT ( 'NONE',  ( 0.07500000000000106581, 0.1125000000000000028, -9.875000000000000000 ) ) ;
#7052 = EDGE_LOOP ( 'NONE', ( #10780, #7394, #6318, #668 ) ) ;
#7053 = DIRECTION ( 'NONE',  ( 0.000000000000000000, 1.000000000000000000, 0.000000000000000000 ) ) ;
#7054 = MECHANICAL_DESIGN_GEOMETRIC_PRESENTATION_REPRESENTATION (  '', ( #12775 ), #4412 ) ;
#7055 = EDGE_LOOP ( 'NONE', ( #12497, #13259, #2969, #10462 ) ) ;
#7056 = CARTESIAN_POINT ( 'NONE',  ( 0.7799999999999994715, 0.1125000000000000028, -9.025000000000000355 ) ) ;
#7057 = EDGE_CURVE ( 'NONE', #2360, #4753, #1214, .T. ) ;
#7058 = EDGE_CURVE ( 'NONE', #10523, #3874, #5759, .T. ) ;
#7059 = ADVANCED_FACE ( 'NONE', ( #12716 ), #3279, .F. ) ;
#7060 = LINE ( 'NONE', #738, #144 ) ;
#7061 = AXIS2_PLACEMENT_3D ( 'NONE', #4660, #13204, #11132 ) ;
#7062 = ORIENTED_EDGE ( 'NONE', *, *, #11118, .F. ) ;
#7063 = PLANE ( 'NONE',  #10112 ) ;
#7064 = VECTOR ( 'NONE', #6352, 1000.000000000000000 ) ;
#7065 = DIRECTION ( 'NONE',  ( 0.7071067811865496822, 0.000000000000000000, 0.7071067811865454633 ) ) ;
#7066 = LINE ( 'NONE', #12296, #10811 ) ;
#7067 = CARTESIAN_POINT ( 'NONE',  ( 1.415000000000001812, 0.1125000000000000028, -8.389999999999998792 ) ) ;
#7068 = VERTEX_POINT ( 'NONE', #7485 ) ;
#7069 = VERTEX_POINT ( 'NONE', #5426 ) ;
#7070 = CARTESIAN_POINT ( 'NONE',  ( 0.4200000000000030376, 0.1125000000000000028, -8.424999999999997158 ) ) ;
#7071 = DIRECTION ( 'NONE',  ( -0.000000000000000000, 1.000000000000000000, -0.000000000000000000 ) ) ;
#7072 = ORIENTED_EDGE ( 'NONE', *, *, #9309, .T. ) ;
#7073 = VECTOR ( 'NONE', #894, 1000.000000000000000 ) ;
#7074 = EDGE_CURVE ( 'NONE', #12857, #10440, #9614, .T. ) ;
#7075 = CARTESIAN_POINT ( 'NONE',  ( 8.138021506676202593E-15, 0.06250000000000000000, -3.753000000000001890 ) ) ;
#7076 = CARTESIAN_POINT ( 'NONE',  ( -1.100000000000000311, 0.1125000000000000028, -3.402999999999999581 ) ) ;
#7077 = EDGE_CURVE ( 'NONE', #11701, #3117, #8652, .T. ) ;
#7078 = LINE ( 'NONE', #11339, #6119 ) ;
#7079 = LINE ( 'NONE', #9083, #10425 ) ;
#7080 = CARTESIAN_POINT ( 'NONE',  ( 1.250000000000000222, 0.06250000000000000000, -2.403000000000000025 ) ) ;
#7081 = PRESENTATION_STYLE_ASSIGNMENT (( #12317 ) ) ;
#7082 = ORIENTED_EDGE ( 'NONE', *, *, #1179, .F. ) ;
#7083 = LINE ( 'NONE', #8113, #6403 ) ;
#7084 = CIRCLE ( 'NONE', #10609, 0.1749999999999998224 ) ;
#7085 = CARTESIAN_POINT ( 'NONE',  ( -2.200000000000000622, 0.000000000000000000, -6.850000000000000533 ) ) ;
#7086 = ORIENTED_EDGE ( 'NONE', *, *, #80, .T. ) ;
#7087 = CARTESIAN_POINT ( 'NONE',  ( -0.2019999999999982920, 1.089999999999999414, 9.054631419979587648 ) ) ;
#7088 = CARTESIAN_POINT ( 'NONE',  ( 0.9049999999999993605, 0.2530000000000000027, 2.674999999999999822 ) ) ;
#7089 = ORIENTED_EDGE ( 'NONE', *, *, #7134, .F. ) ;
#7090 = ORIENTED_EDGE ( 'NONE', *, *, #6533, .F. ) ;
#7091 = AXIS2_PLACEMENT_3D ( 'NONE', #3616, #8653, #2449 ) ;
#7092 = LINE ( 'NONE', #11226, #12049 ) ;
#7093 = VECTOR ( 'NONE', #8228, 1000.000000000000000 ) ;
#7094 = DIRECTION ( 'NONE',  ( -0.000000000000000000, 1.000000000000000000, -0.000000000000000000 ) ) ;
#7095 = CARTESIAN_POINT ( 'NONE',  ( -2.200000000000000622, 0.4780000000000000360, -6.850000000000000533 ) ) ;
#7096 = DIRECTION ( 'NONE',  ( 2.891205793294679312E-16, 0.000000000000000000, 1.000000000000000000 ) ) ;
#7097 = ORIENTED_EDGE ( 'NONE', *, *, #3100, .T. ) ;
#7098 = ORIENTED_EDGE ( 'NONE', *, *, #4343, .F. ) ;
#7099 = DIRECTION ( 'NONE',  ( -0.000000000000000000, 1.000000000000000000, -0.000000000000000000 ) ) ;
#7100 = VECTOR ( 'NONE', #9597, 1000.000000000000000 ) ;
#7101 = CARTESIAN_POINT ( 'NONE',  ( 0.000000000000000000, 0.1125000000000000028, 0.000000000000000000 ) ) ;
#7102 = CYLINDRICAL_SURFACE ( 'NONE', #6377, 0.1999999999999996503 ) ;
#7103 = CIRCLE ( 'NONE', #1381, 0.1749999999999998224 ) ;
#7104 = DIRECTION ( 'NONE',  ( 0.000000000000000000, 0.000000000000000000, -1.000000000000000000 ) ) ;
#7105 = CARTESIAN_POINT ( 'NONE',  ( 1.867500000000004823, 0.06250000000000000000, -9.875000000000000000 ) ) ;
#7106 = CARTESIAN_POINT ( 'NONE',  ( -1.285000000000000142, 0.1125000000000000028, -8.389999999999997016 ) ) ;
#7107 = LINE ( 'NONE', #8669, #9374 ) ;
#7108 = ORIENTED_EDGE ( 'NONE', *, *, #3271, .T. ) ;
#7109 = PLANE ( 'NONE',  #12973 ) ;
#7110 = CARTESIAN_POINT ( 'NONE',  ( 0.5049999999999990052, 0.4780000000000000360, 1.874999999999999556 ) ) ;
#7111 = PLANE ( 'NONE',  #7864 ) ;
#7112 = CARTESIAN_POINT ( 'NONE',  ( -1.585000000000000853, 0.06250000000000000000, -7.653000000000000469 ) ) ;
#7113 = DIRECTION ( 'NONE',  ( 0.7071067811865444641, 0.000000000000000000, 0.7071067811865505703 ) ) ;
#7114 = ORIENTED_EDGE ( 'NONE', *, *, #3879, .F. ) ;
#7115 = ADVANCED_FACE ( 'NONE', ( #3346 ), #599, .T. ) ;
#7116 =( GEOMETRIC_REPRESENTATION_CONTEXT ( 3 ) GLOBAL_UNCERTAINTY_ASSIGNED_CONTEXT ( ( #2885 ) ) GLOBAL_UNIT_ASSIGNED_CONTEXT ( ( #11677, #3467, #11880 ) ) REPRESENTATION_CONTEXT ( 'NONE', 'WORKASPACE' ) );
#7117 = CARTESIAN_POINT ( 'NONE',  ( -1.350000000000000089, 0.1125000000000000028, -9.125000000000000000 ) ) ;
#7118 = ORIENTED_EDGE ( 'NONE', *, *, #11258, .F. ) ;
#7119 = ORIENTED_EDGE ( 'NONE', *, *, #2023, .F. ) ;
#7120 = CARTESIAN_POINT ( 'NONE',  ( 2.199999999999999734, 0.2530000000000000027, -6.460000000000002629 ) ) ;
#7121 = DIRECTION ( 'NONE',  ( 1.000000000000000000, 0.000000000000000000, 0.000000000000000000 ) ) ;
#7122 = ORIENTED_EDGE ( 'NONE', *, *, #9837, .F. ) ;
#7123 = LINE ( 'NONE', #11325, #7450 ) ;
#7124 = DIRECTION ( 'NONE',  ( 0.000000000000000000, -1.000000000000000000, 0.000000000000000000 ) ) ;
#7125 = CARTESIAN_POINT ( 'NONE',  ( 2.149999999999999911, 0.2530000000000000027, -6.987373870972730217 ) ) ;
#7126 = CARTESIAN_POINT ( 'NONE',  ( 1.380000000000003224, 0.1125000000000000028, -9.025000000000000355 ) ) ;
#7127 = ORIENTED_EDGE ( 'NONE', *, *, #9308, .T. ) ;
#7128 = ORIENTED_EDGE ( 'NONE', *, *, #8679, .F. ) ;
#7129 = EDGE_CURVE ( 'NONE', #2165, #11734, #1693, .T. ) ;
#7130 = LINE ( 'NONE', #4093, #1362 ) ;
#7131 = EDGE_CURVE ( 'NONE', #4753, #9564, #7880, .T. ) ;
#7132 = LINE ( 'NONE', #12304, #12558 ) ;
#7133 = EDGE_LOOP ( 'NONE', ( #11633, #4566, #3961, #2980 ) ) ;
#7134 = EDGE_CURVE ( 'NONE', #987, #3000, #2510, .T. ) ;
#7135 = DIRECTION ( 'NONE',  ( -0.000000000000000000, 1.000000000000000000, -0.000000000000000000 ) ) ;
#7136 = LINE ( 'NONE', #951, #8777 ) ;
#7137 = CARTESIAN_POINT ( 'NONE',  ( 8.138021506676193126E-15, 0.06250000000000000000, -3.752999999999997449 ) ) ;
#7138 = DIRECTION ( 'NONE',  ( 0.000000000000000000, -1.000000000000000000, 0.000000000000000000 ) ) ;
#7139 = DIRECTION ( 'NONE',  ( -1.000000000000000000, 0.000000000000000000, 0.000000000000000000 ) ) ;
#7140 = CARTESIAN_POINT ( 'NONE',  ( 0.000000000000000000, 0.06250000000000000000, -9.875000000000000000 ) ) ;
#7141 = ORIENTED_EDGE ( 'NONE', *, *, #6130, .T. ) ;
#7142 = FILL_AREA_STYLE ('',( #10128 ) ) ;
#7143 = LINE ( 'NONE', #13345, #6805 ) ;
#7144 = ORIENTED_EDGE ( 'NONE', *, *, #195, .T. ) ;
#7145 = CARTESIAN_POINT ( 'NONE',  ( -4.302499999999993996, 0.06250000000000000000, -4.302500000000127223 ) ) ;
#7146 = EDGE_CURVE ( 'NONE', #3408, #5201, #534, .T. ) ;
#7147 = DIRECTION ( 'NONE',  ( -2.710505431213760099E-16, 0.000000000000000000, 1.000000000000000000 ) ) ;
#7148 = EDGE_CURVE ( 'NONE', #290, #6154, #12991, .T. ) ;
#7149 = VERTEX_POINT ( 'NONE', #10917 ) ;
#7150 = EDGE_CURVE ( 'NONE', #11218, #8605, #10160, .T. ) ;
#7151 = ORIENTED_EDGE ( 'NONE', *, *, #1860, .F. ) ;
#7152 = DIRECTION ( 'NONE',  ( 0.000000000000000000, 0.000000000000000000, -1.000000000000000000 ) ) ;
#7153 = CARTESIAN_POINT ( 'NONE',  ( 2.149999999999999911, 0.2530000000000000027, -8.875000000000000000 ) ) ;
#7154 = CARTESIAN_POINT ( 'NONE',  ( -2.200000000000000622, 0.000000000000000000, -6.460000000000002629 ) ) ;
#7155 = CARTESIAN_POINT ( 'NONE',  ( 0.8499999999999994227, 0.4780000000000000360, 3.575000000000000178 ) ) ;
#7156 = UNCERTAINTY_MEASURE_WITH_UNIT (LENGTH_MEASURE( 1.000000000000000082E-05 ), #6859, 'distance_accuracy_value', 'NONE');
#7157 = VERTEX_POINT ( 'NONE', #3750 ) ;
#7158 = ORIENTED_EDGE ( 'NONE', *, *, #5710, .F. ) ;
#7159 = DIRECTION ( 'NONE',  ( -0.000000000000000000, 1.000000000000000000, -0.000000000000000000 ) ) ;
#7160 = CARTESIAN_POINT ( 'NONE',  ( 0.6499999999999989120, 0.1125000000000000028, -9.025000000000000355 ) ) ;
#7161 = DIRECTION ( 'NONE',  ( -1.000000000000000000, 0.000000000000000000, 0.000000000000000000 ) ) ;
#7162 = DIRECTION ( 'NONE',  ( -0.000000000000000000, -1.000000000000000000, -0.000000000000000000 ) ) ;
#7163 = ADVANCED_FACE ( 'NONE', ( #671 ), #5830, .T. ) ;
#7164 = CARTESIAN_POINT ( 'NONE',  ( 0.5250000000004583223, 0.06250000000000000000, -2.428612866369636822E-14 ) ) ;
#7165 = FACE_OUTER_BOUND ( 'NONE', #1949, .T. ) ;
#7166 = DIRECTION ( 'NONE',  ( 0.000000000000000000, 0.000000000000000000, -1.000000000000000000 ) ) ;
#7167 = VECTOR ( 'NONE', #1262, 1000.000000000000000 ) ;
#7168 = CARTESIAN_POINT ( 'NONE',  ( -0.1499999999999964972, 0.06250000000000000000, -9.124999999999998224 ) ) ;
#7169 = VERTEX_POINT ( 'NONE', #10859 ) ;
#7170 = LINE ( 'NONE', #9251, #8787 ) ;
#7171 = DIRECTION ( 'NONE',  ( -0.7071067811865497932, 0.000000000000000000, -0.7071067811865452413 ) ) ;
#7172 = DIRECTION ( 'NONE',  ( 0.000000000000000000, 1.000000000000000000, 0.000000000000000000 ) ) ;
#7173 = DIRECTION ( 'NONE',  ( 0.000000000000000000, 0.000000000000000000, -1.000000000000000000 ) ) ;
#7174 = CARTESIAN_POINT ( 'NONE',  ( 1.415000000000004698, 0.1125000000000000028, -4.163218654184525865E-16 ) ) ;
#7175 = VERTEX_POINT ( 'NONE', #8994 ) ;
#7176 = ORIENTED_EDGE ( 'NONE', *, *, #8968, .T. ) ;
#7177 = ORIENTED_EDGE ( 'NONE', *, *, #12367, .T. ) ;
#7178 = AXIS2_PLACEMENT_3D ( 'NONE', #2323, #13515, #4139 ) ;
#7179 = CARTESIAN_POINT ( 'NONE',  ( 1.429999999999998828, 0.4780000000000000360, 1.694999999999999840 ) ) ;
#7180 = EDGE_CURVE ( 'NONE', #4753, #5504, #5899, .T. ) ;
#7181 = MECHANICAL_DESIGN_GEOMETRIC_PRESENTATION_REPRESENTATION (  '', ( #3664 ), #3220 ) ;
#7182 = CARTESIAN_POINT ( 'NONE',  ( -4.187500000000001776, 0.06250000000000000000, -4.187500000000029310 ) ) ;
#7183 = ORIENTED_EDGE ( 'NONE', *, *, #6639, .T. ) ;
#7184 = PLANE ( 'NONE',  #9002 ) ;
#7185 = FACE_OUTER_BOUND ( 'NONE', #8005, .T. ) ;
#7186 = CARTESIAN_POINT ( 'NONE',  ( -0.2019999999999982920, 1.289999999999999591, 8.949999999999999289 ) ) ;
#7187 = LINE ( 'NONE', #7259, #11949 ) ;
#7188 = VERTEX_POINT ( 'NONE', #9969 ) ;
#7189 = VERTEX_POINT ( 'NONE', #11064 ) ;
#7190 = CARTESIAN_POINT ( 'NONE',  ( -1.230000000000000870, 0.2530000000000000027, 2.694999999999999840 ) ) ;
#7191 = CARTESIAN_POINT ( 'NONE',  ( 1.125000000000458966, 0.1125000000000000028, -5.204170427932515236E-14 ) ) ;
#7192 = ORIENTED_EDGE ( 'NONE', *, *, #758, .F. ) ;
#7193 = PRESENTATION_LAYER_ASSIGNMENT (  '', '', ( #5668 ) ) ;
#7194 = CARTESIAN_POINT ( 'NONE',  ( -2.350000000000000977, 0.4780000000000000360, -9.074999999999999289 ) ) ;
#7195 = DIRECTION ( 'NONE',  ( -0.000000000000000000, -0.000000000000000000, -1.000000000000000000 ) ) ;
#7196 = EDGE_CURVE ( 'NONE', #10511, #6861, #12014, .T. ) ;
#7197 = EDGE_CURVE ( 'NONE', #3484, #13303, #11126, .T. ) ;
#7198 = LINE ( 'NONE', #8245, #9207 ) ;
#7199 = DIRECTION ( 'NONE',  ( 0.3420201433256688239, 0.000000000000000000, 0.9396926207859083169 ) ) ;
#7200 = VECTOR ( 'NONE', #10621, 1000.000000000000000 ) ;
#7201 = DIRECTION ( 'NONE',  ( 0.000000000000000000, 0.000000000000000000, -1.000000000000000000 ) ) ;
#7202 = EDGE_CURVE ( 'NONE', #5445, #11529, #10991, .T. ) ;
#7203 = CARTESIAN_POINT ( 'NONE',  ( 2.575000000000000178, 0.1125000000000000028, -8.699999999999999289 ) ) ;
#7204 = ORIENTED_EDGE ( 'NONE', *, *, #9157, .F. ) ;
#7205 =( NAMED_UNIT ( * ) PLANE_ANGLE_UNIT ( ) SI_UNIT ( $, .RADIAN. ) );
#7206 = CARTESIAN_POINT ( 'NONE',  ( -2.350000000000000977, 0.2530000000000000027, -8.325000000000001066 ) ) ;
#7207 = ORIENTED_EDGE ( 'NONE', *, *, #8811, .F. ) ;
#7208 = VECTOR ( 'NONE', #6736, 1000.000000000000000 ) ;
#7209 = DIRECTION ( 'NONE',  ( -0.000000000000000000, 0.000000000000000000, -1.000000000000000000 ) ) ;
#7210 = CARTESIAN_POINT ( 'NONE',  ( -2.350000000000000977, 0.4780000000000000360, -8.875000000000000000 ) ) ;
#7211 = VECTOR ( 'NONE', #984, 1000.000000000000000 ) ;
#7212 = EDGE_LOOP ( 'NONE', ( #1429, #10444, #9740, #132 ) ) ;
#7213 = VERTEX_POINT ( 'NONE', #5765 ) ;
#7214 = VECTOR ( 'NONE', #13194, 1000.000000000000000 ) ;
#7215 = CARTESIAN_POINT ( 'NONE',  ( 1.800000000000000488, 0.2530000000000000027, -4.798000000000000043 ) ) ;
#7216 = LINE ( 'NONE', #5377, #6364 ) ;
#7217 = ADVANCED_FACE ( 'NONE', ( #7958 ), #1557, .T. ) ;
#7218 = AXIS2_PLACEMENT_3D ( 'NONE', #2752, #10005, #6960 ) ;
#7219 = VECTOR ( 'NONE', #10140, 1000.000000000000000 ) ;
#7220 = LINE ( 'NONE', #11434, #4362 ) ;
#7221 = VECTOR ( 'NONE', #4916, 1000.000000000000000 ) ;
#7222 = EDGE_CURVE ( 'NONE', #4118, #10016, #384, .T. ) ;
#7223 = VERTEX_POINT ( 'NONE', #11953 ) ;
#7224 = ORIENTED_EDGE ( 'NONE', *, *, #2606, .T. ) ;
#7225 = CARTESIAN_POINT ( 'NONE',  ( 1.250000000000000222, 0.06250000000000000000, -2.403000000000000025 ) ) ;
#7226 = DIRECTION ( 'NONE',  ( 0.000000000000000000, 1.000000000000000000, -0.000000000000000000 ) ) ;
#7227 = CARTESIAN_POINT ( 'NONE',  ( 0.000000000000000000, 0.06250000000000000000, -9.875000000000000000 ) ) ;
#7228 = CARTESIAN_POINT ( 'NONE',  ( 0.000000000000000000, 0.1125000000000000028, 0.000000000000000000 ) ) ;
#7229 = VECTOR ( 'NONE', #13290, 1000.000000000000000 ) ;
#7230 = AXIS2_PLACEMENT_3D ( 'NONE', #10301, #12566, #4160 ) ;
#7231 = AXIS2_PLACEMENT_3D ( 'NONE', #3218, #13559, #13632 ) ;
#7232 = AXIS2_PLACEMENT_3D ( 'NONE', #3105, #227, #4340 ) ;
#7233 = CARTESIAN_POINT ( 'NONE',  ( 1.649999999999999467, 0.4780000000000000360, 3.899999999999999911 ) ) ;
#7234 = DIRECTION ( 'NONE',  ( 0.000000000000000000, 0.000000000000000000, -1.000000000000000000 ) ) ;
#7235 = FACE_OUTER_BOUND ( 'NONE', #8720, .T. ) ;
#7236 = ADVANCED_FACE ( 'NONE', ( #2448 ), #13121, .F. ) ;
#7237 = CARTESIAN_POINT ( 'NONE',  ( -0.8249999999999972911, 0.1125000000000000028, 2.222277744846067209E-16 ) ) ;
#7238 = EDGE_CURVE ( 'NONE', #8323, #13144, #8783, .T. ) ;
#7239 = PLANE ( 'NONE',  #3657 ) ;
#7240 = VECTOR ( 'NONE', #3317, 1000.000000000000000 ) ;
#7241 = ORIENTED_EDGE ( 'NONE', *, *, #158, .T. ) ;
#7242 = CARTESIAN_POINT ( 'NONE',  ( -0.4200000000000015388, 0.06250000000000000000, 0.000000000000000000 ) ) ;
#7243 = VECTOR ( 'NONE', #356, 1000.000000000000000 ) ;
#7244 = DIRECTION ( 'NONE',  ( 1.000000000000000000, 0.000000000000000000, 0.000000000000000000 ) ) ;
#7245 = DIRECTION ( 'NONE',  ( 0.7071067811865593411, 0.000000000000000000, 0.7071067811865358044 ) ) ;
#7246 = VECTOR ( 'NONE', #13317, 1000.000000000000000 ) ;
#7247 = DIRECTION ( 'NONE',  ( -0.000000000000000000, -1.000000000000000000, -0.000000000000000000 ) ) ;
#7248 = DIRECTION ( 'NONE',  ( -0.000000000000000000, 1.000000000000000000, 0.000000000000000000 ) ) ;
#7249 = EDGE_LOOP ( 'NONE', ( #10149, #12966, #6934, #7882 ) ) ;
#7250 = ORIENTED_EDGE ( 'NONE', *, *, #6357, .F. ) ;
#7251 = ORIENTED_EDGE ( 'NONE', *, *, #10266, .F. ) ;
#7252 = VECTOR ( 'NONE', #3637, 1000.000000000000000 ) ;
#7253 = PRESENTATION_LAYER_ASSIGNMENT (  '', '', ( #13426 ) ) ;
#7254 = PLANE ( 'NONE',  #13041 ) ;
#7255 = CARTESIAN_POINT ( 'NONE',  ( 1.429999999999998828, 0.4780000000000000360, 1.694999999999999840 ) ) ;
#7256 = ORIENTED_EDGE ( 'NONE', *, *, #9764, .T. ) ;
#7257 = CARTESIAN_POINT ( 'NONE',  ( 0.8499999999999995337, 0.2530000000000000027, 4.299999999999999822 ) ) ;
#7258 = DIRECTION ( 'NONE',  ( 1.000000000000000000, 0.000000000000000000, -1.084202172485504631E-15 ) ) ;
#7259 = CARTESIAN_POINT ( 'NONE',  ( -1.230000000000000870, 0.4780000000000000360, 2.694999999999999840 ) ) ;
#7260 = ORIENTED_EDGE ( 'NONE', *, *, #758, .T. ) ;
#7261 = VECTOR ( 'NONE', #13567, 1000.000000000000000 ) ;
#7262 = STYLED_ITEM ( 'NONE', ( #2180 ), #9882 ) ;
#7263 = ORIENTED_EDGE ( 'NONE', *, *, #11380, .T. ) ;
#7264 = FACE_OUTER_BOUND ( 'NONE', #3491, .T. ) ;
#7265 = FACE_OUTER_BOUND ( 'NONE', #7052, .T. ) ;
#7266 = ORIENTED_EDGE ( 'NONE', *, *, #330, .T. ) ;
#7267 = FILL_AREA_STYLE_COLOUR ( '', #1710 ) ;
#7268 = DIRECTION ( 'NONE',  ( 0.000000000000000000, -1.000000000000000000, 0.000000000000000000 ) ) ;
#7269 = DIRECTION ( 'NONE',  ( 1.000000000000000000, 0.000000000000000000, 0.000000000000000000 ) ) ;
#7270 = DIRECTION ( 'NONE',  ( -0.7071067811865220376, 0.000000000000000000, -0.7071067811865729968 ) ) ;
#7271 = PLANE ( 'NONE',  #4993 ) ;
#7272 =( NAMED_UNIT ( * ) PLANE_ANGLE_UNIT ( ) SI_UNIT ( $, .RADIAN. ) );
#7273 = VERTEX_POINT ( 'NONE', #4575 ) ;
#7274 = SURFACE_STYLE_FILL_AREA ( #2248 ) ;
#7275 = DIRECTION ( 'NONE',  ( 1.000000000000000000, 0.000000000000000000, -0.000000000000000000 ) ) ;
#7276 = ORIENTED_EDGE ( 'NONE', *, *, #2420, .F. ) ;
#7277 = CARTESIAN_POINT ( 'NONE',  ( -1.230000000000001092, 0.4780000000000000360, 2.295000000000000373 ) ) ;
#7278 = VECTOR ( 'NONE', #13128, 1000.000000000000000 ) ;
#7279 = DIRECTION ( 'NONE',  ( 4.119085594246160228E-15, 0.000000000000000000, -1.000000000000000000 ) ) ;
#7280 = ORIENTED_EDGE ( 'NONE', *, *, #2703, .T. ) ;
#7281 = VECTOR ( 'NONE', #9639, 1000.000000000000000 ) ;
#7282 = VERTEX_POINT ( 'NONE', #6036 ) ;
#7283 = EDGE_CURVE ( 'NONE', #13064, #1838, #9270, .T. ) ;
#7284 = VERTEX_POINT ( 'NONE', #12433 ) ;
#7285 = EDGE_CURVE ( 'NONE', #1341, #7358, #11197, .T. ) ;
#7286 = VERTEX_POINT ( 'NONE', #7125 ) ;
#7287 = EDGE_CURVE ( 'NONE', #13522, #1565, #11394, .T. ) ;
#7288 = LINE ( 'NONE', #700, #1314 ) ;
#7289 = DIRECTION ( 'NONE',  ( -2.942203995890121492E-16, 0.000000000000000000, -1.000000000000000000 ) ) ;
#7290 = PLANE ( 'NONE',  #372 ) ;
#7291 = CLOSED_SHELL ( 'NONE', ( #12954, #3500, #10694, #11765, #1939, #6374, #10757, #12645, #13389, #6438 ) ) ;
#7292 = AXIS2_PLACEMENT_3D ( 'NONE', #3967, #807, #876 ) ;
#7293 = UNCERTAINTY_MEASURE_WITH_UNIT (LENGTH_MEASURE( 1.000000000000000082E-05 ), #11544, 'distance_accuracy_value', 'NONE');
#7294 = VERTEX_POINT ( 'NONE', #10177 ) ;
#7295 = EDGE_LOOP ( 'NONE', ( #361, #5619, #3332, #6323 ) ) ;
#7296 = LINE ( 'NONE', #11502, #5480 ) ;
#7297 = ORIENTED_EDGE ( 'NONE', *, *, #2148, .F. ) ;
#7298 = FACE_OUTER_BOUND ( 'NONE', #5444, .T. ) ;
#7299 = LINE ( 'NONE', #13439, #11657 ) ;
#7300 = ORIENTED_EDGE ( 'NONE', *, *, #11404, .T. ) ;
#7301 = EDGE_CURVE ( 'NONE', #8965, #2797, #13471, .T. ) ;
#7302 = EDGE_CURVE ( 'NONE', #414, #2127, #1962, .T. ) ;
#7303 = VECTOR ( 'NONE', #11804, 1000.000000000000000 ) ;
#7304 = EDGE_CURVE ( 'NONE', #1844, #11598, #2640, .T. ) ;
#7305 = EDGE_CURVE ( 'NONE', #10964, #12938, #742, .T. ) ;
#7306 = PLANE ( 'NONE',  #11845 ) ;
#7307 = CARTESIAN_POINT ( 'NONE',  ( 2.750000000000000000, 0.2530000000000000027, -8.699999999999997513 ) ) ;
#7308 = CARTESIAN_POINT ( 'NONE',  ( 0.08499999999999978406, 0.06250000000000000000, -7.653000000000000469 ) ) ;
#7309 = CARTESIAN_POINT ( 'NONE',  ( 2.150000000000000799, 0.1125000000000000028, -9.799999999999998934 ) ) ;
#7310 =( GEOMETRIC_REPRESENTATION_CONTEXT ( 3 ) GLOBAL_UNCERTAINTY_ASSIGNED_CONTEXT ( ( #6066 ) ) GLOBAL_UNIT_ASSIGNED_CONTEXT ( ( #2557, #13106, #13316 ) ) REPRESENTATION_CONTEXT ( 'NONE', 'WORKASPACE' ) );
#7311 = CARTESIAN_POINT ( 'NONE',  ( 0.8499999999999995337, 0.2530000000000000027, 3.174999999999999822 ) ) ;
#7312 = MECHANICAL_DESIGN_GEOMETRIC_PRESENTATION_REPRESENTATION (  '', ( #9082 ), #10184 ) ;
#7313 = VERTEX_POINT ( 'NONE', #802 ) ;
#7314 = DIRECTION ( 'NONE',  ( 4.119085594246160228E-15, 0.000000000000000000, -1.000000000000000000 ) ) ;
#7315 = VECTOR ( 'NONE', #12633, 1000.000000000000000 ) ;
#7316 = PLANE ( 'NONE',  #1827 ) ;
#7317 = DIRECTION ( 'NONE',  ( -0.000000000000000000, -1.000000000000000000, -0.000000000000000000 ) ) ;
#7318 = DIRECTION ( 'NONE',  ( -1.000000000000000000, 0.000000000000000000, 0.000000000000000000 ) ) ;
#7319 = ORIENTED_EDGE ( 'NONE', *, *, #2004, .F. ) ;
#7320 = ADVANCED_FACE ( 'NONE', ( #8025 ), #2853, .F. ) ;
#7321 = EDGE_CURVE ( 'NONE', #637, #10545, #11265, .T. ) ;
#7322 = VERTEX_POINT ( 'NONE', #2783 ) ;
#7323 = ORIENTED_EDGE ( 'NONE', *, *, #7722, .F. ) ;
#7324 = EDGE_CURVE ( 'NONE', #9836, #10927, #5139, .T. ) ;
#7325 = CARTESIAN_POINT ( 'NONE',  ( 1.750000000000000666, 0.06250000000000000000, -4.753000000000000114 ) ) ;
#7326 = DIRECTION ( 'NONE',  ( -0.7071067811865465735, 0.000000000000000000, -0.7071067811865485719 ) ) ;
#7327 = ORIENTED_EDGE ( 'NONE', *, *, #526, .T. ) ;
#7328 = CARTESIAN_POINT ( 'NONE',  ( -4.041249999999995346, 0.1125000000000000028, -4.041249999999983800 ) ) ;
#7329 =( NAMED_UNIT ( * ) SI_UNIT ( $, .STERADIAN. ) SOLID_ANGLE_UNIT ( ) );
#7330 = CARTESIAN_POINT ( 'NONE',  ( -2.350000000000000977, 0.4780000000000000360, -8.125000000000000000 ) ) ;
#7331 = PLANE ( 'NONE',  #8642 ) ;
#7332 = COLOUR_RGB ( '',1.000000000000000000, 0.8117647058823529438, 0.5019607843137254832 ) ;
#7333 = ORIENTED_EDGE ( 'NONE', *, *, #3824, .F. ) ;
#7334 = VERTEX_POINT ( 'NONE', #9199 ) ;
#7335 = LINE ( 'NONE', #6447, #11260 ) ;
#7336 = CARTESIAN_POINT ( 'NONE',  ( -0.2019999999999982920, 2.880000000000000338, 8.949999999999999289 ) ) ;
#7337 = VERTEX_POINT ( 'NONE', #2032 ) ;
#7338 = EDGE_CURVE ( 'NONE', #7418, #11988, #2976, .T. ) ;
#7339 = DIRECTION ( 'NONE',  ( 4.625929269271459921E-14, 0.000000000000000000, -1.000000000000000000 ) ) ;
#7340 = LINE ( 'NONE', #11540, #4602 ) ;
#7341 = DIRECTION ( 'NONE',  ( 0.7071067811865356934, 0.000000000000000000, -0.7071067811865593411 ) ) ;
#7342 = DIRECTION ( 'NONE',  ( 0.000000000000000000, 0.000000000000000000, -1.000000000000000000 ) ) ;
#7343 = DIRECTION ( 'NONE',  ( 0.000000000000000000, 0.000000000000000000, -1.000000000000000000 ) ) ;
#7344 = CARTESIAN_POINT ( 'NONE',  ( 0.8150000000000213740, 0.06250000000000000000, -2.158106630985455784E-15 ) ) ;
#7345 = ORIENTED_EDGE ( 'NONE', *, *, #142, .F. ) ;
#7346 = FACE_OUTER_BOUND ( 'NONE', #12120, .T. ) ;
#7347 = DIRECTION ( 'NONE',  ( 0.000000000000000000, -1.000000000000000000, 0.000000000000000000 ) ) ;
#7348 = ORIENTED_EDGE ( 'NONE', *, *, #1394, .F. ) ;
#7349 = CYLINDRICAL_SURFACE ( 'NONE', #1589, 0.2000000000000005107 ) ;
#7350 = CARTESIAN_POINT ( 'NONE',  ( 0.5250000000004583223, 0.1125000000000000028, -2.428612866369636822E-14 ) ) ;
#7351 = ORIENTED_EDGE ( 'NONE', *, *, #11922, .T. ) ;
#7352 = ORIENTED_EDGE ( 'NONE', *, *, #12780, .T. ) ;
#7353 = ORIENTED_EDGE ( 'NONE', *, *, #728, .T. ) ;
#7354 = LINE ( 'NONE', #4263, #9202 ) ;
#7355 = PLANE ( 'NONE',  #9004 ) ;
#7356 =( NAMED_UNIT ( * ) PLANE_ANGLE_UNIT ( ) SI_UNIT ( $, .RADIAN. ) );
#7357 = EDGE_CURVE ( 'NONE', #13108, #12927, #7066, .T. ) ;
#7358 = VERTEX_POINT ( 'NONE', #13402 ) ;
#7359 = EDGE_LOOP ( 'NONE', ( #12375, #8468, #11418, #4661 ) ) ;
#7360 = CARTESIAN_POINT ( 'NONE',  ( 1.275000000000002132, 0.06250000000000000000, -9.875000000000000000 ) ) ;
#7361 = CARTESIAN_POINT ( 'NONE',  ( 0.000000000000000000, 0.06250000000000000000, -9.875000000000000000 ) ) ;
#7362 = EDGE_LOOP ( 'NONE', ( #3157, #6099, #10361, #11970 ) ) ;
#7363 = DIRECTION ( 'NONE',  ( 0.000000000000000000, 0.000000000000000000, 1.000000000000000000 ) ) ;
#7364 = DIRECTION ( 'NONE',  ( -2.710505431213760099E-16, 0.000000000000000000, 1.000000000000000000 ) ) ;
#7365 = VERTEX_POINT ( 'NONE', #7186 ) ;
#7366 = LINE ( 'NONE', #11319, #3240 ) ;
#7367 = DIRECTION ( 'NONE',  ( 0.000000000000000000, -1.000000000000000000, 0.000000000000000000 ) ) ;
#7368 = CARTESIAN_POINT ( 'NONE',  ( 1.900000000000000577, 0.06250000000000000000, -3.403000000000000025 ) ) ;
#7369 = DIRECTION ( 'NONE',  ( 0.000000000000000000, -1.000000000000000000, 0.000000000000000000 ) ) ;
#7370 = ADVANCED_FACE ( 'NONE', ( #3960 ), #8169, .F. ) ;
#7371 = EDGE_CURVE ( 'NONE', #3265, #8572, #12224, .T. ) ;
#7372 = VERTEX_POINT ( 'NONE', #10382 ) ;
#7373 = FACE_OUTER_BOUND ( 'NONE', #2452, .T. ) ;
#7374 = PLANE ( 'NONE',  #5041 ) ;
#7375 = CARTESIAN_POINT ( 'NONE',  ( -2.200000000000000178, 0.1125000000000000028, -5.012999999999999901 ) ) ;
#7376 = EDGE_CURVE ( 'NONE', #12381, #11620, #4033, .T. ) ;
#7377 = VECTOR ( 'NONE', #6655, 1000.000000000000000 ) ;
#7378 = FACE_OUTER_BOUND ( 'NONE', #13090, .T. ) ;
#7379 = LINE ( 'NONE', #7174, #9450 ) ;
#7380 = ORIENTED_EDGE ( 'NONE', *, *, #2337, .F. ) ;
#7381 = VERTEX_POINT ( 'NONE', #13532 ) ;
#7382 = VERTEX_POINT ( 'NONE', #4088 ) ;
#7383 = DIRECTION ( 'NONE',  ( -0.000000000000000000, 1.000000000000000000, -0.000000000000000000 ) ) ;
#7384 = VECTOR ( 'NONE', #10698, 1000.000000000000114 ) ;
#7385 = EDGE_CURVE ( 'NONE', #8945, #3938, #8291, .T. ) ;
#7386 = LINE ( 'NONE', #12563, #8703 ) ;
#7387 = VERTEX_POINT ( 'NONE', #7391 ) ;
#7388 = ADVANCED_FACE ( 'NONE', ( #12568 ), #9468, .T. ) ;
#7389 = FACE_OUTER_BOUND ( 'NONE', #254, .T. ) ;
#7390 = CARTESIAN_POINT ( 'NONE',  ( 0.000000000000000000, 0.06250000000000000000, 0.000000000000000000 ) ) ;
#7391 = CARTESIAN_POINT ( 'NONE',  ( 0.05000000000000012768, 0.06250000000000000000, -3.753000000000000114 ) ) ;
#7392 = EDGE_CURVE ( 'NONE', #12993, #7896, #6506, .T. ) ;
#7393 = CARTESIAN_POINT ( 'NONE',  ( -0.8019999999999979368, 1.289999999999999591, 8.949999999999999289 ) ) ;
#7394 = ORIENTED_EDGE ( 'NONE', *, *, #8898, .F. ) ;
#7395 = ORIENTED_EDGE ( 'NONE', *, *, #23, .F. ) ;
#7396 = DIRECTION ( 'NONE',  ( -0.000000000000000000, 1.000000000000000000, -0.000000000000000000 ) ) ;
#7397 = AXIS2_PLACEMENT_3D ( 'NONE', #2867, #1850, #2935 ) ;
#7398 = CARTESIAN_POINT ( 'NONE',  ( 0.4500000000000001221, 0.1125000000000000028, -3.752999999999999226 ) ) ;
#7399 = ORIENTED_EDGE ( 'NONE', *, *, #5947, .F. ) ;
#7400 = CARTESIAN_POINT ( 'NONE',  ( 2.149999999999999911, 0.4780000000000000360, -9.074999999999999289 ) ) ;
#7401 = DIRECTION ( 'NONE',  ( -1.000000000000000000, 0.000000000000000000, 0.000000000000000000 ) ) ;
#7402 = CARTESIAN_POINT ( 'NONE',  ( 1.049999999999994715, 0.1125000000000000028, 1.138412281109774331E-15 ) ) ;
#7403 = CARTESIAN_POINT ( 'NONE',  ( 1.717500000000005134, 0.1125000000000000028, -9.799999999999998934 ) ) ;
#7404 = EDGE_CURVE ( 'NONE', #484, #275, #1265, .T. ) ;
#7405 = CARTESIAN_POINT ( 'NONE',  ( 0.000000000000000000, 0.06250000000000000000, -9.875000000000000000 ) ) ;
#7406 = EDGE_CURVE ( 'NONE', #7513, #1404, #2158, .T. ) ;
#7407 = LINE ( 'NONE', #7344, #3791 ) ;
#7408 = ORIENTED_EDGE ( 'NONE', *, *, #3535, .T. ) ;
#7409 = LINE ( 'NONE', #3283, #8809 ) ;
#7410 = CARTESIAN_POINT ( 'NONE',  ( 0.000000000000000000, 0.2530000000000000027, 0.000000000000000000 ) ) ;
#7411 = VECTOR ( 'NONE', #2438, 1000.000000000000000 ) ;
#7412 = VERTEX_POINT ( 'NONE', #8502 ) ;
#7413 = DIRECTION ( 'NONE',  ( -1.000000000000000000, 0.000000000000000000, 0.000000000000000000 ) ) ;
#7414 =( GEOMETRIC_REPRESENTATION_CONTEXT ( 3 ) GLOBAL_UNCERTAINTY_ASSIGNED_CONTEXT ( ( #2616 ) ) GLOBAL_UNIT_ASSIGNED_CONTEXT ( ( #11947, #2505, #8705 ) ) REPRESENTATION_CONTEXT ( 'NONE', 'WORKASPACE' ) );
#7415 = CARTESIAN_POINT ( 'NONE',  ( 2.149999999999999467, 0.2530000000000000027, 6.299999999999999822 ) ) ;
#7416 = ORIENTED_EDGE ( 'NONE', *, *, #13244, .T. ) ;
#7417 = VERTEX_POINT ( 'NONE', #3125 ) ;
#7418 = VERTEX_POINT ( 'NONE', #3258 ) ;
#7419 = VERTEX_POINT ( 'NONE', #7539 ) ;
#7420 =( NAMED_UNIT ( * ) SI_UNIT ( $, .STERADIAN. ) SOLID_ANGLE_UNIT ( ) );
#7421 = DIRECTION ( 'NONE',  ( -0.3420201433256688239, 0.000000000000000000, 0.9396926207859083169 ) ) ;
#7422 = VECTOR ( 'NONE', #188, 1000.000000000000000 ) ;
#7423 = DIRECTION ( 'NONE',  ( 0.000000000000000000, 1.000000000000000000, -0.000000000000000000 ) ) ;
#7424 = ORIENTED_EDGE ( 'NONE', *, *, #4132, .T. ) ;
#7425 = VECTOR ( 'NONE', #7269, 1000.000000000000000 ) ;
#7426 = VERTEX_POINT ( 'NONE', #3330 ) ;
#7427 = DIRECTION ( 'NONE',  ( 0.000000000000000000, -0.000000000000000000, -1.000000000000000000 ) ) ;
#7428 = DIRECTION ( 'NONE',  ( 0.000000000000000000, -1.000000000000000000, 0.000000000000000000 ) ) ;
#7429 = ORIENTED_EDGE ( 'NONE', *, *, #10460, .T. ) ;
#7430 = DIRECTION ( 'NONE',  ( -2.168404344971009262E-15, 0.000000000000000000, 1.000000000000000000 ) ) ;
#7431 = LINE ( 'NONE', #12818, #13424 ) ;
#7432 = ORIENTED_EDGE ( 'NONE', *, *, #5207, .T. ) ;
#7433 = VECTOR ( 'NONE', #5568, 1000.000000000000000 ) ;
#7434 = PLANE ( 'NONE',  #7856 ) ;
#7435 = EDGE_CURVE ( 'NONE', #7418, #394, #4162, .T. ) ;
#7436 = VECTOR ( 'NONE', #4177, 1000.000000000000000 ) ;
#7437 = AXIS2_PLACEMENT_3D ( 'NONE', #12621, #12750, #4418 ) ;
#7438 = DIRECTION ( 'NONE',  ( -1.000000000000000000, 0.000000000000000000, -0.000000000000000000 ) ) ;
#7439 = FILL_AREA_STYLE ('',( #8682 ) ) ;
#7440 = SURFACE_STYLE_USAGE ( .BOTH. , #12677 ) ;
#7441 = DIRECTION ( 'NONE',  ( -2.891205793294662451E-15, 0.000000000000000000, -1.000000000000000000 ) ) ;
#7442 = VECTOR ( 'NONE', #10312, 1000.000000000000000 ) ;
#7443 = VERTEX_POINT ( 'NONE', #4364 ) ;
#7444 = CARTESIAN_POINT ( 'NONE',  ( -2.149999999999999023, 0.2530000000000000027, 6.299999999999999822 ) ) ;
#7445 = DIRECTION ( 'NONE',  ( -0.7071067811865584529, 0.000000000000000000, -0.7071067811865365815 ) ) ;
#7446 = DIRECTION ( 'NONE',  ( -0.000000000000000000, 1.000000000000000000, -0.000000000000000000 ) ) ;
#7447 = CARTESIAN_POINT ( 'NONE',  ( -1.750000000000000444, 0.06250000000000000000, 0.000000000000000000 ) ) ;
#7448 = VECTOR ( 'NONE', #12535, 1000.000000000000000 ) ;
#7449 = LINE ( 'NONE', #6430, #13187 ) ;
#7450 = VECTOR ( 'NONE', #11468, 1000.000000000000000 ) ;
#7451 = EDGE_LOOP ( 'NONE', ( #7962, #2583, #8950, #10568 ) ) ;
#7452 = ORIENTED_EDGE ( 'NONE', *, *, #5210, .T. ) ;
#7454 = ORIENTED_EDGE ( 'NONE', *, *, #8402, .T. ) ;
#7453 =( GEOMETRIC_REPRESENTATION_CONTEXT ( 3 ) GLOBAL_UNCERTAINTY_ASSIGNED_CONTEXT ( ( #1800 ) ) GLOBAL_UNIT_ASSIGNED_CONTEXT ( ( #10624, #5394, #12749 ) ) REPRESENTATION_CONTEXT ( 'NONE', 'WORKASPACE' ) );
#7455 = ADVANCED_FACE ( 'NONE', ( #36 ), #170, .T. ) ;
#7456 = EDGE_CURVE ( 'NONE', #10367, #4010, #4236, .T. ) ;
#7457 = DIRECTION ( 'NONE',  ( 0.000000000000000000, 0.000000000000000000, -1.000000000000000000 ) ) ;
#7458 = EDGE_CURVE ( 'NONE', #3801, #6798, #8637, .T. ) ;
#7459 = AXIS2_PLACEMENT_3D ( 'NONE', #3285, #449, #6253 ) ;
#7460 = VECTOR ( 'NONE', #2155, 1000.000000000000114 ) ;
#7461 = VECTOR ( 'NONE', #12103, 1000.000000000000114 ) ;
#7462 = CARTESIAN_POINT ( 'NONE',  ( 2.750000000000000000, 0.4780000000000000360, -8.699999999999997513 ) ) ;
#7463 = ORIENTED_EDGE ( 'NONE', *, *, #13598, .T. ) ;
#7464 = FACE_OUTER_BOUND ( 'NONE', #11199, .T. ) ;
#7465 = CARTESIAN_POINT ( 'NONE',  ( -0.8019999999999980478, 1.089999999999999414, 8.949999999999999289 ) ) ;
#7466 = PLANE ( 'NONE',  #8212 ) ;
#7467 = ORIENTED_EDGE ( 'NONE', *, *, #3560, .T. ) ;
#7468 = VERTEX_POINT ( 'NONE', #8441 ) ;
#7469 = DIRECTION ( 'NONE',  ( 0.7071067811865365815, 0.000000000000000000, -0.7071067811865584529 ) ) ;
#7470 = AXIS2_PLACEMENT_3D ( 'NONE', #12626, #11317, #7113 ) ;
#7471 = DIRECTION ( 'NONE',  ( 0.000000000000000000, 0.000000000000000000, 1.000000000000000000 ) ) ;
#7472 = VECTOR ( 'NONE', #1816, 1000.000000000000000 ) ;
#7473 = ORIENTED_EDGE ( 'NONE', *, *, #2977, .T. ) ;
#7474 = ADVANCED_FACE ( 'NONE', ( #10702 ), #12638, .T. ) ;
#7475 = EDGE_CURVE ( 'NONE', #3117, #10156, #9598, .T. ) ;
#7476 = DIRECTION ( 'NONE',  ( -2.647983596301103623E-15, 0.000000000000000000, -1.000000000000000000 ) ) ;
#7477 = EDGE_CURVE ( 'NONE', #2418, #4665, #249, .T. ) ;
#7478 = EDGE_CURVE ( 'NONE', #12096, #933, #12740, .T. ) ;
#7479 = LINE ( 'NONE', #2238, #8075 ) ;
#7480 = DIRECTION ( 'NONE',  ( 3.937276258624512481E-16, 0.000000000000000000, 1.000000000000000000 ) ) ;
#7481 = CIRCLE ( 'NONE', #1102, 0.3999999999999995226 ) ;
#7482 = FACE_OUTER_BOUND ( 'NONE', #1826, .T. ) ;
#7483 = MECHANICAL_DESIGN_GEOMETRIC_PRESENTATION_REPRESENTATION (  '', ( #10123 ), #12327 ) ;
#7484 = PLANE ( 'NONE',  #4791 ) ;
#7485 = CARTESIAN_POINT ( 'NONE',  ( 0.9750000000000014211, 0.1125000000000000028, -9.875000000000000000 ) ) ;
#7486 = DIRECTION ( 'NONE',  ( 0.000000000000000000, 0.000000000000000000, 1.000000000000000000 ) ) ;
#7487 = VERTEX_POINT ( 'NONE', #11531 ) ;
#7488 = CARTESIAN_POINT ( 'NONE',  ( -1.799999999999998268, 0.4780000000000000360, -4.998000000000000220 ) ) ;
#7489 = DIRECTION ( 'NONE',  ( 1.000000000000000000, 0.000000000000000000, 7.709882115452468306E-16 ) ) ;
#7490 = ORIENTED_EDGE ( 'NONE', *, *, #5967, .T. ) ;
#7491 = APPLICATION_CONTEXT ( 'automotive_design' ) ;
#7492 = PLANE ( 'NONE',  #5554 ) ;
#7493 = CARTESIAN_POINT ( 'NONE',  ( 0.6499999999999989120, 0.06250000000000000000, -9.025000000000000355 ) ) ;
#7494 = ORIENTED_EDGE ( 'NONE', *, *, #10854, .F. ) ;
#7495 = ORIENTED_EDGE ( 'NONE', *, *, #6830, .T. ) ;
#7496 = ADVANCED_FACE ( 'NONE', ( #4296 ), #6443, .T. ) ;
#7497 = VERTEX_POINT ( 'NONE', #104 ) ;
#7498 = ADVANCED_FACE ( 'NONE', ( #10506 ), #12700, .F. ) ;
#7499 = EDGE_CURVE ( 'NONE', #2324, #13591, #8569, .T. ) ;
#7500 = PRESENTATION_LAYER_ASSIGNMENT (  '', '', ( #7262 ) ) ;
#7501 = EDGE_CURVE ( 'NONE', #10136, #6728, #2497, .T. ) ;
#7502 = DIRECTION ( 'NONE',  ( 0.000000000000000000, 0.000000000000000000, 1.000000000000000000 ) ) ;
#7503 = PLANE ( 'NONE',  #2363 ) ;
#7504 = ORIENTED_EDGE ( 'NONE', *, *, #80, .F. ) ;
#7505 = VECTOR ( 'NONE', #3264, 1000.000000000000000 ) ;
#7506 = ORIENTED_EDGE ( 'NONE', *, *, #8846, .T. ) ;
#7507 = FACE_OUTER_BOUND ( 'NONE', #395, .T. ) ;
#7508 = MECHANICAL_DESIGN_GEOMETRIC_PRESENTATION_REPRESENTATION (  '', ( #4862 ), #11240 ) ;
#7509 = LINE ( 'NONE', #1171, #4808 ) ;
#7510 = VERTEX_POINT ( 'NONE', #6915 ) ;
#7511 = CARTESIAN_POINT ( 'NONE',  ( 0.000000000000000000, 0.06250000000000000000, -9.875000000000000000 ) ) ;
#7512 = LINE ( 'NONE', #6337, #5950 ) ;
#7513 = VERTEX_POINT ( 'NONE', #13176 ) ;
#7514 = DIRECTION ( 'NONE',  ( -1.000000000000000000, -0.000000000000000000, 5.421010862427520198E-16 ) ) ;
#7515 = EDGE_CURVE ( 'NONE', #2759, #2597, #13107, .T. ) ;
#7516 = CLOSED_SHELL ( 'NONE', ( #11330, #8640, #9254, #11861, #3015, #12089, #1592, #12908, #6661, #7163, #4027, #10330, #5709, #2506 ) ) ;
#7517 = VECTOR ( 'NONE', #8883, 1000.000000000000000 ) ;
#7518 = LINE ( 'NONE', #973, #3930 ) ;
#7519 =( NAMED_UNIT ( * ) PLANE_ANGLE_UNIT ( ) SI_UNIT ( $, .RADIAN. ) );
#7520 = DIRECTION ( 'NONE',  ( -0.000000000000000000, -1.000000000000000000, -0.000000000000000000 ) ) ;
#7521 = CARTESIAN_POINT ( 'NONE',  ( -0.5019999999999983364, 1.089999999999999414, 7.799999999999999822 ) ) ;
#7522 = VERTEX_POINT ( 'NONE', #13046 ) ;
#7523 = LINE ( 'NONE', #3313, #6807 ) ;
#7524 = CARTESIAN_POINT ( 'NONE',  ( -2.149999999999998135, 1.320000000000000062, 9.299999999999998934 ) ) ;
#7525 = PLANE ( 'NONE',  #4171 ) ;
#7526 = PLANE ( 'NONE',  #1568 ) ;
#7527 = CARTESIAN_POINT ( 'NONE',  ( 2.350000000000000089, 0.2530000000000000027, -8.325000000000001066 ) ) ;
#7528 = VECTOR ( 'NONE', #11201, 1000.000000000000000 ) ;
#7529 = ORIENTED_EDGE ( 'NONE', *, *, #11315, .T. ) ;
#7530 = VERTEX_POINT ( 'NONE', #9798 ) ;
#7531 = ORIENTED_EDGE ( 'NONE', *, *, #8310, .F. ) ;
#7532 = FACE_OUTER_BOUND ( 'NONE', #1172, .T. ) ;
#7533 = VECTOR ( 'NONE', #12718, 1000.000000000000000 ) ;
#7534 = VECTOR ( 'NONE', #9682, 1000.000000000000000 ) ;
#7535 = PLANE ( 'NONE',  #4094 ) ;
#7536 = ORIENTED_EDGE ( 'NONE', *, *, #4196, .F. ) ;
#7537 = DIRECTION ( 'NONE',  ( 0.000000000000000000, -1.000000000000000000, 0.000000000000000000 ) ) ;
#7538 = CARTESIAN_POINT ( 'NONE',  ( 2.000000000000000444, 0.2530000000000000027, -4.797999999999998266 ) ) ;
#7539 = CARTESIAN_POINT ( 'NONE',  ( -0.8149999999999971712, 0.06250000000000000000, -8.389999999999998792 ) ) ;
#7540 = ADVANCED_FACE ( 'NONE', ( #1403 ), #520, .T. ) ;
#7541 = ORIENTED_EDGE ( 'NONE', *, *, #13225, .F. ) ;
#7542 = ORIENTED_EDGE ( 'NONE', *, *, #6549, .T. ) ;
#7543 = AXIS2_PLACEMENT_3D ( 'NONE', #8636, #11868, #1264 ) ;
#7544 = EDGE_CURVE ( 'NONE', #7997, #10454, #3598, .T. ) ;
#7545 = DIRECTION ( 'NONE',  ( 0.000000000000000000, -1.000000000000000000, 0.000000000000000000 ) ) ;
#7546 = VECTOR ( 'NONE', #2097, 1000.000000000000000 ) ;
#7547 = CARTESIAN_POINT ( 'NONE',  ( 2.199999999999999734, 0.4780000000000000360, -6.460000000000002629 ) ) ;
#7548 = VECTOR ( 'NONE', #10171, 1000.000000000000000 ) ;
#7549 = ORIENTED_EDGE ( 'NONE', *, *, #1525, .F. ) ;
#7550 = DIRECTION ( 'NONE',  ( -0.000000000000000000, -1.000000000000000000, -0.000000000000000000 ) ) ;
#7551 = PLANE ( 'NONE',  #11615 ) ;
#7552 = FILL_AREA_STYLE_COLOUR ( '', #2462 ) ;
#7553 = CARTESIAN_POINT ( 'NONE',  ( 0.9849999999999817790, 0.06250000000000000000, 2.608263842356538548E-15 ) ) ;
#7554 = DIRECTION ( 'NONE',  ( 0.7071067811865584529, 0.000000000000000000, -0.7071067811865365815 ) ) ;
#7555 = CARTESIAN_POINT ( 'NONE',  ( -4.722500000000008136, 0.06250000000000000000, -4.722499999999850040 ) ) ;
#7556 = EDGE_CURVE ( 'NONE', #8444, #6266, #5750, .T. ) ;
#7557 = FILL_AREA_STYLE_COLOUR ( '', #293 ) ;
#7558 = ADVANCED_FACE ( 'NONE', ( #8911 ), #12901, .T. ) ;
#7559 = ORIENTED_EDGE ( 'NONE', *, *, #13431, .F. ) ;
#7560 = PLANE ( 'NONE',  #3971 ) ;
#7561 = LINE ( 'NONE', #6392, #13617 ) ;
#7562 = VERTEX_POINT ( 'NONE', #3456 ) ;
#7563 = ADVANCED_FACE ( 'NONE', ( #11939 ), #3736, .F. ) ;
#7564 = DIRECTION ( 'NONE',  ( -0.3420201433256688239, 0.000000000000000000, -0.9396926207859083169 ) ) ;
#7565 = CARTESIAN_POINT ( 'NONE',  ( 1.950000000000000400, 0.2530000000000000027, -9.799999999999998934 ) ) ;
#7566 = VERTEX_POINT ( 'NONE', #5677 ) ;
#7567 = ORIENTED_EDGE ( 'NONE', *, *, #6415, .F. ) ;
#7568 = ORIENTED_EDGE ( 'NONE', *, *, #5190, .T. ) ;
#7569 = CARTESIAN_POINT ( 'NONE',  ( 2.149999999999999911, 0.2530000000000000027, -9.074999999999999289 ) ) ;
#7570 = CARTESIAN_POINT ( 'NONE',  ( -1.500000000000000444, 0.1125000000000000028, -0.000000000000000000 ) ) ;
#7571 =( NAMED_UNIT ( * ) PLANE_ANGLE_UNIT ( ) SI_UNIT ( $, .RADIAN. ) );
#7572 = LINE ( 'NONE', #5714, #10919 ) ;
#7573 = ORIENTED_EDGE ( 'NONE', *, *, #12629, .F. ) ;
#7574 = ADVANCED_FACE ( 'NONE', ( #10845 ), #1543, .T. ) ;
#7575 = EDGE_LOOP ( 'NONE', ( #6090, #2605, #10902, #8997 ) ) ;
#7576 = EDGE_CURVE ( 'NONE', #6966, #4847, #6769, .T. ) ;
#7577 =( NAMED_UNIT ( * ) SI_UNIT ( $, .STERADIAN. ) SOLID_ANGLE_UNIT ( ) );
#7578 = CARTESIAN_POINT ( 'NONE',  ( 2.149999999999999911, 0.2530000000000000027, 6.299999999999999822 ) ) ;
#7579 = ORIENTED_EDGE ( 'NONE', *, *, #10986, .F. ) ;
#7580 = EDGE_CURVE ( 'NONE', #8595, #12195, #11050, .T. ) ;
#7581 = PLANE ( 'NONE',  #2226 ) ;
#7582 = LINE ( 'NONE', #289, #6385 ) ;
#7583 = VERTEX_POINT ( 'NONE', #3663 ) ;
#7584 = DIRECTION ( 'NONE',  ( 1.372407813272789047E-16, -1.000000000000000000, 0.000000000000000000 ) ) ;
#7585 = LINE ( 'NONE', #7778, #642 ) ;
#7586 = FILL_AREA_STYLE ('',( #3376 ) ) ;
#7587 = CARTESIAN_POINT ( 'NONE',  ( -1.999999999999999556, 0.4780000000000000360, -2.328000000000001624 ) ) ;
#7588 = LINE ( 'NONE', #4483, #13166 ) ;
#7589 = ORIENTED_EDGE ( 'NONE', *, *, #13207, .F. ) ;
#7590 = PLANE ( 'NONE',  #1969 ) ;
#7591 = CARTESIAN_POINT ( 'NONE',  ( 0.1799999999999989664, 0.06250000000000000000, -9.025000000000000355 ) ) ;
#7592 = ADVANCED_FACE ( 'NONE', ( #310 ), #5613, .F. ) ;
#7593 = CARTESIAN_POINT ( 'NONE',  ( 0.5500000000000042633, 0.06250000000000000000, 0.000000000000000000 ) ) ;
#7594 = LINE ( 'NONE', #4552, #5505 ) ;
#7595 = ORIENTED_EDGE ( 'NONE', *, *, #3119, .F. ) ;
#7596 = ORIENTED_EDGE ( 'NONE', *, *, #600, .T. ) ;
#7597 = PLANE ( 'NONE',  #9306 ) ;
#7598 = CARTESIAN_POINT ( 'NONE',  ( -0.2150000000000193145, 0.06250000000000000000, -5.693164732047883439E-16 ) ) ;
#7599 = AXIS2_PLACEMENT_3D ( 'NONE', #1072, #12648, #13611 ) ;
#7600 = DIRECTION ( 'NONE',  ( 0.7071067811865356934, 0.000000000000000000, -0.7071067811865593411 ) ) ;
#7601 = PLANE ( 'NONE',  #4596 ) ;
#7602 = CYLINDRICAL_SURFACE ( 'NONE', #13483, 0.09999999999999939493 ) ;
#7603 = DIRECTION ( 'NONE',  ( 1.000000000000000000, 0.000000000000000000, 0.000000000000000000 ) ) ;
#7604 = EDGE_LOOP ( 'NONE', ( #4035, #7804, #10753, #6929 ) ) ;
#7605 = EDGE_LOOP ( 'NONE', ( #2951, #2268, #11705, #13605 ) ) ;
#7606 = CARTESIAN_POINT ( 'NONE',  ( 0.9850000000000027622, 0.1125000000000000028, -7.653000000000000469 ) ) ;
#7607 = ORIENTED_EDGE ( 'NONE', *, *, #12874, .T. ) ;
#7608 = AXIS2_PLACEMENT_3D ( 'NONE', #3524, #6703, #4706 ) ;
#7609 = DIRECTION ( 'NONE',  ( -0.000000000000000000, -0.000000000000000000, -1.000000000000000000 ) ) ;
#7610 = EDGE_CURVE ( 'NONE', #2284, #10469, #10973, .T. ) ;
#7611 = CARTESIAN_POINT ( 'NONE',  ( -0.6499999999999966915, 0.06250000000000000000, 0.000000000000000000 ) ) ;
#7612 = CARTESIAN_POINT ( 'NONE',  ( -1.999999999999999112, 0.2530000000000000027, -4.797999999999998266 ) ) ;
#7613 = CARTESIAN_POINT ( 'NONE',  ( 0.000000000000000000, 0.06250000000000000000, -9.875000000000000000 ) ) ;
#7614 = CARTESIAN_POINT ( 'NONE',  ( -5.537500000000027178, 0.06250000000000000000, -5.537499999999786482 ) ) ;
#7615 = CARTESIAN_POINT ( 'NONE',  ( 0.07499999999954425067, 0.1125000000000000028, 3.469446951932512160E-15 ) ) ;
#7616 = DIRECTION ( 'NONE',  ( -1.000000000000000000, 0.000000000000000000, 0.000000000000000000 ) ) ;
#7617 = AXIS2_PLACEMENT_3D ( 'NONE', #4047, #10252, #13341 ) ;
#7618 = ORIENTED_EDGE ( 'NONE', *, *, #1679, .F. ) ;
#7619 = FACE_OUTER_BOUND ( 'NONE', #2749, .T. ) ;
#7620 = VERTEX_POINT ( 'NONE', #1615 ) ;
#7621 = CARTESIAN_POINT ( 'NONE',  ( 2.350000000000000089, 0.2530000000000000027, -8.125000000000000000 ) ) ;
#7622 = CARTESIAN_POINT ( 'NONE',  ( -2.200000000000000622, 0.000000000000000000, 0.3499999999999987566 ) ) ;
#7623 = ORIENTED_EDGE ( 'NONE', *, *, #1007, .T. ) ;
#7624 = ORIENTED_EDGE ( 'NONE', *, *, #13528, .T. ) ;
#7625 = EDGE_LOOP ( 'NONE', ( #3358, #9071, #1595, #9401 ) ) ;
#7626 = VERTEX_POINT ( 'NONE', #8698 ) ;
#7627 = EDGE_CURVE ( 'NONE', #12138, #1343, #5817, .T. ) ;
#7628 = EDGE_CURVE ( 'NONE', #1021, #4586, #582, .T. ) ;
#7629 = CARTESIAN_POINT ( 'NONE',  ( -0.4200000000000015388, 0.06250000000000000000, 0.000000000000000000 ) ) ;
#7630 = PLANE ( 'NONE',  #11207 ) ;
#7631 = EDGE_CURVE ( 'NONE', #3938, #9220, #7735, .T. ) ;
#7632 =( NAMED_UNIT ( * ) SI_UNIT ( $, .STERADIAN. ) SOLID_ANGLE_UNIT ( ) );
#7633 = VECTOR ( 'NONE', #12075, 1000.000000000000000 ) ;
#7634 = DIRECTION ( 'NONE',  ( 1.000000000000000000, 0.000000000000000000, 0.000000000000000000 ) ) ;
#7635 = EDGE_LOOP ( 'NONE', ( #1169, #3228, #13025, #12957 ) ) ;
#7636 = ORIENTED_EDGE ( 'NONE', *, *, #7627, .F. ) ;
#7637 = FILL_AREA_STYLE ('',( #10735 ) ) ;
#7638 = CARTESIAN_POINT ( 'NONE',  ( -2.575000000000001066, 0.2530000000000000027, -8.325000000000001066 ) ) ;
#7639 = ORIENTED_EDGE ( 'NONE', *, *, #3250, .T. ) ;
#7640 = CARTESIAN_POINT ( 'NONE',  ( 0.000000000000000000, 0.06250000000000000000, -7.653000000000000469 ) ) ;
#7641 = DIRECTION ( 'NONE',  ( 0.000000000000000000, 0.000000000000000000, -1.000000000000000000 ) ) ;
#7642 = EDGE_LOOP ( 'NONE', ( #2114, #10002, #3631, #5702 ) ) ;
#7643 = DIRECTION ( 'NONE',  ( 1.000000000000000000, 0.000000000000000000, -2.891205793294662451E-15 ) ) ;
#7644 = EDGE_CURVE ( 'NONE', #192, #9292, #9183, .T. ) ;
#7645 = VECTOR ( 'NONE', #13481, 1000.000000000000000 ) ;
#7646 = EDGE_CURVE ( 'NONE', #2346, #12051, #6976, .T. ) ;
#7647 = CARTESIAN_POINT ( 'NONE',  ( 2.750000000000000000, 0.2530000000000000027, -8.500000000000000000 ) ) ;
#7648 = EDGE_CURVE ( 'NONE', #6904, #344, #5882, .T. ) ;
#7649 = CARTESIAN_POINT ( 'NONE',  ( -1.149999999999999467, 0.1125000000000000028, -9.025000000000000355 ) ) ;
#7650 = ORIENTED_EDGE ( 'NONE', *, *, #2913, .F. ) ;
#7651 = DIRECTION ( 'NONE',  ( 0.000000000000000000, 0.000000000000000000, 1.000000000000000000 ) ) ;
#7652 = CARTESIAN_POINT ( 'NONE',  ( 2.199999999999999734, 0.2530000000000000027, -6.460000000000002629 ) ) ;
#7653 = DIRECTION ( 'NONE',  ( -0.000000000000000000, -0.000000000000000000, 1.000000000000000000 ) ) ;
#7654 = DIRECTION ( 'NONE',  ( -1.000000000000000000, 0.000000000000000000, 0.000000000000000000 ) ) ;
#7655 = ORIENTED_EDGE ( 'NONE', *, *, #3947, .F. ) ;
#7656 = ORIENTED_EDGE ( 'NONE', *, *, #7057, .F. ) ;
#7657 = VECTOR ( 'NONE', #1465, 1000.000000000000000 ) ;
#7658 = EDGE_CURVE ( 'NONE', #3194, #8511, #1944, .T. ) ;
#7659 = CARTESIAN_POINT ( 'NONE',  ( 1.585000000000003517, 0.06250000000000000000, -7.653000000000000469 ) ) ;
#7660 = AXIS2_PLACEMENT_3D ( 'NONE', #10536, #1161, #9704 ) ;
#7661 = EDGE_CURVE ( 'NONE', #7372, #8511, #727, .T. ) ;
#7662 = LINE ( 'NONE', #7855, #9879 ) ;
#7663 = DIRECTION ( 'NONE',  ( -0.3420201433256688239, 0.000000000000000000, 0.9396926207859083169 ) ) ;
#7664 = CIRCLE ( 'NONE', #11842, 0.1999999999999996503 ) ;
#7665 = CARTESIAN_POINT ( 'NONE',  ( 1.620000000000003881, 0.06250000000000000000, -8.424999999999997158 ) ) ;
#7666 = AXIS2_PLACEMENT_3D ( 'NONE', #3917, #3847, #12254 ) ;
#7667 = CARTESIAN_POINT ( 'NONE',  ( -1.100000000000000311, 0.1125000000000000028, -0.000000000000000000 ) ) ;
#7668 = DIRECTION ( 'NONE',  ( 0.000000000000000000, -1.000000000000000000, 0.000000000000000000 ) ) ;
#7669 = AXIS2_PLACEMENT_3D ( 'NONE', #7920, #13231, #12401 ) ;
#7670 = ORIENTED_EDGE ( 'NONE', *, *, #7991, .T. ) ;
#7671 = ORIENTED_EDGE ( 'NONE', *, *, #5822, .F. ) ;
#7672 = PLANE ( 'NONE',  #6977 ) ;
#7673 = ORIENTED_EDGE ( 'NONE', *, *, #9946, .F. ) ;
#7674 = VECTOR ( 'NONE', #13143, 1000.000000000000000 ) ;
#7675 = AXIS2_PLACEMENT_3D ( 'NONE', #12084, #4934, #10031 ) ;
#7676 = DIRECTION ( 'NONE',  ( 1.000000000000000000, 0.000000000000000000, -2.647983596301103623E-15 ) ) ;
#7677 = VECTOR ( 'NONE', #8529, 1000.000000000000000 ) ;
#7678 = CARTESIAN_POINT ( 'NONE',  ( -2.149999999999998579, 1.320000000000000062, 6.299999999999999822 ) ) ;
#7679 = DIRECTION ( 'NONE',  ( 0.000000000000000000, -1.000000000000000000, 0.000000000000000000 ) ) ;
#7680 = PLANE ( 'NONE',  #6141 ) ;
#7681 = CARTESIAN_POINT ( 'NONE',  ( -3.637500000000013944, 0.1125000000000000028, -3.637500000000126299 ) ) ;
#7682 = DIRECTION ( 'NONE',  ( 0.7071067811865584529, 0.000000000000000000, -0.7071067811865365815 ) ) ;
#7683 = LINE ( 'NONE', #3471, #7743 ) ;
#7684 = EDGE_LOOP ( 'NONE', ( #269, #10341, #2143, #6823 ) ) ;
#7685 = VECTOR ( 'NONE', #7787, 1000.000000000000000 ) ;
#7686 = SURFACE_STYLE_USAGE ( .BOTH. , #3473 ) ;
#7687 = AXIS2_PLACEMENT_3D ( 'NONE', #6629, #10560, #7651 ) ;
#7688 = ORIENTED_EDGE ( 'NONE', *, *, #63, .F. ) ;
#7689 = DIRECTION ( 'NONE',  ( 4.119085594246160228E-15, 0.000000000000000000, -1.000000000000000000 ) ) ;
#7690 = CARTESIAN_POINT ( 'NONE',  ( -1.500000000000000444, 0.06250000000000000000, -3.752999999999999226 ) ) ;
#7691 = ORIENTED_EDGE ( 'NONE', *, *, #3087, .T. ) ;
#7692 = ORIENTED_EDGE ( 'NONE', *, *, #6963, .T. ) ;
#7693 = EDGE_LOOP ( 'NONE', ( #9878, #9800, #859, #3548, #8079, #11051, #3562, #12589, #5258, #2918, #12231, #8432 ) ) ;
#7694 = VERTEX_POINT ( 'NONE', #9122 ) ;
#7695 = AXIS2_PLACEMENT_3D ( 'NONE', #1103, #4411, #10678 ) ;
#7696 = LINE ( 'NONE', #2522, #10305 ) ;
#7697 = COLOUR_RGB ( '',1.000000000000000000, 0.8117647058823529438, 0.5019607843137254832 ) ;
#7698 = CARTESIAN_POINT ( 'NONE',  ( 1.150000000000004796, 0.06250000000000000000, 0.000000000000000000 ) ) ;
#7699 = PLANE ( 'NONE',  #10705 ) ;
#7700 = ORIENTED_EDGE ( 'NONE', *, *, #5044, .F. ) ;
#7701 = ORIENTED_EDGE ( 'NONE', *, *, #11603, .T. ) ;
#7702 = DIRECTION ( 'NONE',  ( 0.000000000000000000, -0.000000000000000000, -1.000000000000000000 ) ) ;
#7703 = ADVANCED_FACE ( 'NONE', ( #855 ), #2769, .F. ) ;
#7704 = VERTEX_POINT ( 'NONE', #9051 ) ;
#7705 = EDGE_CURVE ( 'NONE', #6154, #6123, #11249, .T. ) ;
#7706 = DIRECTION ( 'NONE',  ( 0.000000000000000000, 0.000000000000000000, -1.000000000000000000 ) ) ;
#7707 = PLANE ( 'NONE',  #8796 ) ;
#7708 = VERTEX_POINT ( 'NONE', #5056 ) ;
#7709 = EDGE_CURVE ( 'NONE', #13118, #3901, #1748, .T. ) ;
#7710 = DIRECTION ( 'NONE',  ( 2.693669993752817464E-16, 0.000000000000000000, -1.000000000000000000 ) ) ;
#7711 = DIRECTION ( 'NONE',  ( 0.000000000000000000, -0.000000000000000000, -1.000000000000000000 ) ) ;
#7712 = VECTOR ( 'NONE', #2455, 1000.000000000000000 ) ;
#7713 = LINE ( 'NONE', #2688, #13607 ) ;
#7714 = ORIENTED_EDGE ( 'NONE', *, *, #8747, .T. ) ;
#7715 = PLANE ( 'NONE',  #5728 ) ;
#7716 = CARTESIAN_POINT ( 'NONE',  ( 0.000000000000000000, 0.06250000000000000000, -7.653000000000000469 ) ) ;
#7717 = EDGE_CURVE ( 'NONE', #1404, #12857, #8278, .T. ) ;
#7718 = EDGE_CURVE ( 'NONE', #2054, #987, #2904, .T. ) ;
#7719 = DIRECTION ( 'NONE',  ( 0.000000000000000000, 0.000000000000000000, -1.000000000000000000 ) ) ;
#7720 = CARTESIAN_POINT ( 'NONE',  ( 1.575000000000002620, 0.06250000000000000000, -9.875000000000000000 ) ) ;
#7721 = ORIENTED_EDGE ( 'NONE', *, *, #3001, .T. ) ;
#7722 = EDGE_CURVE ( 'NONE', #10922, #4490, #12480, .T. ) ;
#7723 = EDGE_CURVE ( 'NONE', #192, #9026, #13453, .T. ) ;
#7724 = VECTOR ( 'NONE', #322, 1000.000000000000000 ) ;
#7725 = CLOSED_SHELL ( 'NONE', ( #12595, #11465, #1587, #6787, #11764, #3417, #10219, #1318, #7455, #9052, #561, #2524, #9518, #5774, #1065, #174, #11747, #5191 ) ) ;
#7726 = AXIS2_PLACEMENT_3D ( 'NONE', #7640, #12879, #4476 ) ;
#7727 = ORIENTED_EDGE ( 'NONE', *, *, #1445, .T. ) ;
#7728 = LINE ( 'NONE', #9867, #10841 ) ;
#7729 = CARTESIAN_POINT ( 'NONE',  ( -1.350000000000000533, 0.2530000000000000027, 3.694999999999999840 ) ) ;
#7730 = CARTESIAN_POINT ( 'NONE',  ( -2.200000000000000622, 0.1125000000000000028, -2.142999999999999794 ) ) ;
#7731 = ORIENTED_EDGE ( 'NONE', *, *, #13353, .T. ) ;
#7732 = DIRECTION ( 'NONE',  ( -0.000000000000000000, -0.000000000000000000, -1.000000000000000000 ) ) ;
#7733 = VECTOR ( 'NONE', #7413, 1000.000000000000000 ) ;
#7734 = CARTESIAN_POINT ( 'NONE',  ( -1.950000000000001510, 0.2530000000000000027, -10.00000000000000000 ) ) ;
#7735 = LINE ( 'NONE', #10085, #9866 ) ;
#7736 = ADVANCED_FACE ( 'NONE', ( #8074 ), #6158, .T. ) ;
#7737 = VERTEX_POINT ( 'NONE', #8220 ) ;
#7738 = ADVANCED_FACE ( 'NONE', ( #3035 ), #7111, .F. ) ;
#7739 = EDGE_LOOP ( 'NONE', ( #2063, #12660, #12605, #1491 ) ) ;
#7740 = EDGE_CURVE ( 'NONE', #12611, #9991, #11314, .T. ) ;
#7741 = PLANE ( 'NONE',  #11154 ) ;
#7742 = ORIENTED_EDGE ( 'NONE', *, *, #4290, .T. ) ;
#7743 = VECTOR ( 'NONE', #1481, 1000.000000000000000 ) ;
#7744 = VECTOR ( 'NONE', #2568, 1000.000000000000000 ) ;
#7745 = CARTESIAN_POINT ( 'NONE',  ( 0.5250000000000045741, 0.06250000000000000000, -9.799999999999998934 ) ) ;
#7746 = PLANE ( 'NONE',  #6512 ) ;
#7747 = DIRECTION ( 'NONE',  ( 1.000000000000000000, 0.000000000000000000, 0.000000000000000000 ) ) ;
#7748 = DIRECTION ( 'NONE',  ( 0.7071067811865485719, 0.000000000000000000, 0.7071067811865465735 ) ) ;
#7749 = CARTESIAN_POINT ( 'NONE',  ( -3.937500000000005329, 0.06250000000000000000, -3.937500000000126565 ) ) ;
#7750 = VECTOR ( 'NONE', #12352, 1000.000000000000000 ) ;
#7751 = FACE_OUTER_BOUND ( 'NONE', #5958, .T. ) ;
#7752 = ORIENTED_EDGE ( 'NONE', *, *, #5390, .F. ) ;
#7753 = DIRECTION ( 'NONE',  ( 2.693669993752817464E-16, 0.000000000000000000, -1.000000000000000000 ) ) ;
#7754 = AXIS2_PLACEMENT_3D ( 'NONE', #643, #11371, #1736 ) ;
#7755 = ORIENTED_EDGE ( 'NONE', *, *, #11875, .F. ) ;
#7756 = ADVANCED_FACE ( 'NONE', ( #12420 ), #2964, .F. ) ;
#7757 = CARTESIAN_POINT ( 'NONE',  ( 2.149999999999999911, 0.4780000000000000360, -8.125000000000000000 ) ) ;
#7758 = LINE ( 'NONE', #9822, #16 ) ;
#7759 = EDGE_LOOP ( 'NONE', ( #12681, #11223, #284, #9823 ) ) ;
#7760 = ORIENTED_EDGE ( 'NONE', *, *, #6068, .F. ) ;
#7761 = ORIENTED_EDGE ( 'NONE', *, *, #5564, .F. ) ;
#7762 = ORIENTED_EDGE ( 'NONE', *, *, #13065, .T. ) ;
#7763 = DIRECTION ( 'NONE',  ( 4.119085594246160228E-15, 0.000000000000000000, -1.000000000000000000 ) ) ;
#7764 = DIRECTION ( 'NONE',  ( 1.000000000000000000, 0.000000000000000000, -3.469446951953515108E-14 ) ) ;
#7765 = DIRECTION ( 'NONE',  ( -0.000000000000000000, -1.000000000000000000, -0.000000000000000000 ) ) ;
#7766 = CARTESIAN_POINT ( 'NONE',  ( -1.799999999999999600, 0.4780000000000000360, -2.328000000000000291 ) ) ;
#7767 = ORIENTED_EDGE ( 'NONE', *, *, #6490, .T. ) ;
#7768 = ORIENTED_EDGE ( 'NONE', *, *, #3711, .F. ) ;
#7769 = DIRECTION ( 'NONE',  ( -1.000000000000000000, 0.000000000000000000, 0.000000000000000000 ) ) ;
#7770 = CARTESIAN_POINT ( 'NONE',  ( -0.2019999999999985418, 2.080000000000000071, 9.329999999999998295 ) ) ;
#7771 = ORIENTED_EDGE ( 'NONE', *, *, #8905, .T. ) ;
#7772 = CYLINDRICAL_SURFACE ( 'NONE', #1579, 0.1749999999999998224 ) ;
#7773 = PRESENTATION_LAYER_ASSIGNMENT (  '', '', ( #4452 ) ) ;
#7774 = CARTESIAN_POINT ( 'NONE',  ( 1.248578643762691787, 1.261421356237309999, 6.299999999999999822 ) ) ;
#7775 = EDGE_LOOP ( 'NONE', ( #13070, #12058, #11646, #9496 ) ) ;
#7776 = CARTESIAN_POINT ( 'NONE',  ( 1.250000000000000222, 0.1125000000000000028, -3.403000000000000025 ) ) ;
#7777 = VERTEX_POINT ( 'NONE', #9318 ) ;
#7778 = CARTESIAN_POINT ( 'NONE',  ( 0.3850000000000014522, 0.06250000000000000000, -7.653000000000000469 ) ) ;
#7779 = EDGE_CURVE ( 'NONE', #12635, #4628, #13519, .T. ) ;
#7780 = CARTESIAN_POINT ( 'NONE',  ( -0.5019999999999983364, 2.880000000000000338, 7.799999999999999822 ) ) ;
#7781 = CARTESIAN_POINT ( 'NONE',  ( -2.149999999999998135, 1.089999999999999414, 6.299999999999999822 ) ) ;
#7782 = ORIENTED_EDGE ( 'NONE', *, *, #1679, .T. ) ;
#7783 = ORIENTED_EDGE ( 'NONE', *, *, #3600, .T. ) ;
#7784 = PLANE ( 'NONE',  #12526 ) ;
#7785 = CARTESIAN_POINT ( 'NONE',  ( 1.585000000000001297, 0.1125000000000000028, 4.663393333485835159E-16 ) ) ;
#7786 = CARTESIAN_POINT ( 'NONE',  ( 1.349999999999998757, 0.06250000000000000000, -9.724999999999999645 ) ) ;
#7787 = DIRECTION ( 'NONE',  ( -0.000000000000000000, 1.000000000000000000, -0.000000000000000000 ) ) ;
#7788 = ORIENTED_EDGE ( 'NONE', *, *, #7576, .T. ) ;
#7789 = ORIENTED_EDGE ( 'NONE', *, *, #1480, .T. ) ;
#7790 = DIRECTION ( 'NONE',  ( 1.000000000000000000, 0.000000000000000000, 0.000000000000000000 ) ) ;
#7791 = EDGE_CURVE ( 'NONE', #348, #9589, #8549, .T. ) ;
#7792 = EDGE_CURVE ( 'NONE', #933, #11598, #12756, .T. ) ;
#7793 = LINE ( 'NONE', #6971, #11860 ) ;
#7794 = ADVANCED_FACE ( 'NONE', ( #12684 ), #11519, .F. ) ;
#7795 = CARTESIAN_POINT ( 'NONE',  ( -1.799999999999999600, 0.2530000000000000027, -2.328000000000000291 ) ) ;
#7796 = VERTEX_POINT ( 'NONE', #10563 ) ;
#7797 = DIRECTION ( 'NONE',  ( 0.000000000000000000, -0.000000000000000000, -1.000000000000000000 ) ) ;
#7798 = CARTESIAN_POINT ( 'NONE',  ( 0.5049999999999990052, 0.2530000000000000027, 1.874999999999999556 ) ) ;
#7799 = DIRECTION ( 'NONE',  ( 0.000000000000000000, 0.000000000000000000, -1.000000000000000000 ) ) ;
#7800 = ORIENTED_EDGE ( 'NONE', *, *, #5134, .F. ) ;
#7801 = CARTESIAN_POINT ( 'NONE',  ( -0.2149999999999964440, 0.1125000000000000028, -8.389999999999998792 ) ) ;
#7802 = EDGE_LOOP ( 'NONE', ( #6045, #8160, #761, #11548 ) ) ;
#7803 = DIRECTION ( 'NONE',  ( 0.000000000000000000, 1.000000000000000000, 0.000000000000000000 ) ) ;
#7804 = ORIENTED_EDGE ( 'NONE', *, *, #4428, .F. ) ;
#7805 = FACE_OUTER_BOUND ( 'NONE', #1159, .T. ) ;
#7806 = EDGE_CURVE ( 'NONE', #8046, #541, #9524, .T. ) ;
#7807 = ADVANCED_FACE ( 'NONE', ( #4221 ), #1118, .F. ) ;
#7808 = EDGE_CURVE ( 'NONE', #7566, #5818, #5328, .T. ) ;
#7809 = DIRECTION ( 'NONE',  ( 0.7071067811865497932, 0.000000000000000000, -0.7071067811865452413 ) ) ;
#7810 = ORIENTED_EDGE ( 'NONE', *, *, #5295, .F. ) ;
#7811 = CARTESIAN_POINT ( 'NONE',  ( -0.8019999999999979368, 1.289999999999999591, 8.949999999999999289 ) ) ;
#7812 = DIRECTION ( 'NONE',  ( 1.000000000000000000, 0.000000000000000000, 2.168404344971009262E-15 ) ) ;
#7813 = DIRECTION ( 'NONE',  ( 0.000000000000000000, 0.000000000000000000, -1.000000000000000000 ) ) ;
#7814 = DIRECTION ( 'NONE',  ( 0.000000000000000000, 0.000000000000000000, 1.000000000000000000 ) ) ;
#7815 = EDGE_LOOP ( 'NONE', ( #7029, #8476, #7636, #5908 ) ) ;
#7816 = EDGE_LOOP ( 'NONE', ( #12669, #9865, #2123, #8792 ) ) ;
#7817 = LINE ( 'NONE', #13202, #8189 ) ;
#7818 = CARTESIAN_POINT ( 'NONE',  ( -1.020000000000002016, 0.1125000000000000028, -9.025000000000000355 ) ) ;
#7819 = ORIENTED_EDGE ( 'NONE', *, *, #5390, .T. ) ;
#7820 = VERTEX_POINT ( 'NONE', #3315 ) ;
#7821 = EDGE_LOOP ( 'NONE', ( #8757, #5980, #11545, #13274 ) ) ;
#7822 = VERTEX_POINT ( 'NONE', #11458 ) ;
#7823 = EDGE_CURVE ( 'NONE', #4827, #7313, #8429, .T. ) ;
#7824 = LINE ( 'NONE', #4523, #415 ) ;
#7825 = CARTESIAN_POINT ( 'NONE',  ( -0.7499999999999972244, 0.1125000000000000028, -9.125000000000000000 ) ) ;
#7826 = ADVANCED_FACE ( 'NONE', ( #11650 ), #7525, .F. ) ;
#7827 = AXIS2_PLACEMENT_3D ( 'NONE', #7795, #2554, #7857 ) ;
#7828 = PRESENTATION_STYLE_ASSIGNMENT (( #402 ) ) ;
#7829 = DIRECTION ( 'NONE',  ( 4.625929269271459921E-14, 0.000000000000000000, -1.000000000000000000 ) ) ;
#7830 = ORIENTED_EDGE ( 'NONE', *, *, #7148, .T. ) ;
#7831 = EDGE_LOOP ( 'NONE', ( #4927, #13530, #11523, #5474 ) ) ;
#7832 = DIRECTION ( 'NONE',  ( 0.7071067811865593411, 0.000000000000000000, -0.7071067811865358044 ) ) ;
#7833 = DIRECTION ( 'NONE',  ( 2.693669993752817464E-16, 0.000000000000000000, -1.000000000000000000 ) ) ;
#7834 = ORIENTED_EDGE ( 'NONE', *, *, #1510, .T. ) ;
#7835 = CARTESIAN_POINT ( 'NONE',  ( -0.5150000000000024558, 0.06250000000000000000, -8.389999999999998792 ) ) ;
#7836 = DIRECTION ( 'NONE',  ( 0.000000000000000000, 0.000000000000000000, -1.000000000000000000 ) ) ;
#7837 = ORIENTED_EDGE ( 'NONE', *, *, #9418, .F. ) ;
#7838 = DIRECTION ( 'NONE',  ( 1.000000000000000000, 0.000000000000000000, 2.647983596301103623E-15 ) ) ;
#7839 = EDGE_LOOP ( 'NONE', ( #7670, #11815, #9348, #1753 ) ) ;
#7840 = DIRECTION ( 'NONE',  ( 0.000000000000000000, -1.000000000000000000, 0.000000000000000000 ) ) ;
#7841 = VECTOR ( 'NONE', #9032, 1000.000000000000000 ) ;
#7842 = FILL_AREA_STYLE_COLOUR ( '', #3880 ) ;
#7843 = FACE_OUTER_BOUND ( 'NONE', #11084, .T. ) ;
#7844 = UNCERTAINTY_MEASURE_WITH_UNIT (LENGTH_MEASURE( 1.000000000000000082E-05 ), #4402, 'distance_accuracy_value', 'NONE');
#7845 = VERTEX_POINT ( 'NONE', #3176 ) ;
#7846 = VERTEX_POINT ( 'NONE', #2279 ) ;
#7847 = LINE ( 'NONE', #3510, #11648 ) ;
#7848 = CARTESIAN_POINT ( 'NONE',  ( -0.8019999999999982698, 2.880000000000000338, 9.054631419979587648 ) ) ;
#7849 = DIRECTION ( 'NONE',  ( -0.000000000000000000, 1.000000000000000000, -0.000000000000000000 ) ) ;
#7850 = DIRECTION ( 'NONE',  ( -0.000000000000000000, 0.000000000000000000, -1.000000000000000000 ) ) ;
#7851 = ORIENTED_EDGE ( 'NONE', *, *, #6477, .F. ) ;
#7852 = VECTOR ( 'NONE', #11805, 1000.000000000000114 ) ;
#7853 = VERTEX_POINT ( 'NONE', #9379 ) ;
#7854 = LINE ( 'NONE', #8967, #2259 ) ;
#7855 = CARTESIAN_POINT ( 'NONE',  ( -2.200000000000000622, 0.000000000000000000, 0.3499999999999987566 ) ) ;
#7856 = AXIS2_PLACEMENT_3D ( 'NONE', #12882, #7643, #6486 ) ;
#7857 = DIRECTION ( 'NONE',  ( 0.000000000000000000, 0.000000000000000000, -1.000000000000000000 ) ) ;
#7858 = ORIENTED_EDGE ( 'NONE', *, *, #13447, .T. ) ;
#7859 = LINE ( 'NONE', #12066, #222 ) ;
#7860 = CARTESIAN_POINT ( 'NONE',  ( 0.3750000000000012212, 0.1125000000000000028, -9.070000000000003837 ) ) ;
#7861 = CARTESIAN_POINT ( 'NONE',  ( 0.8499999999999994227, 0.4780000000000000360, 3.575000000000000178 ) ) ;
#7862 = EDGE_LOOP ( 'NONE', ( #5091, #12523, #11908, #6949, #1267, #10834, #5527, #12604, #1695, #6469, #564, #6726 ) ) ;
#7863 = DIRECTION ( 'NONE',  ( 0.7071067811865584529, 0.000000000000000000, -0.7071067811865365815 ) ) ;
#7864 = AXIS2_PLACEMENT_3D ( 'NONE', #6025, #7245, #10364 ) ;
#7865 = ORIENTED_EDGE ( 'NONE', *, *, #12968, .F. ) ;
#7866 = EDGE_CURVE ( 'NONE', #8598, #3857, #4143, .T. ) ;
#7867 = EDGE_CURVE ( 'NONE', #88, #9801, #10493, .T. ) ;
#7868 = FACE_OUTER_BOUND ( 'NONE', #6356, .T. ) ;
#7869 = ORIENTED_EDGE ( 'NONE', *, *, #13615, .F. ) ;
#7870 = AXIS2_PLACEMENT_3D ( 'NONE', #1834, #10238, #8925 ) ;
#7871 = EDGE_CURVE ( 'NONE', #12041, #12666, #11577, .T. ) ;
#7872 = DIRECTION ( 'NONE',  ( 0.000000000000000000, -1.000000000000000000, 0.000000000000000000 ) ) ;
#7873 = AXIS2_PLACEMENT_3D ( 'NONE', #12130, #11985, #2543 ) ;
#7874 = AXIS2_PLACEMENT_3D ( 'NONE', #458, #10654, #4651 ) ;
#7875 = AXIS2_PLACEMENT_3D ( 'NONE', #2406, #5597, #11022 ) ;
#7876 = DIRECTION ( 'NONE',  ( 0.000000000000000000, 0.000000000000000000, 1.000000000000000000 ) ) ;
#7877 = ORIENTED_EDGE ( 'NONE', *, *, #9093, .F. ) ;
#7878 = DIRECTION ( 'NONE',  ( -0.000000000000000000, 1.000000000000000000, -0.000000000000000000 ) ) ;
#7879 = DIRECTION ( 'NONE',  ( 0.000000000000000000, -1.000000000000000000, 0.000000000000000000 ) ) ;
#7880 = LINE ( 'NONE', #1629, #7950 ) ;
#7881 = CARTESIAN_POINT ( 'NONE',  ( 0.6000000000000000888, 0.1125000000000000028, -2.403000000000000025 ) ) ;
#7882 = ORIENTED_EDGE ( 'NONE', *, *, #10854, .T. ) ;
#7883 = EDGE_LOOP ( 'NONE', ( #12893, #1216, #8195, #10439 ) ) ;
#7884 = EDGE_CURVE ( 'NONE', #10964, #141, #6351, .T. ) ;
#7885 = DIRECTION ( 'NONE',  ( -0.000000000000000000, 1.000000000000000000, -0.000000000000000000 ) ) ;
#7886 = EDGE_CURVE ( 'NONE', #7157, #8046, #8485, .T. ) ;
#7887 = AXIS2_PLACEMENT_3D ( 'NONE', #4623, #4907, #5738 ) ;
#7888 = DIRECTION ( 'NONE',  ( 0.000000000000000000, 0.000000000000000000, -1.000000000000000000 ) ) ;
#7889 = ORIENTED_EDGE ( 'NONE', *, *, #4196, .T. ) ;
#7890 = VECTOR ( 'NONE', #5138, 1000.000000000000000 ) ;
#7891 = VERTEX_POINT ( 'NONE', #10631 ) ;
#7892 = ORIENTED_EDGE ( 'NONE', *, *, #12874, .F. ) ;
#7893 = AXIS2_PLACEMENT_3D ( 'NONE', #13411, #610, #4878 ) ;
#7894 = EDGE_CURVE ( 'NONE', #7382, #12024, #7288, .T. ) ;
#7895 = EDGE_CURVE ( 'NONE', #3484, #4620, #2805, .T. ) ;
#7896 = VERTEX_POINT ( 'NONE', #6003 ) ;
#7897 = VECTOR ( 'NONE', #6553, 1000.000000000000000 ) ;
#7898 = CARTESIAN_POINT ( 'NONE',  ( 2.200000000000001510, 0.1125000000000000028, -2.142999999999999794 ) ) ;
#7899 = LINE ( 'NONE', #9011, #10553 ) ;
#7900 = VECTOR ( 'NONE', #11327, 1000.000000000000000 ) ;
#7901 = DIRECTION ( 'NONE',  ( -1.000000000000000000, 0.000000000000000000, 0.000000000000000000 ) ) ;
#7902 = VECTOR ( 'NONE', #1078, 1000.000000000000000 ) ;
#7903 = VECTOR ( 'NONE', #6767, 1000.000000000000000 ) ;
#7904 = DIRECTION ( 'NONE',  ( 0.000000000000000000, 0.000000000000000000, -1.000000000000000000 ) ) ;
#7905 = VECTOR ( 'NONE', #2523, 1000.000000000000000 ) ;
#7906 = CARTESIAN_POINT ( 'NONE',  ( 0.000000000000000000, 0.4780000000000000360, 0.000000000000000000 ) ) ;
#7907 = EDGE_LOOP ( 'NONE', ( #8554, #3301, #2785, #3805, #12038, #13330, #8671, #11110, #2566, #3635, #630, #7128 ) ) ;
#7908 = CARTESIAN_POINT ( 'NONE',  ( 0.7000000000000002887, 0.06250000000000000000, -4.753000000000000114 ) ) ;
#7909 = EDGE_LOOP ( 'NONE', ( #5410, #4437, #3622, #13257 ) ) ;
#7910 = CARTESIAN_POINT ( 'NONE',  ( -2.150000000000000799, 0.000000000000000000, -6.987373870972730217 ) ) ;
#7911 = EDGE_CURVE ( 'NONE', #4732, #9633, #10209, .T. ) ;
#7912 = LINE ( 'NONE', #11086, #2857 ) ;
#7913 = EDGE_CURVE ( 'NONE', #13054, #6402, #4119, .T. ) ;
#7914 = ORIENTED_EDGE ( 'NONE', *, *, #2252, .T. ) ;
#7915 = EDGE_CURVE ( 'NONE', #837, #2145, #4798, .T. ) ;
#7916 = CARTESIAN_POINT ( 'NONE',  ( -1.230000000000000870, 0.4780000000000000360, 2.694999999999999840 ) ) ;
#7917 = VECTOR ( 'NONE', #929, 1000.000000000000000 ) ;
#7918 = ORIENTED_EDGE ( 'NONE', *, *, #6731, .T. ) ;
#7919 = AXIS2_PLACEMENT_3D ( 'NONE', #481, #13142, #4675 ) ;
#7920 = CARTESIAN_POINT ( 'NONE',  ( -3.689539992968171589E-15, 0.06250000000000000000, -3.402999999999999137 ) ) ;
#7921 =( NAMED_UNIT ( * ) PLANE_ANGLE_UNIT ( ) SI_UNIT ( $, .RADIAN. ) );
#7922 = CARTESIAN_POINT ( 'NONE',  ( 4.902499999999977653, 0.1125000000000000028, -4.902500000000129532 ) ) ;
#7923 = ORIENTED_EDGE ( 'NONE', *, *, #912, .F. ) ;
#7924 = AXIS2_PLACEMENT_3D ( 'NONE', #1931, #8340, #6139 ) ;
#7925 = VERTEX_POINT ( 'NONE', #13558 ) ;
#7926 = LINE ( 'NONE', #500, #1538 ) ;
#7927 = STYLED_ITEM ( 'NONE', ( #9090 ), #9786 ) ;
#7928 = CARTESIAN_POINT ( 'NONE',  ( 0.9049999999999992495, 0.4780000000000000360, 1.874999999999999778 ) ) ;
#7929 = DIRECTION ( 'NONE',  ( 0.000000000000000000, -0.000000000000000000, 1.000000000000000000 ) ) ;
#7930 = DIRECTION ( 'NONE',  ( -0.000000000000000000, 1.000000000000000000, -0.000000000000000000 ) ) ;
#7931 = VERTEX_POINT ( 'NONE', #12250 ) ;
#7932 = EDGE_CURVE ( 'NONE', #11892, #2797, #830, .T. ) ;
#7933 = ORIENTED_EDGE ( 'NONE', *, *, #6978, .F. ) ;
#7934 = VECTOR ( 'NONE', #3790, 1000.000000000000000 ) ;
#7935 = DIRECTION ( 'NONE',  ( 1.000000000000000000, 0.000000000000000000, 2.168404344971009262E-15 ) ) ;
#7936 = LINE ( 'NONE', #4633, #10327 ) ;
#7937 = DIRECTION ( 'NONE',  ( -0.000000000000000000, 1.000000000000000000, -0.000000000000000000 ) ) ;
#7938 = ORIENTED_EDGE ( 'NONE', *, *, #12712, .T. ) ;
#7939 = LINE ( 'NONE', #6913, #2610 ) ;
#7940 = CARTESIAN_POINT ( 'NONE',  ( -2.150000000000000799, 0.4780000000000000360, -8.125000000000000000 ) ) ;
#7941 = DIRECTION ( 'NONE',  ( 0.7071067811865365815, 0.000000000000000000, 0.7071067811865584529 ) ) ;
#7942 = ORIENTED_EDGE ( 'NONE', *, *, #9516, .F. ) ;
#7943 = VECTOR ( 'NONE', #6725, 1000.000000000000000 ) ;
#7944 = CARTESIAN_POINT ( 'NONE',  ( 1.350000000000000755, 0.1125000000000000028, -3.753000000000000114 ) ) ;
#7945 = AXIS2_PLACEMENT_3D ( 'NONE', #11085, #5650, #2737 ) ;
#7946 = ORIENTED_EDGE ( 'NONE', *, *, #12802, .T. ) ;
#7947 = CARTESIAN_POINT ( 'NONE',  ( 0.1499999999999990785, 0.06250000000000000000, -9.125000000000000000 ) ) ;
#7948 = ORIENTED_EDGE ( 'NONE', *, *, #2776, .F. ) ;
#7949 = LINE ( 'NONE', #10984, #9514 ) ;
#7950 = VECTOR ( 'NONE', #3614, 1000.000000000000000 ) ;
#7951 = CLOSED_SHELL ( 'NONE', ( #4613, #11274, #4550, #7498, #8488, #6397, #833, #5638, #8130, #13013 ) ) ;
#7952 = AXIS2_PLACEMENT_3D ( 'NONE', #9337, #13536, #1966 ) ;
#7953 = EDGE_CURVE ( 'NONE', #13057, #1017, #6128, .T. ) ;
#7954 = CARTESIAN_POINT ( 'NONE',  ( 1.429999999999998828, 0.2530000000000000027, 1.694999999999999840 ) ) ;
#7955 = ORIENTED_EDGE ( 'NONE', *, *, #7074, .T. ) ;
#7956 = CARTESIAN_POINT ( 'NONE',  ( -0.2249999999999968414, 0.06250000000000000000, 6.060757485943753998E-17 ) ) ;
#7957 = FACE_OUTER_BOUND ( 'NONE', #552, .T. ) ;
#7958 = FACE_OUTER_BOUND ( 'NONE', #42, .T. ) ;
#7959 = EDGE_CURVE ( 'NONE', #5679, #6470, #7092, .T. ) ;
#7960 = LINE ( 'NONE', #12159, #13273 ) ;
#7961 = ORIENTED_EDGE ( 'NONE', *, *, #11092, .F. ) ;
#7962 = ORIENTED_EDGE ( 'NONE', *, *, #5716, .F. ) ;
#7963 = DIRECTION ( 'NONE',  ( 0.000000000000000000, 0.000000000000000000, -1.000000000000000000 ) ) ;
#7964 = DIRECTION ( 'NONE',  ( 1.000000000000000000, 0.000000000000000000, 0.000000000000000000 ) ) ;
#7965 = VERTEX_POINT ( 'NONE', #4056 ) ;
#7966 = VECTOR ( 'NONE', #7550, 1000.000000000000000 ) ;
#7967 = ORIENTED_EDGE ( 'NONE', *, *, #6272, .F. ) ;
#7968 = ORIENTED_EDGE ( 'NONE', *, *, #4286, .T. ) ;
#7969 = DIRECTION ( 'NONE',  ( -1.000000000000000000, 0.000000000000000000, 0.000000000000000000 ) ) ;
#7970 = PLANE ( 'NONE',  #7893 ) ;
#7971 = ADVANCED_FACE ( 'NONE', ( #8049 ), #6197, .F. ) ;
#7972 = COLOUR_RGB ( '',1.000000000000000000, 1.000000000000000000, 1.000000000000000000 ) ;
#7973 = ADVANCED_FACE ( 'NONE', ( #9356 ), #5027, .T. ) ;
#7974 = CARTESIAN_POINT ( 'NONE',  ( 1.642500000000004290, 0.06250000000000000000, -9.725000000000001421 ) ) ;
#7975 = PRESENTATION_LAYER_ASSIGNMENT (  '', '', ( #9961 ) ) ;
#7976 = FACE_OUTER_BOUND ( 'NONE', #11001, .T. ) ;
#7977 = VECTOR ( 'NONE', #3118, 1000.000000000000000 ) ;
#7978 = DIRECTION ( 'NONE',  ( 1.000000000000000000, 0.000000000000000000, 0.000000000000000000 ) ) ;
#7979 = ADVANCED_FACE ( 'NONE', ( #13500 ), #9227, .T. ) ;
#7980 = ORIENTED_EDGE ( 'NONE', *, *, #11293, .T. ) ;
#7981 = EDGE_LOOP ( 'NONE', ( #2571, #1391, #10067, #2086, #4956, #7789, #3718, #12631, #2473, #12486, #11611, #6094, #7541, #8717, #11437, #5136, #2306, #6468, #6880, #7408, #3423, #6179, #8333, #5589, #1793, #4280 ) ) ;
#7982 = DIRECTION ( 'NONE',  ( 0.000000000000000000, 0.000000000000000000, -1.000000000000000000 ) ) ;
#7983 = LINE ( 'NONE', #7908, #3937 ) ;
#7984 = ORIENTED_EDGE ( 'NONE', *, *, #12284, .F. ) ;
#7985 = LINE ( 'NONE', #485, #12800 ) ;
#7986 = DIRECTION ( 'NONE',  ( 0.000000000000000000, 0.000000000000000000, -1.000000000000000000 ) ) ;
#7987 = ORIENTED_EDGE ( 'NONE', *, *, #9744, .T. ) ;
#7988 = CARTESIAN_POINT ( 'NONE',  ( 1.575000000000005285, 0.1125000000000000028, -4.242530240160701508E-16 ) ) ;
#7989 = ORIENTED_EDGE ( 'NONE', *, *, #11164, .F. ) ;
#7990 = CARTESIAN_POINT ( 'NONE',  ( 1.800000000000000488, 0.2530000000000000027, -2.328000000000000291 ) ) ;
#7991 = EDGE_CURVE ( 'NONE', #13534, #7497, #3912, .T. ) ;
#7992 = LINE ( 'NONE', #627, #5872 ) ;
#7993 = EDGE_CURVE ( 'NONE', #4030, #1231, #12525, .T. ) ;
#7994 = FACE_OUTER_BOUND ( 'NONE', #5800, .T. ) ;
#7995 = UNCERTAINTY_MEASURE_WITH_UNIT (LENGTH_MEASURE( 1.000000000000000082E-05 ), #4446, 'distance_accuracy_value', 'NONE');
#7996 = EDGE_CURVE ( 'NONE', #12226, #3856, #3986, .T. ) ;
#7997 = VERTEX_POINT ( 'NONE', #3085 ) ;
#7998 = VERTEX_POINT ( 'NONE', #12400 ) ;
#7999 = CARTESIAN_POINT ( 'NONE',  ( -2.150000000000001688, 0.2530000000000000027, -10.00000000000000000 ) ) ;
#8000 = PLANE ( 'NONE',  #7218 ) ;
#8001 = VECTOR ( 'NONE', #10576, 1000.000000000000000 ) ;
#8002 = CARTESIAN_POINT ( 'NONE',  ( -0.04999999999999622802, 0.06250000000000000000, -9.025000000000000355 ) ) ;
#8003 = FACE_OUTER_BOUND ( 'NONE', #13291, .T. ) ;
#8004 = ORIENTED_EDGE ( 'NONE', *, *, #1445, .F. ) ;
#8005 = EDGE_LOOP ( 'NONE', ( #10169, #10405, #12083, #3849 ) ) ;
#8006 = DIRECTION ( 'NONE',  ( -0.000000000000000000, -1.000000000000000000, -0.000000000000000000 ) ) ;
#8007 = CARTESIAN_POINT ( 'NONE',  ( -0.000000000000000000, 0.1125000000000000028, -7.653000000000000469 ) ) ;
#8008 = CARTESIAN_POINT ( 'NONE',  ( -1.424999999999997824, 0.1125000000000000028, 3.838479741097750883E-16 ) ) ;
#8009 = EDGE_CURVE ( 'NONE', #8458, #7626, #11357, .T. ) ;
#8010 = CARTESIAN_POINT ( 'NONE',  ( 4.237499999999997158, 0.06250000000000000000, -4.237500000000128608 ) ) ;
#8011 = VERTEX_POINT ( 'NONE', #4899 ) ;
#8012 = DIRECTION ( 'NONE',  ( 1.000000000000000000, 0.000000000000000000, 2.168404344971009262E-15 ) ) ;
#8013 = CARTESIAN_POINT ( 'NONE',  ( 2.149999999999999467, 0.2530000000000000027, 10.00000000000000000 ) ) ;
#8014 = CARTESIAN_POINT ( 'NONE',  ( -1.350000000000000533, 0.4780000000000000360, 3.294999999999999041 ) ) ;
#8015 = EDGE_LOOP ( 'NONE', ( #11819, #8083, #6525, #10679 ) ) ;
#8016 = CARTESIAN_POINT ( 'NONE',  ( 1.415000000000002700, 0.06250000000000000000, -7.653000000000000469 ) ) ;
#8017 = ORIENTED_EDGE ( 'NONE', *, *, #5134, .T. ) ;
#8018 = LINE ( 'NONE', #6919, #6104 ) ;
#8019 = EDGE_LOOP ( 'NONE', ( #8464, #7062, #6118, #9863 ) ) ;
#8020 = DIRECTION ( 'NONE',  ( 1.000000000000000000, 0.000000000000000000, -7.228014483236656126E-16 ) ) ;
#8021 = LINE ( 'NONE', #9129, #808 ) ;
#8022 = ORIENTED_EDGE ( 'NONE', *, *, #1588, .F. ) ;
#8023 = CARTESIAN_POINT ( 'NONE',  ( 1.415000000000004698, 0.06250000000000000000, -4.163218654184525865E-16 ) ) ;
#8024 = LINE ( 'NONE', #12013, #2804 ) ;
#8025 = FACE_OUTER_BOUND ( 'NONE', #5814, .T. ) ;
#8026 = ORIENTED_EDGE ( 'NONE', *, *, #7791, .T. ) ;
#8027 = ORIENTED_EDGE ( 'NONE', *, *, #6608, .F. ) ;
#8028 = CARTESIAN_POINT ( 'NONE',  ( -1.285000000000000142, 0.06250000000000000000, -8.389999999999997016 ) ) ;
#8029 = LINE ( 'NONE', #10185, #10588 ) ;
#8030 = VERTEX_POINT ( 'NONE', #1990 ) ;
#8031 = EDGE_LOOP ( 'NONE', ( #1079, #2790, #9567, #10074 ) ) ;
#8032 = EDGE_CURVE ( 'NONE', #8040, #9801, #1920, .T. ) ;
#8033 = CARTESIAN_POINT ( 'NONE',  ( -2.200000000000000622, 0.2530000000000000027, -6.460000000000002629 ) ) ;
#8034 = FACE_OUTER_BOUND ( 'NONE', #3838, .T. ) ;
#8035 = PLANE ( 'NONE',  #6018 ) ;
#8036 = LINE ( 'NONE', #611, #8057 ) ;
#8037 = LINE ( 'NONE', #11081, #11045 ) ;
#8038 = EDGE_LOOP ( 'NONE', ( #12112, #9997, #2314, #12925 ) ) ;
#8039 = DIRECTION ( 'NONE',  ( -1.000000000000000000, -0.000000000000000000, -0.000000000000000000 ) ) ;
#8040 = VERTEX_POINT ( 'NONE', #10138 ) ;
#8041 = FACE_OUTER_BOUND ( 'NONE', #2436, .T. ) ;
#8042 = FACE_OUTER_BOUND ( 'NONE', #8838, .T. ) ;
#8043 = ORIENTED_EDGE ( 'NONE', *, *, #6871, .F. ) ;
#8044 = EDGE_CURVE ( 'NONE', #7189, #6282, #9099, .T. ) ;
#8045 = EDGE_CURVE ( 'NONE', #4792, #13279, #11847, .T. ) ;
#8046 = VERTEX_POINT ( 'NONE', #7649 ) ;
#8047 = ADVANCED_FACE ( 'NONE', ( #3172 ), #18, .T. ) ;
#8048 = VECTOR ( 'NONE', #10968, 1000.000000000000000 ) ;
#8049 = FACE_OUTER_BOUND ( 'NONE', #12146, .T. ) ;
#8050 = PLANE ( 'NONE',  #12291 ) ;
#8051 = CARTESIAN_POINT ( 'NONE',  ( -0.7019999999999981810, 2.080000000000000071, 9.150000000000000355 ) ) ;
#8052 = FACE_BOUND ( 'NONE', #3221, .T. ) ;
#8053 = ORIENTED_EDGE ( 'NONE', *, *, #1936, .T. ) ;
#8054 = VERTEX_POINT ( 'NONE', #6346 ) ;
#8055 = CARTESIAN_POINT ( 'NONE',  ( -1.950000000000001510, 0.2530000000000000027, -9.799999999999998934 ) ) ;
#8056 = DIRECTION ( 'NONE',  ( 0.000000000000000000, -1.000000000000000000, 0.000000000000000000 ) ) ;
#8057 = VECTOR ( 'NONE', #2731, 1000.000000000000000 ) ;
#8058 = PLANE ( 'NONE',  #11896 ) ;
#8059 = CARTESIAN_POINT ( 'NONE',  ( 4.337499999999975486, 0.06250000000000000000, -4.337499999999787192 ) ) ;
#8060 = ORIENTED_EDGE ( 'NONE', *, *, #11426, .T. ) ;
#8061 = EDGE_CURVE ( 'NONE', #8606, #7931, #8988, .T. ) ;
#8062 = EDGE_CURVE ( 'NONE', #3887, #7796, #2339, .T. ) ;
#8063 = VERTEX_POINT ( 'NONE', #2408 ) ;
#8064 = VECTOR ( 'NONE', #10954, 1000.000000000000000 ) ;
#8065 = ADVANCED_FACE ( 'NONE', ( #2211 ), #87, .F. ) ;
#8066 = PLANE ( 'NONE',  #5043 ) ;
#8067 = FILL_AREA_STYLE ('',( #1413 ) ) ;
#8068 = DIRECTION ( 'NONE',  ( 0.000000000000000000, 1.000000000000000000, 0.000000000000000000 ) ) ;
#8069 = DIRECTION ( 'NONE',  ( 0.000000000000000000, 0.000000000000000000, -1.000000000000000000 ) ) ;
#8070 = LINE ( 'NONE', #12349, #11131 ) ;
#8071 = ORIENTED_EDGE ( 'NONE', *, *, #4875, .F. ) ;
#8072 = LINE ( 'NONE', #10017, #8553 ) ;
#8073 = CARTESIAN_POINT ( 'NONE',  ( -0.4200000000000019829, 0.06250000000000000000, -8.424999999999997158 ) ) ;
#8074 = FACE_OUTER_BOUND ( 'NONE', #6754, .T. ) ;
#8075 = VECTOR ( 'NONE', #8647, 1000.000000000000000 ) ;
#8076 =( NAMED_UNIT ( * ) SI_UNIT ( $, .STERADIAN. ) SOLID_ANGLE_UNIT ( ) );
#8077 = ORIENTED_EDGE ( 'NONE', *, *, #4262, .F. ) ;
#8078 = CARTESIAN_POINT ( 'NONE',  ( 2.199999999999999734, 0.2530000000000000027, -6.460000000000002629 ) ) ;
#8079 = ORIENTED_EDGE ( 'NONE', *, *, #13065, .F. ) ;
#8080 = AXIS2_PLACEMENT_3D ( 'NONE', #4469, #3154, #8531 ) ;
#8081 = CARTESIAN_POINT ( 'NONE',  ( -1.285000000000000142, 0.06250000000000000000, -7.653000000000000469 ) ) ;
#8082 = EDGE_CURVE ( 'NONE', #6203, #6425, #228, .T. ) ;
#8083 = ORIENTED_EDGE ( 'NONE', *, *, #11708, .F. ) ;
#8084 = EDGE_CURVE ( 'NONE', #1602, #521, #6491, .T. ) ;
#8085 = DIRECTION ( 'NONE',  ( 1.000000000000000000, 0.000000000000000000, 1.084202172485504828E-15 ) ) ;
#8086 = VECTOR ( 'NONE', #3777, 1000.000000000000000 ) ;
#8087 = AXIS2_PLACEMENT_3D ( 'NONE', #5282, #12647, #1140 ) ;
#8088 = PRESENTATION_LAYER_ASSIGNMENT (  '', '', ( #6988 ) ) ;
#8089 = CARTESIAN_POINT ( 'NONE',  ( -0.7019999999999980700, 1.289999999999999591, 9.150000000000000355 ) ) ;
#8090 = ORIENTED_EDGE ( 'NONE', *, *, #828, .F. ) ;
#8091 = CARTESIAN_POINT ( 'NONE',  ( 0.2150000000000005518, 0.1125000000000000028, -7.653000000000000469 ) ) ;
#8092 = DIRECTION ( 'NONE',  ( -1.000000000000000000, 0.000000000000000000, 0.000000000000000000 ) ) ;
#8093 = DIRECTION ( 'NONE',  ( 0.000000000000000000, 0.000000000000000000, -1.000000000000000000 ) ) ;
#8094 = SURFACE_SIDE_STYLE ('',( #6520 ) ) ;
#8095 = ORIENTED_EDGE ( 'NONE', *, *, #10180, .T. ) ;
#8096 = VECTOR ( 'NONE', #7763, 1000.000000000000000 ) ;
#8097 = ORIENTED_EDGE ( 'NONE', *, *, #1856, .F. ) ;
#8098 = DIRECTION ( 'NONE',  ( -0.000000000000000000, 1.000000000000000000, -0.000000000000000000 ) ) ;
#8099 = DIRECTION ( 'NONE',  ( 0.000000000000000000, 0.000000000000000000, -1.000000000000000000 ) ) ;
#8100 = ORIENTED_EDGE ( 'NONE', *, *, #6056, .T. ) ;
#8101 = VERTEX_POINT ( 'NONE', #8545 ) ;
#8102 = AXIS2_PLACEMENT_3D ( 'NONE', #9144, #6048, #10193 ) ;
#8103 = VECTOR ( 'NONE', #152, 1000.000000000000000 ) ;
#8104 = DIRECTION ( 'NONE',  ( 0.000000000000000000, 0.000000000000000000, -1.000000000000000000 ) ) ;
#8105 = DIRECTION ( 'NONE',  ( 0.000000000000000000, -1.000000000000000000, 0.000000000000000000 ) ) ;
#8106 = VECTOR ( 'NONE', #6802, 1000.000000000000000 ) ;
#8107 = PLANE ( 'NONE',  #1052 ) ;
#8108 = FILL_AREA_STYLE ('',( #1641 ) ) ;
#8109 = CARTESIAN_POINT ( 'NONE',  ( 0.000000000000000000, 0.06250000000000000000, 0.000000000000000000 ) ) ;
#8110 = SURFACE_SIDE_STYLE ('',( #3900 ) ) ;
#8111 = ORIENTED_EDGE ( 'NONE', *, *, #10670, .T. ) ;
#8112 = CIRCLE ( 'NONE', #3266, 0.2000000000000005107 ) ;
#8113 = CARTESIAN_POINT ( 'NONE',  ( -2.750000000000000888, 0.2530000000000000027, -8.699999999999997513 ) ) ;
#8114 = AXIS2_PLACEMENT_3D ( 'NONE', #10557, #9517, #4279 ) ;
#8115 = CARTESIAN_POINT ( 'NONE',  ( -2.200000000000000622, 0.1125000000000000028, -2.142999999999999794 ) ) ;
#8116 = ORIENTED_EDGE ( 'NONE', *, *, #12701, .F. ) ;
#8117 = VECTOR ( 'NONE', #2894, 1000.000000000000000 ) ;
#8118 = DIRECTION ( 'NONE',  ( -0.000000000000000000, 1.000000000000000000, -0.000000000000000000 ) ) ;
#8119 = FACE_OUTER_BOUND ( 'NONE', #13308, .T. ) ;
#8120 = ORIENTED_EDGE ( 'NONE', *, *, #5860, .T. ) ;
#8121 = ORIENTED_EDGE ( 'NONE', *, *, #4092, .T. ) ;
#8122 = AXIS2_PLACEMENT_3D ( 'NONE', #3073, #9350, #2798 ) ;
#8123 = DIRECTION ( 'NONE',  ( 0.000000000000000000, 0.000000000000000000, -1.000000000000000000 ) ) ;
#8124 = AXIS2_PLACEMENT_3D ( 'NONE', #10157, #12210, #724 ) ;
#8125 = DIRECTION ( 'NONE',  ( 0.000000000000000000, 0.000000000000000000, 1.000000000000000000 ) ) ;
#8126 = CIRCLE ( 'NONE', #654, 0.2000000000000005107 ) ;
#8127 = SURFACE_STYLE_USAGE ( .BOTH. , #10211 ) ;
#8128 = AXIS2_PLACEMENT_3D ( 'NONE', #13169, #5671, #2553 ) ;
#8129 = DIRECTION ( 'NONE',  ( -0.000000000000000000, 0.000000000000000000, 1.000000000000000000 ) ) ;
#8130 = ADVANCED_FACE ( 'NONE', ( #5244 ), #10752, .T. ) ;
#8131 = ORIENTED_EDGE ( 'NONE', *, *, #8044, .T. ) ;
#8132 = ORIENTED_EDGE ( 'NONE', *, *, #11255, .F. ) ;
#8133 = SURFACE_STYLE_FILL_AREA ( #12335 ) ;
#8134 = PLANE ( 'NONE',  #11402 ) ;
#8135 = ADVANCED_FACE ( 'NONE', ( #12885 ), #12826, .T. ) ;
#8136 = CARTESIAN_POINT ( 'NONE',  ( 2.575000000000000178, 0.1125000000000000028, -8.500000000000000000 ) ) ;
#8137 = VECTOR ( 'NONE', #7318, 1000.000000000000000 ) ;
#8138 = CARTESIAN_POINT ( 'NONE',  ( -0.4300000000000008260, 0.2530000000000000027, 2.294999999999999929 ) ) ;
#8139 = VECTOR ( 'NONE', #9377, 1000.000000000000000 ) ;
#8140 = LINE ( 'NONE', #12342, #5704 ) ;
#8141 = CARTESIAN_POINT ( 'NONE',  ( -2.574999999999999734, 0.1125000000000000028, -8.875000000000000000 ) ) ;
#8142 = VECTOR ( 'NONE', #5386, 1000.000000000000000 ) ;
#8143 = CARTESIAN_POINT ( 'NONE',  ( 1.950000000000000400, 0.2530000000000000027, -9.799999999999998934 ) ) ;
#8144 = DIRECTION ( 'NONE',  ( -0.7071067811865497932, 0.000000000000000000, -0.7071067811865452413 ) ) ;
#8145 = ADVANCED_FACE ( 'NONE', ( #9721 ), #13385, .T. ) ;
#8146 = EDGE_CURVE ( 'NONE', #2117, #10867, #7588, .T. ) ;
#8147 = DIRECTION ( 'NONE',  ( -0.000000000000000000, 1.000000000000000000, -0.000000000000000000 ) ) ;
#8148 = ORIENTED_EDGE ( 'NONE', *, *, #6950, .T. ) ;
#8149 = CARTESIAN_POINT ( 'NONE',  ( 0.08499999999999827138, 0.06250000000000000000, -8.389999999999998792 ) ) ;
#8150 = FACE_OUTER_BOUND ( 'NONE', #11040, .T. ) ;
#8151 = CARTESIAN_POINT ( 'NONE',  ( -3.689539992968172378E-15, 0.1125000000000000028, -3.403000000000000025 ) ) ;
#8152 = EDGE_CURVE ( 'NONE', #3383, #7068, #11572, .T. ) ;
#8153 = DIRECTION ( 'NONE',  ( -0.000000000000000000, 1.000000000000000000, -0.000000000000000000 ) ) ;
#8154 = CARTESIAN_POINT ( 'NONE',  ( 0.05000000000000012768, 0.1125000000000000028, 0.000000000000000000 ) ) ;
#8155 = ORIENTED_EDGE ( 'NONE', *, *, #6126, .F. ) ;
#8156 = AXIS2_PLACEMENT_3D ( 'NONE', #11222, #13348, #12323 ) ;
#8157 = DIRECTION ( 'NONE',  ( -0.000000000000000000, 1.000000000000000000, -0.000000000000000000 ) ) ;
#8158 = VECTOR ( 'NONE', #4578, 1000.000000000000000 ) ;
#8159 = EDGE_LOOP ( 'NONE', ( #11725, #6089, #1049, #10784, #5236, #2950 ) ) ;
#8160 = ORIENTED_EDGE ( 'NONE', *, *, #6127, .F. ) ;
#8161 = CARTESIAN_POINT ( 'NONE',  ( 0.4499999999999942935, 0.06250000000000000000, 4.878909776184709802E-16 ) ) ;
#8162 = AXIS2_PLACEMENT_3D ( 'NONE', #999, #9133, #6236 ) ;
#8163 = ADVANCED_FACE ( 'NONE', ( #2136 ), #3235, .F. ) ;
#8164 = LINE ( 'NONE', #13324, #590 ) ;
#8165 = VECTOR ( 'NONE', #878, 1000.000000000000000 ) ;
#8166 = ORIENTED_EDGE ( 'NONE', *, *, #11090, .T. ) ;
#8167 = DIRECTION ( 'NONE',  ( 0.000000000000000000, 1.000000000000000000, 0.000000000000000000 ) ) ;
#8168 = AXIS2_PLACEMENT_3D ( 'NONE', #1529, #9940, #3650 ) ;
#8169 = PLANE ( 'NONE',  #5306 ) ;
#8170 = EDGE_CURVE ( 'NONE', #1186, #11724, #6424, .T. ) ;
#8171 = CARTESIAN_POINT ( 'NONE',  ( -1.350000000000000977, 0.06250000000000000000, 0.000000000000000000 ) ) ;
#8172 = ORIENTED_EDGE ( 'NONE', *, *, #2434, .F. ) ;
#8173 = ORIENTED_EDGE ( 'NONE', *, *, #12260, .T. ) ;
#8174 = DIRECTION ( 'NONE',  ( 0.000000000000000000, -1.000000000000000000, 0.000000000000000000 ) ) ;
#8175 = PLANE ( 'NONE',  #3981 ) ;
#8176 = VERTEX_POINT ( 'NONE', #11644 ) ;
#8177 = CLOSED_SHELL ( 'NONE', ( #1338, #12259, #4, #8943, #7558, #1684, #3160, #13448, #5985, #8506, #10500, #11276, #13201, #8227, #4028, #11899, #1333, #3020 ) ) ;
#8178 = VECTOR ( 'NONE', #4065, 1000.000000000000000 ) ;
#8179 = CARTESIAN_POINT ( 'NONE',  ( -2.574999999999999734, 0.2530000000000000027, -8.325000000000001066 ) ) ;
#8180 = LINE ( 'NONE', #5010, #13621 ) ;
#8181 = CARTESIAN_POINT ( 'NONE',  ( 2.350000000000000089, 0.4780000000000000360, -8.125000000000000000 ) ) ;
#8182 = CARTESIAN_POINT ( 'NONE',  ( -2.200000000000000622, 0.4780000000000000360, -6.460000000000002629 ) ) ;
#8183 = FACE_OUTER_BOUND ( 'NONE', #3006, .T. ) ;
#8184 = ADVANCED_FACE ( 'NONE', ( #10625 ), #1184, .F. ) ;
#8185 = FACE_OUTER_BOUND ( 'NONE', #8431, .T. ) ;
#8186 = VECTOR ( 'NONE', #6719, 1000.000000000000000 ) ;
#8187 = ORIENTED_EDGE ( 'NONE', *, *, #9005, .F. ) ;
#8188 =( NAMED_UNIT ( * ) SI_UNIT ( $, .STERADIAN. ) SOLID_ANGLE_UNIT ( ) );
#8189 = VECTOR ( 'NONE', #7963, 1000.000000000000000 ) ;
#8190 = LINE ( 'NONE', #12515, #877 ) ;
#8191 = VERTEX_POINT ( 'NONE', #13235 ) ;
#8192 = FACE_OUTER_BOUND ( 'NONE', #11582, .T. ) ;
#8193 = DIRECTION ( 'NONE',  ( -1.000000000000000000, 0.000000000000000000, -2.710505431213760099E-16 ) ) ;
#8194 = ORIENTED_EDGE ( 'NONE', *, *, #699, .F. ) ;
#8195 = ORIENTED_EDGE ( 'NONE', *, *, #8591, .T. ) ;
#8196 = VECTOR ( 'NONE', #6591, 1000.000000000000000 ) ;
#8197 = CARTESIAN_POINT ( 'NONE',  ( 4.337499999999975486, 0.06250000000000000000, -4.337499999999787192 ) ) ;
#8198 = VECTOR ( 'NONE', #10708, 1000.000000000000000 ) ;
#8199 = CARTESIAN_POINT ( 'NONE',  ( 8.138021506676204170E-15, 0.06250000000000000000, -3.753000000000003222 ) ) ;
#8200 = DIRECTION ( 'NONE',  ( 0.000000000000000000, 0.000000000000000000, -1.000000000000000000 ) ) ;
#8201 = DIRECTION ( 'NONE',  ( 0.000000000000000000, -1.000000000000000000, 0.000000000000000000 ) ) ;
#8202 = VERTEX_POINT ( 'NONE', #5732 ) ;
#8203 = ORIENTED_EDGE ( 'NONE', *, *, #3579, .T. ) ;
#8204 = DIRECTION ( 'NONE',  ( -1.000000000000000000, -0.000000000000000000, -0.000000000000000000 ) ) ;
#8205 = VECTOR ( 'NONE', #5612, 1000.000000000000000 ) ;
#8206 = DIRECTION ( 'NONE',  ( 0.000000000000000000, -0.000000000000000000, -1.000000000000000000 ) ) ;
#8207 = DIRECTION ( 'NONE',  ( 0.000000000000000000, 1.000000000000000000, -0.000000000000000000 ) ) ;
#8208 = VECTOR ( 'NONE', #6700, 1000.000000000000000 ) ;
#8209 = EDGE_CURVE ( 'NONE', #3148, #11978, #7713, .T. ) ;
#8210 = CARTESIAN_POINT ( 'NONE',  ( -2.149999999999999023, 0.2530000000000000027, 6.299999999999999822 ) ) ;
#8211 = DIRECTION ( 'NONE',  ( 0.000000000000000000, 1.000000000000000000, -0.000000000000000000 ) ) ;
#8212 = AXIS2_PLACEMENT_3D ( 'NONE', #11664, #6444, #2230 ) ;
#8213 = DIRECTION ( 'NONE',  ( 0.000000000000000000, 1.000000000000000000, 0.000000000000000000 ) ) ;
#8214 = CARTESIAN_POINT ( 'NONE',  ( -5.383749999999991154, 0.1125000000000000028, -5.383750000000047997 ) ) ;
#8215 = VECTOR ( 'NONE', #1057, 1000.000000000000000 ) ;
#8216 = DIRECTION ( 'NONE',  ( 1.000000000000000000, 0.000000000000000000, 0.000000000000000000 ) ) ;
#8217 = ORIENTED_EDGE ( 'NONE', *, *, #10517, .F. ) ;
#8218 = CARTESIAN_POINT ( 'NONE',  ( 1.050000000000005373, 0.06250000000000000000, -9.724999999999999645 ) ) ;
#8219 = DIRECTION ( 'NONE',  ( 2.693669993752811547E-16, 0.000000000000000000, -1.000000000000000000 ) ) ;
#8220 = CARTESIAN_POINT ( 'NONE',  ( 1.642500000000004290, 0.06250000000000000000, -9.725000000000001421 ) ) ;
#8221 = FACE_OUTER_BOUND ( 'NONE', #2909, .T. ) ;
#8222 = CARTESIAN_POINT ( 'NONE',  ( -1.799999999999998268, 0.4780000000000000360, -4.998000000000000220 ) ) ;
#8223 = ORIENTED_EDGE ( 'NONE', *, *, #11934, .F. ) ;
#8224 = ORIENTED_EDGE ( 'NONE', *, *, #5878, .F. ) ;
#8225 = EDGE_LOOP ( 'NONE', ( #1634, #12812, #8155, #8626 ) ) ;
#8226 = EDGE_CURVE ( 'NONE', #6968, #32, #5659, .T. ) ;
#8227 = ADVANCED_FACE ( 'NONE', ( #6625 ), #3782, .F. ) ;
#8228 = DIRECTION ( 'NONE',  ( -1.000000000000000000, 0.000000000000000000, 0.000000000000000000 ) ) ;
#8229 = EDGE_CURVE ( 'NONE', #3095, #11870, #8748, .T. ) ;
#8230 = CARTESIAN_POINT ( 'NONE',  ( 0.000000000000000000, 0.1125000000000000028, -9.875000000000000000 ) ) ;
#8231 = ORIENTED_EDGE ( 'NONE', *, *, #5226, .T. ) ;
#8232 = DIRECTION ( 'NONE',  ( -0.000000000000000000, 0.000000000000000000, -1.000000000000000000 ) ) ;
#8233 = FILL_AREA_STYLE_COLOUR ( '', #10829 ) ;
#8234 = DIRECTION ( 'NONE',  ( -0.000000000000000000, 1.000000000000000000, -0.000000000000000000 ) ) ;
#8235 = CARTESIAN_POINT ( 'NONE',  ( 4.637499999999998401, 0.1125000000000000028, -4.637499999999985079 ) ) ;
#8236 = EDGE_LOOP ( 'NONE', ( #5448, #2256, #12298, #13289 ) ) ;
#8237 = VERTEX_POINT ( 'NONE', #4825 ) ;
#8238 = CARTESIAN_POINT ( 'NONE',  ( -2.150000000000000799, 0.1125000000000000028, -8.125000000000000000 ) ) ;
#8239 = FACE_OUTER_BOUND ( 'NONE', #7055, .T. ) ;
#8240 = VERTEX_POINT ( 'NONE', #629 ) ;
#8241 = ADVANCED_FACE ( 'NONE', ( #7994 ), #11915, .F. ) ;
#8242 = EDGE_CURVE ( 'NONE', #2232, #7273, #12956, .T. ) ;
#8243 = CARTESIAN_POINT ( 'NONE',  ( 0.2150000000000005518, 0.06250000000000000000, -7.653000000000000469 ) ) ;
#8244 = LINE ( 'NONE', #12836, #3490 ) ;
#8245 = CARTESIAN_POINT ( 'NONE',  ( -0.3849999999999796363, 0.1125000000000000028, 1.019473684575870813E-15 ) ) ;
#8246 = CARTESIAN_POINT ( 'NONE',  ( 1.942500000000004112, 0.1125000000000000028, -7.653000000000000469 ) ) ;
#8247 = DIRECTION ( 'NONE',  ( -0.7071067811865444641, 0.000000000000000000, 0.7071067811865505703 ) ) ;
#8248 = DIRECTION ( 'NONE',  ( -0.000000000000000000, -1.000000000000000000, -0.000000000000000000 ) ) ;
#8249 = ORIENTED_EDGE ( 'NONE', *, *, #7283, .T. ) ;
#8250 = CARTESIAN_POINT ( 'NONE',  ( 0.07500000000000106581, 0.06250000000000000000, -9.875000000000000000 ) ) ;
#8251 = ORIENTED_EDGE ( 'NONE', *, *, #5108, .F. ) ;
#8252 = DIRECTION ( 'NONE',  ( -0.000000000000000000, -0.000000000000000000, -1.000000000000000000 ) ) ;
#8253 = DIRECTION ( 'NONE',  ( 1.196361017915039437E-15, 0.000000000000000000, 1.000000000000000000 ) ) ;
#8254 = ORIENTED_EDGE ( 'NONE', *, *, #8761, .T. ) ;
#8255 = VERTEX_POINT ( 'NONE', #11095 ) ;
#8256 = EDGE_CURVE ( 'NONE', #13516, #9266, #2480, .T. ) ;
#8257 = EDGE_CURVE ( 'NONE', #12864, #10107, #6753, .T. ) ;
#8258 = DIRECTION ( 'NONE',  ( -0.000000000000000000, 1.000000000000000000, -0.000000000000000000 ) ) ;
#8259 = CARTESIAN_POINT ( 'NONE',  ( -2.574999999999999734, 0.1125000000000000028, -8.325000000000001066 ) ) ;
#8260 = AXIS2_PLACEMENT_3D ( 'NONE', #10913, #3466, #7876 ) ;
#8261 = PLANE ( 'NONE',  #8080 ) ;
#8262 = CARTESIAN_POINT ( 'NONE',  ( 2.199999999999999734, 0.000000000000000000, 0.3499999999999987566 ) ) ;
#8263 = UNCERTAINTY_MEASURE_WITH_UNIT (LENGTH_MEASURE( 1.000000000000000082E-05 ), #1912, 'distance_accuracy_value', 'NONE');
#8264 = VERTEX_POINT ( 'NONE', #1657 ) ;
#8265 = VERTEX_POINT ( 'NONE', #9935 ) ;
#8266 = DIRECTION ( 'NONE',  ( 0.000000000000000000, 0.000000000000000000, -1.000000000000000000 ) ) ;
#8267 = CARTESIAN_POINT ( 'NONE',  ( -1.274999999999999911, 0.06250000000000000000, -9.875000000000000000 ) ) ;
#8268 = CARTESIAN_POINT ( 'NONE',  ( -3.341250000000077769, 0.1125000000000000028, -3.341250000000388187 ) ) ;
#8269 = CARTESIAN_POINT ( 'NONE',  ( -0.2019999999999983475, 2.880000000000000338, 9.054631419979587648 ) ) ;
#8270 = DIRECTION ( 'NONE',  ( 0.7071067811865485719, 0.000000000000000000, 0.7071067811865465735 ) ) ;
#8271 = LINE ( 'NONE', #9116, #9444 ) ;
#8272 = LINE ( 'NONE', #8214, #13254 ) ;
#8273 = VECTOR ( 'NONE', #12491, 1000.000000000000000 ) ;
#8274 = DIRECTION ( 'NONE',  ( -0.7071067811865454633, 0.000000000000000000, -0.7071067811865496822 ) ) ;
#8275 = ORIENTED_EDGE ( 'NONE', *, *, #11446, .T. ) ;
#8276 = CARTESIAN_POINT ( 'NONE',  ( -1.950000000000001510, 0.4780000000000000360, -10.00000000000000000 ) ) ;
#8277 = LINE ( 'NONE', #13381, #6140 ) ;
#8278 = LINE ( 'NONE', #10159, #9636 ) ;
#8279 = CARTESIAN_POINT ( 'NONE',  ( -2.574999999999999734, 0.2530000000000000027, -8.875000000000000000 ) ) ;
#8280 = LINE ( 'NONE', #6354, #8137 ) ;
#8281 = ORIENTED_EDGE ( 'NONE', *, *, #12363, .T. ) ;
#8282 = VECTOR ( 'NONE', #3507, 1000.000000000000000 ) ;
#8283 = ORIENTED_EDGE ( 'NONE', *, *, #11333, .F. ) ;
#8284 = ORIENTED_EDGE ( 'NONE', *, *, #10986, .T. ) ;
#8285 = AXIS2_PLACEMENT_3D ( 'NONE', #209, #11763, #8729 ) ;
#8286 = DIRECTION ( 'NONE',  ( 0.000000000000000000, 0.000000000000000000, -1.000000000000000000 ) ) ;
#8287 =( GEOMETRIC_REPRESENTATION_CONTEXT ( 3 ) GLOBAL_UNCERTAINTY_ASSIGNED_CONTEXT ( ( #3155 ) ) GLOBAL_UNIT_ASSIGNED_CONTEXT ( ( #11846, #11777, #4278 ) ) REPRESENTATION_CONTEXT ( 'NONE', 'WORKASPACE' ) );
#8288 = DIRECTION ( 'NONE',  ( -0.000000000000000000, -1.000000000000000000, -0.000000000000000000 ) ) ;
#8289 = EDGE_LOOP ( 'NONE', ( #3839, #7276, #6611, #8870 ) ) ;
#8290 = DIRECTION ( 'NONE',  ( 0.000000000000000000, 0.000000000000000000, -1.000000000000000000 ) ) ;
#8291 = LINE ( 'NONE', #3053, #6938 ) ;
#8292 = EDGE_CURVE ( 'NONE', #8886, #1927, #3644, .T. ) ;
#8293 = EDGE_CURVE ( 'NONE', #3979, #12995, #1384, .T. ) ;
#8294 = VERTEX_POINT ( 'NONE', #7781 ) ;
#8295 = VERTEX_POINT ( 'NONE', #424 ) ;
#8296 = ADVANCED_FACE ( 'NONE', ( #7843 ), #5599, .T. ) ;
#8297 = LINE ( 'NONE', #7070, #12577 ) ;
#8298 = DIRECTION ( 'NONE',  ( 0.000000000000000000, -0.000000000000000000, 1.000000000000000000 ) ) ;
#8299 = ORIENTED_EDGE ( 'NONE', *, *, #2564, .F. ) ;
#8300 = AXIS2_PLACEMENT_3D ( 'NONE', #6578, #5618, #5821 ) ;
#8301 = STYLED_ITEM ( 'NONE', ( #5622 ), #5067 ) ;
#8302 = SURFACE_STYLE_FILL_AREA ( #4305 ) ;
#8303 = DIRECTION ( 'NONE',  ( 0.7071067811865365815, 0.000000000000000000, 0.7071067811865584529 ) ) ;
#8304 = FACE_OUTER_BOUND ( 'NONE', #11424, .T. ) ;
#8305 = CARTESIAN_POINT ( 'NONE',  ( -0.6749999999999993783, 0.06250000000000000000, -9.875000000000000000 ) ) ;
#8306 = AXIS2_PLACEMENT_3D ( 'NONE', #10680, #8680, #11637 ) ;
#8307 = DIRECTION ( 'NONE',  ( 0.7071067811865454633, 0.000000000000000000, -0.7071067811865496822 ) ) ;
#8308 = EDGE_CURVE ( 'NONE', #8063, #9623, #6827, .T. ) ;
#8309 = CARTESIAN_POINT ( 'NONE',  ( 1.250000000000000222, 0.1125000000000000028, -2.403000000000000025 ) ) ;
#8310 = EDGE_CURVE ( 'NONE', #11901, #8957, #11028, .T. ) ;
#8311 = ORIENTED_EDGE ( 'NONE', *, *, #9744, .F. ) ;
#8312 = SURFACE_STYLE_FILL_AREA ( #7142 ) ;
#8313 = DIRECTION ( 'NONE',  ( 0.000000000000000000, -0.000000000000000000, 1.000000000000000000 ) ) ;
#8314 = ORIENTED_EDGE ( 'NONE', *, *, #12437, .F. ) ;
#8315 = EDGE_CURVE ( 'NONE', #11474, #3551, #13023, .T. ) ;
#8316 = EDGE_CURVE ( 'NONE', #344, #8721, #497, .T. ) ;
#8317 = DIRECTION ( 'NONE',  ( 0.7071067811865584529, 0.000000000000000000, -0.7071067811865365815 ) ) ;
#8318 = CARTESIAN_POINT ( 'NONE',  ( 3.937500000000006217, 0.1125000000000000028, -3.937500000000127454 ) ) ;
#8319 = VERTEX_POINT ( 'NONE', #8891 ) ;
#8320 = VECTOR ( 'NONE', #5163, 1000.000000000000114 ) ;
#8321 = ORIENTED_EDGE ( 'NONE', *, *, #13596, .T. ) ;
#8322 = VERTEX_POINT ( 'NONE', #8956 ) ;
#8323 = VERTEX_POINT ( 'NONE', #1799 ) ;
#8324 = AXIS2_PLACEMENT_3D ( 'NONE', #11264, #13059, #598 ) ;
#8325 = DIRECTION ( 'NONE',  ( 0.000000000000000000, 0.000000000000000000, -1.000000000000000000 ) ) ;
#8326 = LINE ( 'NONE', #4120, #5715 ) ;
#8327 = DIRECTION ( 'NONE',  ( 1.000000000000000000, 0.000000000000000000, 0.000000000000000000 ) ) ;
#8328 = VECTOR ( 'NONE', #9167, 1000.000000000000000 ) ;
#8329 = VECTOR ( 'NONE', #5799, 1000.000000000000000 ) ;
#8330 = VECTOR ( 'NONE', #10486, 1000.000000000000000 ) ;
#8331 = ORIENTED_EDGE ( 'NONE', *, *, #9591, .F. ) ;
#8332 = ADVANCED_FACE ( 'NONE', ( #10339 ), #6007, .F. ) ;
#8333 = ORIENTED_EDGE ( 'NONE', *, *, #1398, .T. ) ;
#8334 = EDGE_CURVE ( 'NONE', #11134, #11002, #1864, .T. ) ;
#8335 =( NAMED_UNIT ( * ) SI_UNIT ( $, .STERADIAN. ) SOLID_ANGLE_UNIT ( ) );
#8336 = DIRECTION ( 'NONE',  ( 0.000000000000000000, 0.000000000000000000, 1.000000000000000000 ) ) ;
#8337 = EDGE_CURVE ( 'NONE', #751, #7820, #964, .T. ) ;
#8338 = ORIENTED_EDGE ( 'NONE', *, *, #11426, .F. ) ;
#8339 = DIRECTION ( 'NONE',  ( 0.000000000000000000, 1.000000000000000000, 0.000000000000000000 ) ) ;
#8340 = DIRECTION ( 'NONE',  ( -0.7071067811865147101, 0.000000000000000000, 0.7071067811865804353 ) ) ;
#8341 = ORIENTED_EDGE ( 'NONE', *, *, #6892, .F. ) ;
#8342 = AXIS2_PLACEMENT_3D ( 'NONE', #7578, #11015, #4741 ) ;
#8343 = AXIS2_PLACEMENT_3D ( 'NONE', #6234, #12493, #1890 ) ;
#8344 = AXIS2_PLACEMENT_3D ( 'NONE', #2879, #831, #6261 ) ;
#8345 = VECTOR ( 'NONE', #645, 1000.000000000000000 ) ;
#8346 = CARTESIAN_POINT ( 'NONE',  ( -1.114999999999999547, 0.06250000000000000000, -7.653000000000000469 ) ) ;
#8347 = CARTESIAN_POINT ( 'NONE',  ( 1.707500000000004237, 0.06250000000000000000, -8.390000000000002345 ) ) ;
#8348 = DIRECTION ( 'NONE',  ( -0.000000000000000000, 1.000000000000000000, -0.000000000000000000 ) ) ;
#8349 = DIRECTION ( 'NONE',  ( 0.000000000000000000, 0.000000000000000000, -1.000000000000000000 ) ) ;
#8350 = FACE_OUTER_BOUND ( 'NONE', #2549, .T. ) ;
#8351 = VECTOR ( 'NONE', #13032, 1000.000000000000000 ) ;
#8352 = EDGE_LOOP ( 'NONE', ( #13335, #9693, #5299, #7319, #3430, #3957, #2927, #8832, #12022, #8148, #6810, #3016, #4538, #2391, #1257, #4252 ) ) ;
#8353 = LINE ( 'NONE', #13451, #13188 ) ;
#8354 = AXIS2_PLACEMENT_3D ( 'NONE', #5803, #6959, #632 ) ;
#8355 = PLANE ( 'NONE',  #6011 ) ;
#8356 = DIRECTION ( 'NONE',  ( 0.000000000000000000, 0.000000000000000000, -1.000000000000000000 ) ) ;
#8357 = VECTOR ( 'NONE', #13382, 1000.000000000000000 ) ;
#8358 = ADVANCED_FACE ( 'NONE', ( #10411 ), #5166, .F. ) ;
#8359 =( NAMED_UNIT ( * ) SI_UNIT ( $, .STERADIAN. ) SOLID_ANGLE_UNIT ( ) );
#8360 = DIRECTION ( 'NONE',  ( 0.000000000000000000, 1.000000000000000000, 0.000000000000000000 ) ) ;
#8361 = ORIENTED_EDGE ( 'NONE', *, *, #3693, .F. ) ;
#8362 = EDGE_LOOP ( 'NONE', ( #1965, #9854, #8053, #12194 ) ) ;
#8363 = ORIENTED_EDGE ( 'NONE', *, *, #9427, .F. ) ;
#8364 = VECTOR ( 'NONE', #7986, 1000.000000000000000 ) ;
#8365 = LINE ( 'NONE', #241, #5575 ) ;
#8366 = DIRECTION ( 'NONE',  ( -1.000000000000000000, -0.000000000000000000, -0.000000000000000000 ) ) ;
#8367 = EDGE_LOOP ( 'NONE', ( #2487, #12427, #6820, #396 ) ) ;
#8368 = FACE_OUTER_BOUND ( 'NONE', #8367, .T. ) ;
#8369 = DIRECTION ( 'NONE',  ( -1.000000000000000000, 0.000000000000000000, 0.000000000000000000 ) ) ;
#8370 = LINE ( 'NONE', #37, #5131 ) ;
#8371 = VERTEX_POINT ( 'NONE', #8517 ) ;
#8372 = AXIS2_PLACEMENT_3D ( 'NONE', #1221, #9553, #124 ) ;
#8373 = AXIS2_PLACEMENT_3D ( 'NONE', #12278, #13063, #1356 ) ;
#8374 = ORIENTED_EDGE ( 'NONE', *, *, #11026, .T. ) ;
#8375 = CARTESIAN_POINT ( 'NONE',  ( 0.000000000000000000, 0.06250000000000000000, 0.000000000000000000 ) ) ;
#8376 = DIRECTION ( 'NONE',  ( 1.000000000000000000, 0.000000000000000000, -1.084202172485504631E-15 ) ) ;
#8377 = VERTEX_POINT ( 'NONE', #10212 ) ;
#8378 = EDGE_CURVE ( 'NONE', #1493, #9361, #115, .T. ) ;
#8379 = VECTOR ( 'NONE', #5074, 1000.000000000000000 ) ;
#8380 = EDGE_CURVE ( 'NONE', #6282, #10663, #11229, .T. ) ;
#8381 = AXIS2_PLACEMENT_3D ( 'NONE', #3242, #359, #8688 ) ;
#8382 = PLANE ( 'NONE',  #5263 ) ;
#8383 = DIRECTION ( 'NONE',  ( -0.000000000000000000, -0.000000000000000000, -1.000000000000000000 ) ) ;
#8384 = SURFACE_SIDE_STYLE ('',( #2106 ) ) ;
#8385 = DIRECTION ( 'NONE',  ( 0.000000000000000000, 0.000000000000000000, -1.000000000000000000 ) ) ;
#8386 = DIRECTION ( 'NONE',  ( -1.000000000000000000, 0.000000000000000000, 0.000000000000000000 ) ) ;
#8387 = VERTEX_POINT ( 'NONE', #6956 ) ;
#8388 = DIRECTION ( 'NONE',  ( -0.000000000000000000, 1.000000000000000000, -0.000000000000000000 ) ) ;
#8389 = DIRECTION ( 'NONE',  ( 0.000000000000000000, 0.000000000000000000, 1.000000000000000000 ) ) ;
#8390 = ORIENTED_EDGE ( 'NONE', *, *, #5733, .T. ) ;
#8391 = DIRECTION ( 'NONE',  ( -0.000000000000000000, 1.000000000000000000, -0.000000000000000000 ) ) ;
#8392 = CLOSED_SHELL ( 'NONE', ( #4360, #5654, #2521, #2850, #2563, #3359, #4979, #5686, #6657, #10205, #4441, #490, #4445, #10442, #8913, #1604, #6870, #8436 ) ) ;
#8393 = DIRECTION ( 'NONE',  ( -1.000000000000000000, -0.000000000000000000, -0.000000000000000000 ) ) ;
#8394 = ORIENTED_EDGE ( 'NONE', *, *, #6906, .T. ) ;
#8395 = AXIS2_PLACEMENT_3D ( 'NONE', #553, #7209, #4111 ) ;
#8396 = VERTEX_POINT ( 'NONE', #3992 ) ;
#8397 = ORIENTED_EDGE ( 'NONE', *, *, #4727, .F. ) ;
#8398 = ADVANCED_FACE ( 'NONE', ( #2949, #8052 ), #4903, .T. ) ;
#8399 = ADVANCED_FACE ( 'NONE', ( #11156 ), #4060, .F. ) ;
#8400 = LINE ( 'NONE', #4400, #10960 ) ;
#8401 = CARTESIAN_POINT ( 'NONE',  ( -0.6849999999999979439, 0.1125000000000000028, -7.653000000000000469 ) ) ;
#8402 = EDGE_CURVE ( 'NONE', #933, #13163, #1723, .T. ) ;
#8403 = CARTESIAN_POINT ( 'NONE',  ( -3.689539992968172378E-15, 0.06250000000000000000, -3.403000000000000025 ) ) ;
#8404 = VECTOR ( 'NONE', #5977, 1000.000000000000000 ) ;
#8405 = ORIENTED_EDGE ( 'NONE', *, *, #12928, .F. ) ;
#8406 = ORIENTED_EDGE ( 'NONE', *, *, #5375, .T. ) ;
#8407 = PLANE ( 'NONE',  #2412 ) ;
#8408 = DIRECTION ( 'NONE',  ( 0.000000000000000000, 1.000000000000000000, 0.000000000000000000 ) ) ;
#8409 = ORIENTED_EDGE ( 'NONE', *, *, #3481, .F. ) ;
#8410 = LINE ( 'NONE', #6138, #1791 ) ;
#8411 = PLANE ( 'NONE',  #451 ) ;
#8412 = ORIENTED_EDGE ( 'NONE', *, *, #3419, .F. ) ;
#8413 = CARTESIAN_POINT ( 'NONE',  ( 3.637499999999995293, 0.06250000000000000000, -3.637499999999973532 ) ) ;
#8414 = VECTOR ( 'NONE', #7616, 1000.000000000000000 ) ;
#8415 = VECTOR ( 'NONE', #8509, 1000.000000000000000 ) ;
#8416 = EDGE_CURVE ( 'NONE', #4610, #10523, #7026, .T. ) ;
#8417 = EDGE_CURVE ( 'NONE', #8918, #11848, #2884, .T. ) ;
#8418 = DIRECTION ( 'NONE',  ( 1.000000000000000000, 0.000000000000000000, 0.000000000000000000 ) ) ;
#8419 = EDGE_CURVE ( 'NONE', #509, #2341, #10267, .T. ) ;
#8420 = PLANE ( 'NONE',  #11600 ) ;
#8421 = CARTESIAN_POINT ( 'NONE',  ( 1.900000000000000577, 0.06250000000000000000, -2.403000000000000025 ) ) ;
#8422 = DIRECTION ( 'NONE',  ( -0.000000000000000000, -0.000000000000000000, -1.000000000000000000 ) ) ;
#8423 = VECTOR ( 'NONE', #6573, 1000.000000000000000 ) ;
#8424 = VECTOR ( 'NONE', #8386, 1000.000000000000000 ) ;
#8425 = ORIENTED_EDGE ( 'NONE', *, *, #11505, .F. ) ;
#8426 = DIRECTION ( 'NONE',  ( 0.000000000000000000, -0.000000000000000000, 1.000000000000000000 ) ) ;
#8427 = AXIS2_PLACEMENT_3D ( 'NONE', #2551, #13098, #6763 ) ;
#8428 = CARTESIAN_POINT ( 'NONE',  ( 4.187500000000003553, 0.06250000000000000000, -4.187500000000030198 ) ) ;
#8429 = LINE ( 'NONE', #5399, #8978 ) ;
#8430 = CARTESIAN_POINT ( 'NONE',  ( -1.425000000000000266, 0.06250000000000000000, -9.070000000000002061 ) ) ;
#8431 = EDGE_LOOP ( 'NONE', ( #4318, #3357, #12492, #11318 ) ) ;
#8432 = ORIENTED_EDGE ( 'NONE', *, *, #6395, .T. ) ;
#8433 = ORIENTED_EDGE ( 'NONE', *, *, #6376, .T. ) ;
#8434 = AXIS2_PLACEMENT_3D ( 'NONE', #105, #1133, #11472 ) ;
#8435 = CARTESIAN_POINT ( 'NONE',  ( 1.350000000000000089, 0.2530000000000000027, -1.542999999999999927 ) ) ;
#8436 = ADVANCED_FACE ( 'NONE', ( #835 ), #9298, .F. ) ;
#8437 = CARTESIAN_POINT ( 'NONE',  ( 0.07499999999999867883, 0.06250000000000000000, -9.799999999999998934 ) ) ;
#8438 = ORIENTED_EDGE ( 'NONE', *, *, #3966, .T. ) ;
#8439 = CARTESIAN_POINT ( 'NONE',  ( -0.9749999999999999778, 0.06250000000000000000, -9.875000000000000000 ) ) ;
#8440 = DIRECTION ( 'NONE',  ( 0.000000000000000000, -1.000000000000000000, 0.000000000000000000 ) ) ;
#8441 = CARTESIAN_POINT ( 'NONE',  ( -1.350000000000000311, 0.1125000000000000028, -9.724999999999996092 ) ) ;
#8442 = PLANE ( 'NONE',  #8434 ) ;
#8443 = ORIENTED_EDGE ( 'NONE', *, *, #4217, .T. ) ;
#8444 = VERTEX_POINT ( 'NONE', #7155 ) ;
#8445 = FACE_OUTER_BOUND ( 'NONE', #8019, .T. ) ;
#8446 = DIRECTION ( 'NONE',  ( -0.000000000000000000, -1.000000000000000000, -0.000000000000000000 ) ) ;
#8447 = ORIENTED_EDGE ( 'NONE', *, *, #13134, .T. ) ;
#8448 = CARTESIAN_POINT ( 'NONE',  ( 0.8499999999999994227, 0.4780000000000000360, 3.575000000000000178 ) ) ;
#8449 = LINE ( 'NONE', #184, #8742 ) ;
#8450 = FACE_OUTER_BOUND ( 'NONE', #8236, .T. ) ;
#8451 = CARTESIAN_POINT ( 'NONE',  ( -1.350000000000000533, 0.2530000000000000027, -5.612999999999999545 ) ) ;
#8452 = DIRECTION ( 'NONE',  ( 0.000000000000000000, 1.000000000000000000, 0.000000000000000000 ) ) ;
#8453 = CARTESIAN_POINT ( 'NONE',  ( -1.230000000000001092, 0.4780000000000000360, 2.295000000000000373 ) ) ;
#8454 = VERTEX_POINT ( 'NONE', #8262 ) ;
#8455 = DIRECTION ( 'NONE',  ( 1.000000000000000000, 0.000000000000000000, 0.000000000000000000 ) ) ;
#8456 = FACE_OUTER_BOUND ( 'NONE', #434, .T. ) ;
#8457 = EDGE_CURVE ( 'NONE', #8785, #11492, #11360, .T. ) ;
#8458 = VERTEX_POINT ( 'NONE', #3012 ) ;
#8459 = DIRECTION ( 'NONE',  ( -0.000000000000000000, 1.000000000000000000, 0.000000000000000000 ) ) ;
#8460 = DIRECTION ( 'NONE',  ( -0.000000000000000000, -0.000000000000000000, 1.000000000000000000 ) ) ;
#8461 = ORIENTED_EDGE ( 'NONE', *, *, #9343, .F. ) ;
#8462 = ORIENTED_EDGE ( 'NONE', *, *, #4497, .T. ) ;
#8463 = EDGE_LOOP ( 'NONE', ( #12881, #2381, #4849, #13216 ) ) ;
#8464 = ORIENTED_EDGE ( 'NONE', *, *, #11074, .T. ) ;
#8465 = DIRECTION ( 'NONE',  ( 0.000000000000000000, 0.000000000000000000, 1.000000000000000000 ) ) ;
#8466 = LINE ( 'NONE', #9562, #13152 ) ;
#8467 = ORIENTED_EDGE ( 'NONE', *, *, #11328, .T. ) ;
#8468 = ORIENTED_EDGE ( 'NONE', *, *, #2689, .T. ) ;
#8469 = SURFACE_STYLE_FILL_AREA ( #7637 ) ;
#8470 = DIRECTION ( 'NONE',  ( -0.000000000000000000, 1.000000000000000000, -0.000000000000000000 ) ) ;
#8471 = EDGE_CURVE ( 'NONE', #7419, #13140, #7220, .T. ) ;
#8472 = ORIENTED_EDGE ( 'NONE', *, *, #7717, .T. ) ;
#8473 = ADVANCED_FACE ( 'NONE', ( #3344 ), #12713, .T. ) ;
#8474 = FACE_OUTER_BOUND ( 'NONE', #10498, .T. ) ;
#8475 = DIRECTION ( 'NONE',  ( 0.000000000000000000, 0.000000000000000000, 1.000000000000000000 ) ) ;
#8476 = ORIENTED_EDGE ( 'NONE', *, *, #2167, .F. ) ;
#8477 = EDGE_CURVE ( 'NONE', #818, #7188, #2598, .T. ) ;
#8478 = DIRECTION ( 'NONE',  ( -0.000000000000000000, 0.000000000000000000, 1.000000000000000000 ) ) ;
#8479 = DIRECTION ( 'NONE',  ( 0.7071067811865356934, 0.000000000000000000, -0.7071067811865593411 ) ) ;
#8480 = SURFACE_STYLE_FILL_AREA ( #1112 ) ;
#8481 = CARTESIAN_POINT ( 'NONE',  ( -1.274999999999971267, 0.1125000000000000028, 3.686287386450611735E-15 ) ) ;
#8482 = ORIENTED_EDGE ( 'NONE', *, *, #11380, .F. ) ;
#8483 = CARTESIAN_POINT ( 'NONE',  ( -0.2019999999999985418, 2.080000000000000071, 9.329999999999998295 ) ) ;
#8484 = DIRECTION ( 'NONE',  ( -1.000000000000000000, 0.000000000000000000, 0.000000000000000000 ) ) ;
#8485 = LINE ( 'NONE', #3239, #4133 ) ;
#8486 = EDGE_CURVE ( 'NONE', #1716, #3368, #9892, .T. ) ;
#8487 = VECTOR ( 'NONE', #9965, 1000.000000000000000 ) ;
#8488 = ADVANCED_FACE ( 'NONE', ( #7482 ), #2302, .F. ) ;
#8489 = DIRECTION ( 'NONE',  ( 0.7071067811865465735, 0.000000000000000000, -0.7071067811865485719 ) ) ;
#8490 = DIRECTION ( 'NONE',  ( -0.000000000000000000, 1.000000000000000000, -0.000000000000000000 ) ) ;
#8491 = EDGE_LOOP ( 'NONE', ( #10044, #1621, #11455, #5614 ) ) ;
#8492 = ADVANCED_FACE ( 'NONE', ( #1278 ), #10857, .F. ) ;
#8493 = EDGE_CURVE ( 'NONE', #2961, #10232, #9612, .T. ) ;
#8494 = ORIENTED_EDGE ( 'NONE', *, *, #5652, .F. ) ;
#8495 = ORIENTED_EDGE ( 'NONE', *, *, #563, .F. ) ;
#8496 = CARTESIAN_POINT ( 'NONE',  ( 1.135735931288069711, 1.148578643762689699, 6.299999999999999822 ) ) ;
#8497 = VECTOR ( 'NONE', #7600, 1000.000000000000000 ) ;
#8498 = DIRECTION ( 'NONE',  ( 0.000000000000000000, 0.000000000000000000, -1.000000000000000000 ) ) ;
#8499 = VERTEX_POINT ( 'NONE', #5500 ) ;
#8500 = LINE ( 'NONE', #3454, #866 ) ;
#8501 = SURFACE_STYLE_FILL_AREA ( #4295 ) ;
#8502 = CARTESIAN_POINT ( 'NONE',  ( 1.649999999999999245, 0.4780000000000000360, 3.174999999999999822 ) ) ;
#8503 = FACE_OUTER_BOUND ( 'NONE', #9365, .T. ) ;
#8504 = EDGE_CURVE ( 'NONE', #6086, #5155, #2240, .T. ) ;
#8505 = ORIENTED_EDGE ( 'NONE', *, *, #4783, .T. ) ;
#8506 = ADVANCED_FACE ( 'NONE', ( #11744 ), #1212, .T. ) ;
#8507 = ORIENTED_EDGE ( 'NONE', *, *, #256, .T. ) ;
#8508 = EDGE_CURVE ( 'NONE', #8319, #6730, #11881, .T. ) ;
#8509 = DIRECTION ( 'NONE',  ( 1.000000000000000000, 0.000000000000000000, 0.000000000000000000 ) ) ;
#8510 = CARTESIAN_POINT ( 'NONE',  ( 2.574999999999998845, 0.1125000000000000028, -8.325000000000001066 ) ) ;
#8511 = VERTEX_POINT ( 'NONE', #4506 ) ;
#8512 = FACE_OUTER_BOUND ( 'NONE', #4423, .T. ) ;
#8513 = VECTOR ( 'NONE', #12884, 1000.000000000000000 ) ;
#8514 = CARTESIAN_POINT ( 'NONE',  ( -1.350000000000000977, 0.06250000000000000000, 0.000000000000000000 ) ) ;
#8515 = DIRECTION ( 'NONE',  ( 0.000000000000000000, 0.000000000000000000, -1.000000000000000000 ) ) ;
#8516 = LINE ( 'NONE', #6656, #6217 ) ;
#8517 = CARTESIAN_POINT ( 'NONE',  ( -1.900000000000000355, 0.1125000000000000028, -3.753000000000000114 ) ) ;
#8518 = DIRECTION ( 'NONE',  ( 0.7071067811865584529, 0.000000000000000000, -0.7071067811865365815 ) ) ;
#8519 = ORIENTED_EDGE ( 'NONE', *, *, #8726, .T. ) ;
#8520 = LINE ( 'NONE', #11612, #2643 ) ;
#8521 = PLANE ( 'NONE',  #221 ) ;
#8522 = ORIENTED_EDGE ( 'NONE', *, *, #12264, .T. ) ;
#8523 = LINE ( 'NONE', #3288, #5112 ) ;
#8524 = LINE ( 'NONE', #7415, #4852 ) ;
#8525 = VERTEX_POINT ( 'NONE', #6458 ) ;
#8526 = ORIENTED_EDGE ( 'NONE', *, *, #660, .F. ) ;
#8527 = ORIENTED_EDGE ( 'NONE', *, *, #4425, .F. ) ;
#8528 = DIRECTION ( 'NONE',  ( 0.000000000000000000, -1.000000000000000000, 0.000000000000000000 ) ) ;
#8529 = DIRECTION ( 'NONE',  ( -1.000000000000000000, 0.000000000000000000, 0.000000000000000000 ) ) ;
#8530 = VECTOR ( 'NONE', #12473, 1000.000000000000000 ) ;
#8531 = DIRECTION ( 'NONE',  ( -6.862039066363945233E-17, -1.000000000000000000, 0.000000000000000000 ) ) ;
#8532 = ORIENTED_EDGE ( 'NONE', *, *, #4273, .T. ) ;
#8533 = CIRCLE ( 'NONE', #1273, 0.4000000000000001887 ) ;
#8534 = EDGE_LOOP ( 'NONE', ( #11516, #7579, #7542, #12321, #7782, #2709, #5637, #12644, #1425, #1540, #5794, #2811 ) ) ;
#8535 = LINE ( 'NONE', #9637, #11626 ) ;
#8536 = VERTEX_POINT ( 'NONE', #6658 ) ;
#8537 = DIRECTION ( 'NONE',  ( 1.196361017915039437E-15, 0.000000000000000000, -1.000000000000000000 ) ) ;
#8538 = DIRECTION ( 'NONE',  ( -1.084202172485504828E-15, 0.000000000000000000, -1.000000000000000000 ) ) ;
#8539 = ORIENTED_EDGE ( 'NONE', *, *, #8707, .T. ) ;
#8540 = VECTOR ( 'NONE', #6659, 1000.000000000000000 ) ;
#8541 = PLANE ( 'NONE',  #1043 ) ;
#8542 = VECTOR ( 'NONE', #4966, 1000.000000000000000 ) ;
#8543 = DIRECTION ( 'NONE',  ( 0.000000000000000000, 1.000000000000000000, 0.000000000000000000 ) ) ;
#8544 = EDGE_CURVE ( 'NONE', #8605, #8595, #5424, .T. ) ;
#8545 = CARTESIAN_POINT ( 'NONE',  ( 2.199999999999999734, 0.2530000000000000027, -6.460000000000002629 ) ) ;
#8546 = EDGE_LOOP ( 'NONE', ( #6564, #11551, #6186, #4563, #2772 ) ) ;
#8547 = DIRECTION ( 'NONE',  ( 0.000000000000000000, -1.000000000000000000, 0.000000000000000000 ) ) ;
#8548 = CARTESIAN_POINT ( 'NONE',  ( 1.425000000000002487, 0.06250000000000000000, -9.070000000000002061 ) ) ;
#8549 = LINE ( 'NONE', #5250, #10125 ) ;
#8550 = DIRECTION ( 'NONE',  ( -0.000000000000000000, -1.000000000000000000, -0.000000000000000000 ) ) ;
#8551 = VECTOR ( 'NONE', #2814, 1000.000000000000000 ) ;
#8552 = CARTESIAN_POINT ( 'NONE',  ( -0.000000000000000000, 0.1125000000000000028, -9.875000000000000000 ) ) ;
#8553 = VECTOR ( 'NONE', #8973, 1000.000000000000000 ) ;
#8554 = ORIENTED_EDGE ( 'NONE', *, *, #4893, .F. ) ;
#8555 = AXIS2_PLACEMENT_3D ( 'NONE', #5175, #10423, #12748 ) ;
#8556 = VERTEX_POINT ( 'NONE', #5625 ) ;
#8558 = ORIENTED_EDGE ( 'NONE', *, *, #4117, .F. ) ;
#8557 = VECTOR ( 'NONE', #12474, 1000.000000000000000 ) ;
#8559 = CARTESIAN_POINT ( 'NONE',  ( -0.7500000000000066613, 0.06250000000000000000, -8.131516293641358197E-16 ) ) ;
#8560 = EDGE_CURVE ( 'NONE', #5755, #3055, #4381, .T. ) ;
#8561 = ADVANCED_FACE ( 'NONE', ( #8583 ), #8766, .T. ) ;
#8562 = VECTOR ( 'NONE', #6883, 1000.000000000000000 ) ;
#8563 = VECTOR ( 'NONE', #565, 1000.000000000000000 ) ;
#8564 = VECTOR ( 'NONE', #9735, 1000.000000000000000 ) ;
#8565 = EDGE_CURVE ( 'NONE', #444, #1002, #10790, .T. ) ;
#8566 = DIRECTION ( 'NONE',  ( -0.000000000000000000, 1.000000000000000000, 0.000000000000000000 ) ) ;
#8567 = VERTEX_POINT ( 'NONE', #8710 ) ;
#8568 = FACE_OUTER_BOUND ( 'NONE', #1815, .T. ) ;
#8569 = LINE ( 'NONE', #5555, #185 ) ;
#8570 = DIRECTION ( 'NONE',  ( -2.693669993752817464E-16, 0.000000000000000000, -1.000000000000000000 ) ) ;
#8571 = ORIENTED_EDGE ( 'NONE', *, *, #4357, .F. ) ;
#8572 = VERTEX_POINT ( 'NONE', #9810 ) ;
#8573 = DIRECTION ( 'NONE',  ( 1.000000000000000000, 0.000000000000000000, 4.119085594246160228E-15 ) ) ;
#8574 = VECTOR ( 'NONE', #6980, 1000.000000000000000 ) ;
#8575 = CARTESIAN_POINT ( 'NONE',  ( -2.200000000000000622, 0.4780000000000000360, -6.460000000000002629 ) ) ;
#8576 =( GEOMETRIC_REPRESENTATION_CONTEXT ( 3 ) GLOBAL_UNCERTAINTY_ASSIGNED_CONTEXT ( ( #13359 ) ) GLOBAL_UNIT_ASSIGNED_CONTEXT ( ( #4886, #5992, #5920 ) ) REPRESENTATION_CONTEXT ( 'NONE', 'WORKASPACE' ) );
#8577 = ORIENTED_EDGE ( 'NONE', *, *, #1922, .T. ) ;
#8578 = CARTESIAN_POINT ( 'NONE',  ( 1.950000000000000400, 0.4780000000000000360, -10.00000000000000000 ) ) ;
#8579 = EDGE_CURVE ( 'NONE', #9225, #3965, #12851, .T. ) ;
#8580 = ADVANCED_FACE ( 'NONE', ( #3468 ), #7680, .F. ) ;
#8581 = EDGE_CURVE ( 'NONE', #2247, #5396, #5763, .T. ) ;
#8582 = CARTESIAN_POINT ( 'NONE',  ( -2.200000000000000622, 0.1125000000000000028, -2.142999999999999794 ) ) ;
#8583 = FACE_OUTER_BOUND ( 'NONE', #7775, .T. ) ;
#8584 = VECTOR ( 'NONE', #6523, 1000.000000000000000 ) ;
#8585 = DIRECTION ( 'NONE',  ( 1.000000000000000000, 0.000000000000000000, 0.000000000000000000 ) ) ;
#8586 = FACE_OUTER_BOUND ( 'NONE', #7642, .T. ) ;
#8587 = DIRECTION ( 'NONE',  ( 0.7071067811865584529, 0.000000000000000000, -0.7071067811865365815 ) ) ;
#8588 = ORIENTED_EDGE ( 'NONE', *, *, #9650, .F. ) ;
#8589 = DIRECTION ( 'NONE',  ( -0.000000000000000000, -0.000000000000000000, -1.000000000000000000 ) ) ;
#8590 = CARTESIAN_POINT ( 'NONE',  ( 1.867500000000004823, 0.06250000000000000000, 0.000000000000000000 ) ) ;
#8591 = EDGE_CURVE ( 'NONE', #13555, #5089, #13058, .T. ) ;
#8592 = ORIENTED_EDGE ( 'NONE', *, *, #10908, .T. ) ;
#8593 = LINE ( 'NONE', #12796, #11913 ) ;
#8594 = DIRECTION ( 'NONE',  ( 0.7071067811865593411, 0.000000000000000000, 0.7071067811865358044 ) ) ;
#8595 = VERTEX_POINT ( 'NONE', #12156 ) ;
#8596 = ORIENTED_EDGE ( 'NONE', *, *, #1858, .F. ) ;
#8597 = VECTOR ( 'NONE', #5368, 1000.000000000000000 ) ;
#8598 = VERTEX_POINT ( 'NONE', #6034 ) ;
#8599 = PRESENTATION_LAYER_ASSIGNMENT (  '', '', ( #4862 ) ) ;
#8600 = FACE_OUTER_BOUND ( 'NONE', #11595, .T. ) ;
#8601 = DIRECTION ( 'NONE',  ( 0.000000000000000000, 0.000000000000000000, -1.000000000000000000 ) ) ;
#8602 = EDGE_CURVE ( 'NONE', #464, #6671, #9967, .T. ) ;
#8603 = DIRECTION ( 'NONE',  ( 1.000000000000000000, 0.000000000000000000, 0.000000000000000000 ) ) ;
#8604 = CARTESIAN_POINT ( 'NONE',  ( 4.602499999999985825, 0.06250000000000000000, -4.602500000000127933 ) ) ;
#8605 = VERTEX_POINT ( 'NONE', #5897 ) ;
#8606 = VERTEX_POINT ( 'NONE', #13326 ) ;
#8607 = DIRECTION ( 'NONE',  ( 0.000000000000000000, -1.000000000000000000, 0.000000000000000000 ) ) ;
#8608 = AXIS2_PLACEMENT_3D ( 'NONE', #8136, #12338, #11304 ) ;
#8609 = PLANE ( 'NONE',  #8342 ) ;
#8610 = ORIENTED_EDGE ( 'NONE', *, *, #10207, .F. ) ;
#8611 = DIRECTION ( 'NONE',  ( 0.000000000000000000, 1.000000000000000000, 0.000000000000000000 ) ) ;
#8612 = CARTESIAN_POINT ( 'NONE',  ( 2.149999999999999911, 0.2530000000000000027, -6.987373870972730217 ) ) ;
#8613 = VERTEX_POINT ( 'NONE', #2650 ) ;
#8614 = FACE_OUTER_BOUND ( 'NONE', #4266, .T. ) ;
#8615 = CARTESIAN_POINT ( 'NONE',  ( 1.707499999999999130, 0.1125000000000000028, 1.004762664596471313E-15 ) ) ;
#8616 = CARTESIAN_POINT ( 'NONE',  ( 1.742500000000004157, 0.06250000000000000000, -8.424999999999997158 ) ) ;
#8617 = CARTESIAN_POINT ( 'NONE',  ( 4.487500000000001599, 0.06250000000000000000, -4.487500000000030909 ) ) ;
#8618 = ORIENTED_EDGE ( 'NONE', *, *, #4384, .T. ) ;
#8619 = CARTESIAN_POINT ( 'NONE',  ( 1.100000000000000311, 0.1125000000000000028, -4.753000000000000114 ) ) ;
#8620 = DIRECTION ( 'NONE',  ( 0.000000000000000000, 0.000000000000000000, -1.000000000000000000 ) ) ;
#8621 = CARTESIAN_POINT ( 'NONE',  ( -1.950000000000001510, 0.4780000000000000360, -9.799999999999998934 ) ) ;
#8622 = VECTOR ( 'NONE', #12177, 1000.000000000000000 ) ;
#8623 = CARTESIAN_POINT ( 'NONE',  ( -0.3019999999999980478, 2.080000000000000071, 9.150000000000000355 ) ) ;
#8624 = VECTOR ( 'NONE', #13595, 1000.000000000000000 ) ;
#8625 = AXIS2_PLACEMENT_3D ( 'NONE', #5697, #8998, #2454 ) ;
#8626 = ORIENTED_EDGE ( 'NONE', *, *, #6895, .T. ) ;
#8627 = ADVANCED_FACE ( 'NONE', ( #12294 ), #532, .F. ) ;
#8628 = ORIENTED_EDGE ( 'NONE', *, *, #7321, .F. ) ;
#8629 = LINE ( 'NONE', #8496, #7315 ) ;
#8630 = AXIS2_PLACEMENT_3D ( 'NONE', #5566, #3541, #8709 ) ;
#8631 = CIRCLE ( 'NONE', #4230, 0.1749999999999998224 ) ;
#8632 = LINE ( 'NONE', #10520, #9443 ) ;
#8633 = AXIS2_PLACEMENT_3D ( 'NONE', #9178, #9248, #8349 ) ;
#8634 = DIRECTION ( 'NONE',  ( 0.000000000000000000, 0.000000000000000000, 1.000000000000000000 ) ) ;
#8635 = CARTESIAN_POINT ( 'NONE',  ( -0.2249999999999995060, 0.06250000000000000000, -9.875000000000000000 ) ) ;
#8636 = CARTESIAN_POINT ( 'NONE',  ( -1.691999999999997950, 1.089999999999999414, 7.799999999999999822 ) ) ;
#8637 = LINE ( 'NONE', #10776, #1622 ) ;
#8638 = ORIENTED_EDGE ( 'NONE', *, *, #11990, .T. ) ;
#8639 = ORIENTED_EDGE ( 'NONE', *, *, #5307, .F. ) ;
#8640 = ADVANCED_FACE ( 'NONE', ( #2851 ), #10237, .F. ) ;
#8641 = ADVANCED_FACE ( 'NONE', ( #597 ), #7063, .T. ) ;
#8642 = AXIS2_PLACEMENT_3D ( 'NONE', #6371, #10578, #11329 ) ;
#8643 = CARTESIAN_POINT ( 'NONE',  ( 1.500000000000000666, 0.06250000000000000000, -3.402999999999999581 ) ) ;
#8644 = VERTEX_POINT ( 'NONE', #11263 ) ;
#8645 = EDGE_CURVE ( 'NONE', #9987, #9214, #10989, .T. ) ;
#8646 = LINE ( 'NONE', #2362, #7966 ) ;
#8647 = DIRECTION ( 'NONE',  ( 2.942203995890114589E-16, 0.000000000000000000, -1.000000000000000000 ) ) ;
#8648 = LINE ( 'NONE', #6515, #6341 ) ;
#8649 = CARTESIAN_POINT ( 'NONE',  ( -0.4500000000000001221, 0.06250000000000000000, -3.402999999999999581 ) ) ;
#8650 = DIRECTION ( 'NONE',  ( 0.000000000000000000, 1.000000000000000000, 0.000000000000000000 ) ) ;
#8651 = LINE ( 'NONE', #5425, #8540 ) ;
#8652 = LINE ( 'NONE', #4451, #479 ) ;
#8653 = DIRECTION ( 'NONE',  ( 0.000000000000000000, 1.000000000000000000, 0.000000000000000000 ) ) ;
#8654 = EDGE_LOOP ( 'NONE', ( #10620, #9300, #11755, #8656 ) ) ;
#8655 = CARTESIAN_POINT ( 'NONE',  ( 0.000000000000000000, 0.06250000000000000000, -4.753000000000000114 ) ) ;
#8656 = ORIENTED_EDGE ( 'NONE', *, *, #2229, .T. ) ;
#8657 = EDGE_CURVE ( 'NONE', #101, #4439, #5828, .T. ) ;
#8658 = CARTESIAN_POINT ( 'NONE',  ( 2.149999999999999911, 0.2530000000000000027, -6.987373870972730217 ) ) ;
#8659 = ADVANCED_FACE ( 'NONE', ( #8856 ), #6925, .T. ) ;
#8660 = LINE ( 'NONE', #12862, #10369 ) ;
#8661 = ORIENTED_EDGE ( 'NONE', *, *, #5153, .T. ) ;
#8662 = VERTEX_POINT ( 'NONE', #2781 ) ;
#8663 = ORIENTED_EDGE ( 'NONE', *, *, #2928, .F. ) ;
#8664 = EDGE_CURVE ( 'NONE', #1884, #444, #4786, .T. ) ;
#8665 = EDGE_LOOP ( 'NONE', ( #6498, #4479, #5771, #3909 ) ) ;
#8666 = DIRECTION ( 'NONE',  ( 0.7071067811865584529, 0.000000000000000000, -0.7071067811865365815 ) ) ;
#8667 = LINE ( 'NONE', #4667, #7905 ) ;
#8668 = SURFACE_STYLE_FILL_AREA ( #1166 ) ;
#8669 = CARTESIAN_POINT ( 'NONE',  ( -1.707500000000000684, 0.1125000000000000028, -0.000000000000000000 ) ) ;
#8670 = ORIENTED_EDGE ( 'NONE', *, *, #7146, .F. ) ;
#8671 = ORIENTED_EDGE ( 'NONE', *, *, #584, .T. ) ;
#8672 = CARTESIAN_POINT ( 'NONE',  ( -2.750000000000000888, 0.4780000000000000360, -8.500000000000001776 ) ) ;
#8673 = PLANE ( 'NONE',  #7018 ) ;
#8674 = VERTEX_POINT ( 'NONE', #13193 ) ;
#8675 = LINE ( 'NONE', #6615, #2664 ) ;
#8676 = CARTESIAN_POINT ( 'NONE',  ( 2.149999999999999911, 0.2530000000000000027, -8.125000000000000000 ) ) ;
#8677 = EDGE_CURVE ( 'NONE', #8377, #1513, #3747, .T. ) ;
#8678 = ORIENTED_EDGE ( 'NONE', *, *, #10310, .F. ) ;
#8679 = EDGE_CURVE ( 'NONE', #6920, #9140, #2572, .T. ) ;
#8680 = DIRECTION ( 'NONE',  ( 0.7071067811865365815, 0.000000000000000000, 0.7071067811865584529 ) ) ;
#8681 = DIRECTION ( 'NONE',  ( 1.000000000000000000, 0.000000000000000000, 0.000000000000000000 ) ) ;
#8682 = FILL_AREA_STYLE_COLOUR ( '', #6969 ) ;
#8683 = APPLICATION_PROTOCOL_DEFINITION ( 'draft international standard', 'automotive_design', 1998, #4944 ) ;
#8684 = DIRECTION ( 'NONE',  ( -0.000000000000000000, 1.000000000000000000, -0.000000000000000000 ) ) ;
#8685 = ORIENTED_EDGE ( 'NONE', *, *, #11672, .T. ) ;
#8686 = FACE_OUTER_BOUND ( 'NONE', #3141, .T. ) ;
#8687 = CARTESIAN_POINT ( 'NONE',  ( 2.574999999999998845, 0.4780000000000000360, -8.875000000000000000 ) ) ;
#8688 = DIRECTION ( 'NONE',  ( -0.7071067811865497932, 0.000000000000000000, -0.7071067811865452413 ) ) ;
#8689 = DIRECTION ( 'NONE',  ( 4.625929269271459921E-14, 0.000000000000000000, -1.000000000000000000 ) ) ;
#8690 = EDGE_LOOP ( 'NONE', ( #8132, #2070, #10937, #11129 ) ) ;
#8691 = ORIENTED_EDGE ( 'NONE', *, *, #12701, .T. ) ;
#8692 = FACE_OUTER_BOUND ( 'NONE', #7816, .T. ) ;
#8693 = FACE_OUTER_BOUND ( 'NONE', #7625, .T. ) ;
#8694 = AXIS2_PLACEMENT_3D ( 'NONE', #6716, #7679, #2647 ) ;
#8695 = CARTESIAN_POINT ( 'NONE',  ( 1.350000000000000089, 0.1125000000000000028, -9.125000000000000000 ) ) ;
#8696 = CYLINDRICAL_SURFACE ( 'NONE', #2388, 0.4000000000000001887 ) ;
#8697 = CARTESIAN_POINT ( 'NONE',  ( -0.1799999999999974398, 0.06250000000000000000, 0.000000000000000000 ) ) ;
#8698 = CARTESIAN_POINT ( 'NONE',  ( -1.149999999999998579, 0.1125000000000000028, -8.424999999999997158 ) ) ;
#8699 = ORIENTED_EDGE ( 'NONE', *, *, #10351, .F. ) ;
#8700 = ORIENTED_EDGE ( 'NONE', *, *, #3924, .F. ) ;
#8701 = FACE_OUTER_BOUND ( 'NONE', #6163, .T. ) ;
#8702 = ORIENTED_EDGE ( 'NONE', *, *, #6712, .F. ) ;
#8703 = VECTOR ( 'NONE', #3122, 1000.000000000000000 ) ;
#8704 = DIRECTION ( 'NONE',  ( 0.7071067811865497932, 0.000000000000000000, -0.7071067811865452413 ) ) ;
#8705 =( NAMED_UNIT ( * ) SI_UNIT ( $, .STERADIAN. ) SOLID_ANGLE_UNIT ( ) );
#8706 = EDGE_CURVE ( 'NONE', #10245, #9354, #10102, .T. ) ;
#8707 = EDGE_CURVE ( 'NONE', #4968, #2711, #3883, .T. ) ;
#8708 = PLANE ( 'NONE',  #4517 ) ;
#8709 = DIRECTION ( 'NONE',  ( 0.000000000000000000, 0.000000000000000000, -1.000000000000000000 ) ) ;
#8710 = CARTESIAN_POINT ( 'NONE',  ( 1.249999999999999334, 0.1125000000000000028, -9.025000000000000355 ) ) ;
#8711 = PLANE ( 'NONE',  #11837 ) ;
#8712 = LINE ( 'NONE', #7405, #12016 ) ;
#8713 = PRODUCT_RELATED_PRODUCT_CATEGORY ( 'part', '', ( #3023 ) ) ;
#8714 = CARTESIAN_POINT ( 'NONE',  ( 1.829999999999999183, 0.4780000000000000360, 2.494999999999999662 ) ) ;
#8715 = ORIENTED_EDGE ( 'NONE', *, *, #3451, .T. ) ;
#8716 = CARTESIAN_POINT ( 'NONE',  ( -2.200000000000000622, 0.000000000000000000, 0.3499999999999987566 ) ) ;
#8717 = ORIENTED_EDGE ( 'NONE', *, *, #13035, .F. ) ;
#8718 = DIRECTION ( 'NONE',  ( -0.000000000000000000, 1.000000000000000000, -0.000000000000000000 ) ) ;
#8719 = CARTESIAN_POINT ( 'NONE',  ( 2.350000000000000089, 0.1125000000000000028, -8.875000000000000000 ) ) ;
#8720 = EDGE_LOOP ( 'NONE', ( #7595, #5063, #12593, #3810 ) ) ;
#8721 = VERTEX_POINT ( 'NONE', #4861 ) ;
#8722 = ORIENTED_EDGE ( 'NONE', *, *, #5878, .T. ) ;
#8723 = ORIENTED_EDGE ( 'NONE', *, *, #10666, .F. ) ;
#8724 = LINE ( 'NONE', #13135, #8106 ) ;
#8725 = DIRECTION ( 'NONE',  ( 0.000000000000000000, -1.000000000000000000, 0.000000000000000000 ) ) ;
#8726 = EDGE_CURVE ( 'NONE', #7294, #10218, #6782, .T. ) ;
#8727 = EDGE_CURVE ( 'NONE', #8536, #3553, #208, .T. ) ;
#8728 = DIRECTION ( 'NONE',  ( 0.000000000000000000, 0.000000000000000000, 1.000000000000000000 ) ) ;
#8729 = DIRECTION ( 'NONE',  ( 0.000000000000000000, 0.000000000000000000, 1.000000000000000000 ) ) ;
#8730 = EDGE_CURVE ( 'NONE', #10142, #8878, #1955, .T. ) ;
#8731 = ADVANCED_FACE ( 'NONE', ( #8368 ), #7184, .T. ) ;
#8732 = ORIENTED_EDGE ( 'NONE', *, *, #1480, .F. ) ;
#8733 = VERTEX_POINT ( 'NONE', #8439 ) ;
#8734 =( LENGTH_UNIT ( ) NAMED_UNIT ( * ) SI_UNIT ( .MILLI., .METRE. ) );
#8735 = CARTESIAN_POINT ( 'NONE',  ( -1.742500000000000826, 0.1125000000000000028, -0.000000000000000000 ) ) ;
#8736 = ORIENTED_EDGE ( 'NONE', *, *, #13115, .F. ) ;
#8737 = CARTESIAN_POINT ( 'NONE',  ( 0.8500000000000003109, 0.06250000000000000000, -2.403000000000000025 ) ) ;
#8738 = DIRECTION ( 'NONE',  ( 1.000000000000000000, 0.000000000000000000, 0.000000000000000000 ) ) ;
#8739 = EDGE_LOOP ( 'NONE', ( #9778, #5128, #5768, #5371 ) ) ;
#8740 = PLANE ( 'NONE',  #13588 ) ;
#8741 = AXIS2_PLACEMENT_3D ( 'NONE', #622, #9027, #9996 ) ;
#8742 = VECTOR ( 'NONE', #7401, 1000.000000000000000 ) ;
#8743 = CARTESIAN_POINT ( 'NONE',  ( -1.415000000000000036, 0.06250000000000000000, -7.653000000000000469 ) ) ;
#8744 = AXIS2_PLACEMENT_3D ( 'NONE', #12934, #8941, #3558 ) ;
#8745 = EDGE_CURVE ( 'NONE', #9804, #2494, #11590, .T. ) ;
#8746 = SURFACE_STYLE_FILL_AREA ( #7586 ) ;
#8747 = EDGE_CURVE ( 'NONE', #1290, #2498, #10574, .T. ) ;
#8748 = LINE ( 'NONE', #13155, #640 ) ;
#8749 = ADVANCED_FACE ( 'NONE', ( #7389 ), #9331, .F. ) ;
#8750 = ORIENTED_EDGE ( 'NONE', *, *, #6950, .F. ) ;
#8751 = DIRECTION ( 'NONE',  ( -0.000000000000000000, 1.000000000000000000, -0.000000000000000000 ) ) ;
#8752 = DIRECTION ( 'NONE',  ( 2.693669993752811547E-16, 0.000000000000000000, -1.000000000000000000 ) ) ;
#8753 = DIRECTION ( 'NONE',  ( 1.000000000000000000, 0.000000000000000000, -5.421010862427526114E-16 ) ) ;
#8754 = PLANE ( 'NONE',  #5518 ) ;
#8755 = ORIENTED_EDGE ( 'NONE', *, *, #2627, .T. ) ;
#8756 = VECTOR ( 'NONE', #1848, 1000.000000000000000 ) ;
#8757 = ORIENTED_EDGE ( 'NONE', *, *, #13350, .T. ) ;
#8758 = VECTOR ( 'NONE', #3804, 1000.000000000000000 ) ;
#8759 = CARTESIAN_POINT ( 'NONE',  ( 1.942500000000000338, 0.06250000000000000000, 8.131516293641288185E-16 ) ) ;
#8760 = CARTESIAN_POINT ( 'NONE',  ( 0.1799999999999989664, 0.06250000000000000000, -9.025000000000000355 ) ) ;
#8761 = EDGE_CURVE ( 'NONE', #9354, #602, #10505, .T. ) ;
#8762 = CARTESIAN_POINT ( 'NONE',  ( -1.350000000000000977, 0.06250000000000000000, -2.403000000000000025 ) ) ;
#8763 = VECTOR ( 'NONE', #5602, 1000.000000000000000 ) ;
#8764 = ORIENTED_EDGE ( 'NONE', *, *, #10837, .T. ) ;
#8765 = DIRECTION ( 'NONE',  ( -1.000000000000000000, 0.000000000000000000, 0.000000000000000000 ) ) ;
#8766 = TOROIDAL_SURFACE ( 'NONE', #12290, 0.07550020016016041613, 2.000000000000000000 ) ;
#8767 = FACE_OUTER_BOUND ( 'NONE', #6905, .T. ) ;
#8768 = DIRECTION ( 'NONE',  ( -1.000000000000000000, 0.000000000000000000, 0.000000000000000000 ) ) ;
#8769 = VECTOR ( 'NONE', #901, 1000.000000000000000 ) ;
#8770 = ORIENTED_EDGE ( 'NONE', *, *, #8045, .F. ) ;
#8771 = ORIENTED_EDGE ( 'NONE', *, *, #11781, .F. ) ;
#8772 = DIRECTION ( 'NONE',  ( 0.000000000000000000, -0.000000000000000000, 1.000000000000000000 ) ) ;
#8773 = ORIENTED_EDGE ( 'NONE', *, *, #8645, .F. ) ;
#8774 = VECTOR ( 'NONE', #12073, 1000.000000000000000 ) ;
#8775 = VECTOR ( 'NONE', #3050, 1000.000000000000000 ) ;
#8776 = FACE_OUTER_BOUND ( 'NONE', #1437, .T. ) ;
#8777 = VECTOR ( 'NONE', #11338, 1000.000000000000000 ) ;
#8778 = LINE ( 'NONE', #1810, #5456 ) ;
#8779 = VECTOR ( 'NONE', #3029, 1000.000000000000000 ) ;
#8780 = CARTESIAN_POINT ( 'NONE',  ( -1.717500000000000915, 0.06250000000000000000, -9.875000000000000000 ) ) ;
#8781 = DIRECTION ( 'NONE',  ( 1.000000000000000000, 0.000000000000000000, 2.647983596301103623E-15 ) ) ;
#8782 = CYLINDRICAL_SURFACE ( 'NONE', #6339, 0.9999999999999991118 ) ;
#8783 = LINE ( 'NONE', #5627, #10549 ) ;
#8784 = DIRECTION ( 'NONE',  ( -0.7071067811865584529, 0.000000000000000000, -0.7071067811865365815 ) ) ;
#8785 = VERTEX_POINT ( 'NONE', #5266 ) ;
#8786 = VECTOR ( 'NONE', #13095, 1000.000000000000000 ) ;
#8787 = VECTOR ( 'NONE', #10432, 1000.000000000000000 ) ;
#8788 = EDGE_LOOP ( 'NONE', ( #137, #5784, #11152, #7424 ) ) ;
#8789 = DIRECTION ( 'NONE',  ( 0.000000000000000000, 0.000000000000000000, -1.000000000000000000 ) ) ;
#8790 = DIRECTION ( 'NONE',  ( 4.625929269271459921E-14, 0.000000000000000000, -1.000000000000000000 ) ) ;
#8791 = ORIENTED_EDGE ( 'NONE', *, *, #8, .F. ) ;
#8792 = ORIENTED_EDGE ( 'NONE', *, *, #2567, .T. ) ;
#8793 = ADVANCED_FACE ( 'NONE', ( #11530, #9466 ), #33, .F. ) ;
#8794 = VERTEX_POINT ( 'NONE', #6171 ) ;
#8795 = ORIENTED_EDGE ( 'NONE', *, *, #3593, .T. ) ;
#8796 = AXIS2_PLACEMENT_3D ( 'NONE', #13015, #11975, #13081 ) ;
#8797 = CARTESIAN_POINT ( 'NONE',  ( 1.415000000000004698, 0.06250000000000000000, -4.163218654184525865E-16 ) ) ;
#8798 = DIRECTION ( 'NONE',  ( 1.000000000000000000, 0.000000000000000000, 4.625929269271459921E-14 ) ) ;
#8799 = CARTESIAN_POINT ( 'NONE',  ( -0.8019999999999977147, 2.080000000000000071, 9.329999999999998295 ) ) ;
#8800 = DIRECTION ( 'NONE',  ( 1.000000000000000000, 0.000000000000000000, 0.000000000000000000 ) ) ;
#8801 = ORIENTED_EDGE ( 'NONE', *, *, #7238, .T. ) ;
#8802 = ORIENTED_EDGE ( 'NONE', *, *, #1349, .F. ) ;
#8803 = CARTESIAN_POINT ( 'NONE',  ( -2.750000000000000888, 0.2530000000000000027, -8.699999999999997513 ) ) ;
#8804 = LINE ( 'NONE', #343, #12303 ) ;
#8805 = ORIENTED_EDGE ( 'NONE', *, *, #12027, .F. ) ;
#8806 = PLANE ( 'NONE',  #10814 ) ;
#8807 = VECTOR ( 'NONE', #8460, 1000.000000000000000 ) ;
#8808 = CARTESIAN_POINT ( 'NONE',  ( 4.487500000000001599, 0.06250000000000000000, -4.487500000000030909 ) ) ;
#8809 = VECTOR ( 'NONE', #3142, 1000.000000000000000 ) ;
#8810 = ORIENTED_EDGE ( 'NONE', *, *, #9687, .F. ) ;
#8811 = EDGE_CURVE ( 'NONE', #1889, #10582, #12431, .T. ) ;
#8812 = CARTESIAN_POINT ( 'NONE',  ( 0.9500000000000005107, 0.000000000000000000, -1.543000000000000149 ) ) ;
#8813 = ADVANCED_FACE ( 'NONE', ( #4998 ), #6367, .F. ) ;
#8814 = EDGE_LOOP ( 'NONE', ( #3091, #1659, #7655, #13000 ) ) ;
#8815 = EDGE_CURVE ( 'NONE', #4860, #696, #6582, .T. ) ;
#8816 = CARTESIAN_POINT ( 'NONE',  ( -0.000000000000000000, 0.1125000000000000028, -9.875000000000000000 ) ) ;
#8817 = SURFACE_STYLE_FILL_AREA ( #2613 ) ;
#8818 = VECTOR ( 'NONE', #8099, 1000.000000000000000 ) ;
#8819 = VECTOR ( 'NONE', #2954, 1000.000000000000000 ) ;
#8820 = CARTESIAN_POINT ( 'NONE',  ( 0.000000000000000000, 0.06250000000000000000, 0.000000000000000000 ) ) ;
#8821 = ORIENTED_EDGE ( 'NONE', *, *, #4156, .T. ) ;
#8822 = ORIENTED_EDGE ( 'NONE', *, *, #13301, .F. ) ;
#8823 = DIRECTION ( 'NONE',  ( -0.000000000000000000, -0.000000000000000000, -1.000000000000000000 ) ) ;
#8824 = DIRECTION ( 'NONE',  ( 0.000000000000000000, -1.000000000000000000, 0.000000000000000000 ) ) ;
#8825 = CARTESIAN_POINT ( 'NONE',  ( 0.3850000000000033951, 0.06250000000000000000, -8.389999999999998792 ) ) ;
#8826 = LINE ( 'NONE', #4832, #8351 ) ;
#8827 = ORIENTED_EDGE ( 'NONE', *, *, #12530, .F. ) ;
#8828 = EDGE_CURVE ( 'NONE', #8011, #8237, #9391, .T. ) ;
#8829 = CLOSED_SHELL ( 'NONE', ( #4380, #10842, #11342, #7217, #4463, #13050, #507, #6967, #11351, #12299, #8184, #3017, #3063, #911, #10077, #7592, #13222, #2726 ) ) ;
#8830 = EDGE_CURVE ( 'NONE', #10469, #3366, #13400, .T. ) ;
#8831 = VECTOR ( 'NONE', #10403, 1000.000000000000000 ) ;
#8832 = ORIENTED_EDGE ( 'NONE', *, *, #11521, .T. ) ;
#8833 = EDGE_CURVE ( 'NONE', #4655, #12096, #2919, .T. ) ;
#8834 = FACE_OUTER_BOUND ( 'NONE', #12283, .T. ) ;
#8835 = LINE ( 'NONE', #3730, #13180 ) ;
#8836 = CARTESIAN_POINT ( 'NONE',  ( -2.200000000000000622, 0.000000000000000000, 10.00000000000000000 ) ) ;
#8837 = AXIS2_PLACEMENT_3D ( 'NONE', #7906, #1784, #13288 ) ;
#8838 = EDGE_LOOP ( 'NONE', ( #10942, #10270, #723, #10331, #1192, #1170, #1293, #11075, #4959, #2309, #10664, #819, #1375, #2849, #10384, #11186 ) ) ;
#8839 = FACE_OUTER_BOUND ( 'NONE', #9555, .T. ) ;
#8840 = AXIS2_PLACEMENT_3D ( 'NONE', #9901, #329, #9821 ) ;
#8841 = DIRECTION ( 'NONE',  ( 1.084202172485504828E-15, 0.000000000000000000, -1.000000000000000000 ) ) ;
#8842 = ORIENTED_EDGE ( 'NONE', *, *, #63, .T. ) ;
#8843 = DIRECTION ( 'NONE',  ( 0.000000000000000000, 0.000000000000000000, 1.000000000000000000 ) ) ;
#8844 = ORIENTED_EDGE ( 'NONE', *, *, #7180, .T. ) ;
#8845 = LINE ( 'NONE', #10979, #12692 ) ;
#8846 = EDGE_CURVE ( 'NONE', #10931, #12611, #7123, .T. ) ;
#8847 = ORIENTED_EDGE ( 'NONE', *, *, #7475, .T. ) ;
#8848 = EDGE_CURVE ( 'NONE', #8371, #11752, #6095, .T. ) ;
#8849 = MECHANICAL_DESIGN_GEOMETRIC_PRESENTATION_REPRESENTATION (  '', ( #4452 ), #1813 ) ;
#8850 = VECTOR ( 'NONE', #8784, 1000.000000000000000 ) ;
#8851 = AXIS2_PLACEMENT_3D ( 'NONE', #5049, #11514, #4070 ) ;
#8852 = CARTESIAN_POINT ( 'NONE',  ( -1.350000000000000977, 0.1125000000000000028, -0.000000000000000000 ) ) ;
#8853 = ADVANCED_FACE ( 'NONE', ( #5197 ), #9267, .T. ) ;
#8854 = LINE ( 'NONE', #3745, #2537 ) ;
#8855 = ORIENTED_EDGE ( 'NONE', *, *, #1466, .T. ) ;
#8856 = FACE_OUTER_BOUND ( 'NONE', #8665, .T. ) ;
#8857 = CARTESIAN_POINT ( 'NONE',  ( 2.350000000000000089, 0.000000000000000000, -8.325000000000001066 ) ) ;
#8858 = CARTESIAN_POINT ( 'NONE',  ( -4.902499999999976765, 0.1125000000000000028, -4.902500000000128644 ) ) ;
#8859 = AXIS2_PLACEMENT_3D ( 'NONE', #7110, #1879, #13452 ) ;
#8860 = CARTESIAN_POINT ( 'NONE',  ( -2.200000000000000622, 0.000000000000000000, 6.300000000000000711 ) ) ;
#8861 = VECTOR ( 'NONE', #2784, 1000.000000000000000 ) ;
#8862 = ORIENTED_EDGE ( 'NONE', *, *, #4117, .T. ) ;
#8863 = SURFACE_STYLE_FILL_AREA ( #10921 ) ;
#8864 = VECTOR ( 'NONE', #5337, 1000.000000000000000 ) ;
#8865 = EDGE_LOOP ( 'NONE', ( #5524, #1576, #8231, #10188 ) ) ;
#8866 = LINE ( 'NONE', #3684, #6431 ) ;
#8867 = CARTESIAN_POINT ( 'NONE',  ( -1.350000000000000977, 0.1125000000000000028, -2.403000000000000025 ) ) ;
#8868 = ORIENTED_EDGE ( 'NONE', *, *, #1084, .F. ) ;
#8869 = VERTEX_POINT ( 'NONE', #2974 ) ;
#8870 = ORIENTED_EDGE ( 'NONE', *, *, #10283, .T. ) ;
#8871 = VERTEX_POINT ( 'NONE', #4559 ) ;
#8872 = AXIS2_PLACEMENT_3D ( 'NONE', #4104, #6110, #5214 ) ;
#8873 = DIRECTION ( 'NONE',  ( 0.000000000000000000, 0.000000000000000000, -1.000000000000000000 ) ) ;
#8874 = DIRECTION ( 'NONE',  ( -1.000000000000000000, 0.000000000000000000, -0.000000000000000000 ) ) ;
#8875 = FILL_AREA_STYLE_COLOUR ( '', #2588 ) ;
#8876 = ADVANCED_FACE ( 'NONE', ( #2495 ), #9738, .F. ) ;
#8877 = DIRECTION ( 'NONE',  ( 1.000000000000000000, -0.000000000000000000, 0.000000000000000000 ) ) ;
#8878 = VERTEX_POINT ( 'NONE', #11937 ) ;
#8879 = EDGE_LOOP ( 'NONE', ( #7762, #6601, #607, #3948 ) ) ;
#8880 = LINE ( 'NONE', #616, #13199 ) ;
#8881 = LINE ( 'NONE', #6741, #13406 ) ;
#8882 = ORIENTED_EDGE ( 'NONE', *, *, #2434, .T. ) ;
#8883 = DIRECTION ( 'NONE',  ( -1.000000000000000000, -0.000000000000000000, -0.000000000000000000 ) ) ;
#8884 =( GEOMETRIC_REPRESENTATION_CONTEXT ( 3 ) GLOBAL_UNCERTAINTY_ASSIGNED_CONTEXT ( ( #1658 ) ) GLOBAL_UNIT_ASSIGNED_CONTEXT ( ( #4307, #6249, #6386 ) ) REPRESENTATION_CONTEXT ( 'NONE', 'WORKASPACE' ) );
#8885 = LINE ( 'NONE', #11149, #8364 ) ;
#8886 = VERTEX_POINT ( 'NONE', #9796 ) ;
#8887 = PLANE ( 'NONE',  #8970 ) ;
#8888 = EDGE_LOOP ( 'NONE', ( #8505, #8827, #12109, #12738 ) ) ;
#8889 = PLANE ( 'NONE',  #7875 ) ;
#8890 = LINE ( 'NONE', #2746, #8955 ) ;
#8891 = CARTESIAN_POINT ( 'NONE',  ( 0.8250000000000010658, 0.06250000000000000000, -9.070000000000003837 ) ) ;
#8892 = EDGE_CURVE ( 'NONE', #10208, #2973, #9596, .T. ) ;
#8893 = EDGE_LOOP ( 'NONE', ( #4395, #10414, #1561, #8715 ) ) ;
#8894 = ADVANCED_FACE ( 'NONE', ( #3526 ), #8696, .F. ) ;
#8895 = VERTEX_POINT ( 'NONE', #1263 ) ;
#8896 = CARTESIAN_POINT ( 'NONE',  ( 2.350000000000000089, 0.1125000000000000028, -8.875000000000000000 ) ) ;
#8897 = CARTESIAN_POINT ( 'NONE',  ( 1.942500000000004112, 0.06250000000000000000, -7.653000000000000469 ) ) ;
#8898 = EDGE_CURVE ( 'NONE', #6009, #10964, #11661, .T. ) ;
#8899 = CARTESIAN_POINT ( 'NONE',  ( 0.2149999999999986089, 0.06250000000000000000, -8.389999999999998792 ) ) ;
#8900 = CARTESIAN_POINT ( 'NONE',  ( -1.620000000000000773, 0.06250000000000000000, 0.000000000000000000 ) ) ;
#8901 = VERTEX_POINT ( 'NONE', #10774 ) ;
#8902 = ORIENTED_EDGE ( 'NONE', *, *, #4481, .F. ) ;
#8903 = DIRECTION ( 'NONE',  ( 0.000000000000000000, -1.000000000000000000, 0.000000000000000000 ) ) ;
#8904 = CARTESIAN_POINT ( 'NONE',  ( -2.200000000000000178, -0.2250000000000000056, 5.349999999999999645 ) ) ;
#8905 = EDGE_CURVE ( 'NONE', #5334, #4522, #1200, .T. ) ;
#8906 = EDGE_CURVE ( 'NONE', #13200, #7846, #6705, .T. ) ;
#8907 = CARTESIAN_POINT ( 'NONE',  ( -2.350000000000000977, 0.2530000000000000027, -9.074999999999999289 ) ) ;
#8908 = ORIENTED_EDGE ( 'NONE', *, *, #9931, .T. ) ;
#8909 = CARTESIAN_POINT ( 'NONE',  ( 0.7499999999999988898, 0.06250000000000000000, -9.124999999999998224 ) ) ;
#8910 = CARTESIAN_POINT ( 'NONE',  ( 2.000000000000000444, 0.4780000000000000360, -4.797999999999998266 ) ) ;
#8911 = FACE_OUTER_BOUND ( 'NONE', #540, .T. ) ;
#8912 = ADVANCED_FACE ( 'NONE', ( #8568 ), #12899, .F. ) ;
#8913 = ADVANCED_FACE ( 'NONE', ( #10641 ), #308, .F. ) ;
#8914 = VERTEX_POINT ( 'NONE', #102 ) ;
#8915 = CARTESIAN_POINT ( 'NONE',  ( 4.237499999999997158, 0.1125000000000000028, -4.237500000000128608 ) ) ;
#8916 = ORIENTED_EDGE ( 'NONE', *, *, #3373, .F. ) ;
#8917 = CARTESIAN_POINT ( 'NONE',  ( -1.867500000000000826, 0.1125000000000000028, 0.000000000000000000 ) ) ;
#8918 = VERTEX_POINT ( 'NONE', #369 ) ;
#8919 = LINE ( 'NONE', #8852, #4231 ) ;
#8920 = EDGE_CURVE ( 'NONE', #10970, #8202, #5553, .T. ) ;
#8921 = LINE ( 'NONE', #11878, #5184 ) ;
#8922 = VERTEX_POINT ( 'NONE', #5611 ) ;
#8923 = ADVANCED_FACE ( 'NONE', ( #11795 ), #7601, .F. ) ;
#8924 = DIRECTION ( 'NONE',  ( 0.000000000000000000, 0.000000000000000000, -1.000000000000000000 ) ) ;
#8925 = DIRECTION ( 'NONE',  ( -1.000000000000000000, 0.000000000000000000, 0.000000000000000000 ) ) ;
#8926 = DIRECTION ( 'NONE',  ( 1.000000000000000000, 0.000000000000000000, 0.000000000000000000 ) ) ;
#8927 = EDGE_CURVE ( 'NONE', #4484, #417, #8500, .T. ) ;
#8928 =( LENGTH_UNIT ( ) NAMED_UNIT ( * ) SI_UNIT ( .MILLI., .METRE. ) );
#8929 = EDGE_LOOP ( 'NONE', ( #9554, #5168, #12017, #13220 ) ) ;
#8930 = DIRECTION ( 'NONE',  ( 0.000000000000000000, 0.000000000000000000, 1.000000000000000000 ) ) ;
#8931 = ORIENTED_EDGE ( 'NONE', *, *, #4217, .F. ) ;
#8932 = CARTESIAN_POINT ( 'NONE',  ( 1.649999999999999245, 0.2530000000000000027, 3.575000000000000178 ) ) ;
#8933 = LINE ( 'NONE', #3685, #4859 ) ;
#8934 = EDGE_LOOP ( 'NONE', ( #5231, #4233, #7300, #10743 ) ) ;
#8935 = ORIENTED_EDGE ( 'NONE', *, *, #3560, .F. ) ;
#8936 = VERTEX_POINT ( 'NONE', #12698 ) ;
#8937 = ORIENTED_EDGE ( 'NONE', *, *, #7301, .T. ) ;
#8938 = LINE ( 'NONE', #8797, #12932 ) ;
#8939 = LINE ( 'NONE', #3896, #12517 ) ;
#8940 = VECTOR ( 'NONE', #1689, 1000.000000000000000 ) ;
#8941 = DIRECTION ( 'NONE',  ( -1.000000000000000000, 0.000000000000000000, -4.186108774075308606E-16 ) ) ;
#8942 = LINE ( 'NONE', #2526, #10274 ) ;
#8943 = ADVANCED_FACE ( 'NONE', ( #7464 ), #4432, .T. ) ;
#8944 = DIRECTION ( 'NONE',  ( -0.000000000000000000, -0.000000000000000000, -1.000000000000000000 ) ) ;
#8945 = VERTEX_POINT ( 'NONE', #10844 ) ;
#8946 = LINE ( 'NONE', #13219, #1299 ) ;
#8947 = ORIENTED_EDGE ( 'NONE', *, *, #2982, .T. ) ;
#8948 = LINE ( 'NONE', #3567, #7517 ) ;
#8949 = LINE ( 'NONE', #10132, #9245 ) ;
#8950 = ORIENTED_EDGE ( 'NONE', *, *, #9485, .T. ) ;
#8951 = FACE_OUTER_BOUND ( 'NONE', #9203, .T. ) ;
#8952 = VECTOR ( 'NONE', #2765, 1000.000000000000114 ) ;
#8953 = EDGE_LOOP ( 'NONE', ( #3123, #6069, #4694, #5615 ) ) ;
#8954 = LINE ( 'NONE', #2684, #8769 ) ;
#8955 = VECTOR ( 'NONE', #3643, 1000.000000000000000 ) ;
#8956 = CARTESIAN_POINT ( 'NONE',  ( -2.150000000000001688, 0.1125000000000000028, -9.799999999999998934 ) ) ;
#8957 = VERTEX_POINT ( 'NONE', #7665 ) ;
#8958 = ORIENTED_EDGE ( 'NONE', *, *, #330, .F. ) ;
#8959 = CARTESIAN_POINT ( 'NONE',  ( 0.4200000000000030376, 0.06250000000000000000, -9.025000000000000355 ) ) ;
#8960 = LINE ( 'NONE', #3512, #5252 ) ;
#8961 = LINE ( 'NONE', #1729, #9268 ) ;
#8962 = CARTESIAN_POINT ( 'NONE',  ( -0.6749999999999968248, 0.06250000000000000000, -9.799999999999998934 ) ) ;
#8963 = ORIENTED_EDGE ( 'NONE', *, *, #313, .F. ) ;
#8964 = AXIS2_PLACEMENT_3D ( 'NONE', #11277, #1846, #1901 ) ;
#8965 = VERTEX_POINT ( 'NONE', #10700 ) ;
#8966 = EDGE_CURVE ( 'NONE', #9140, #4953, #5481, .T. ) ;
#8967 = CARTESIAN_POINT ( 'NONE',  ( -1.799999999999998268, 0.4780000000000000360, -2.128000000000000114 ) ) ;
#8968 = EDGE_CURVE ( 'NONE', #2540, #6837, #2354, .T. ) ;
#8969 = CARTESIAN_POINT ( 'NONE',  ( -0.04999999999999622802, 0.06250000000000000000, -8.424999999999997158 ) ) ;
#8970 = AXIS2_PLACEMENT_3D ( 'NONE', #7916, #1585, #4746 ) ;
#8971 = CARTESIAN_POINT ( 'NONE',  ( -1.707500000000000684, 0.06250000000000000000, -7.653000000000000469 ) ) ;
#8972 = ORIENTED_EDGE ( 'NONE', *, *, #3615, .F. ) ;
#8973 = DIRECTION ( 'NONE',  ( -0.000000000000000000, 1.000000000000000000, -0.000000000000000000 ) ) ;
#8974 = LINE ( 'NONE', #6914, #10626 ) ;
#8975 = DIRECTION ( 'NONE',  ( 1.000000000000000000, 0.000000000000000000, 0.000000000000000000 ) ) ;
#8976 = ORIENTED_EDGE ( 'NONE', *, *, #7197, .T. ) ;
#8977 = CARTESIAN_POINT ( 'NONE',  ( 1.799999999999999156, 0.2530000000000000027, -4.998000000000000220 ) ) ;
#8978 = VECTOR ( 'NONE', #13579, 1000.000000000000000 ) ;
#8979 = ORIENTED_EDGE ( 'NONE', *, *, #7321, .T. ) ;
#8980 = LINE ( 'NONE', #4717, #3009 ) ;
#8981 = ORIENTED_EDGE ( 'NONE', *, *, #6228, .T. ) ;
#8982 = VECTOR ( 'NONE', #10728, 1000.000000000000000 ) ;
#8983 = EDGE_CURVE ( 'NONE', #10496, #2183, #3868, .T. ) ;
#8984 = EDGE_CURVE ( 'NONE', #11749, #3391, #8072, .T. ) ;
#8985 = CARTESIAN_POINT ( 'NONE',  ( 2.149999999999999467, 7.883090691567329777, 6.299999999999999822 ) ) ;
#8986 = ADVANCED_FACE ( 'NONE', ( #3802 ), #4708, .F. ) ;
#8987 = VECTOR ( 'NONE', #7099, 1000.000000000000000 ) ;
#8988 = CIRCLE ( 'NONE', #6355, 0.1749999999999998224 ) ;
#8989 = VECTOR ( 'NONE', #1921, 1000.000000000000000 ) ;
#8990 = DIRECTION ( 'NONE',  ( 0.7071067811865584529, 0.000000000000000000, -0.7071067811865365815 ) ) ;
#8991 = ORIENTED_EDGE ( 'NONE', *, *, #5449, .T. ) ;
#8992 = DIRECTION ( 'NONE',  ( -1.000000000000000000, -0.000000000000000000, -0.000000000000000000 ) ) ;
#8993 = LINE ( 'NONE', #533, #2150 ) ;
#8994 = CARTESIAN_POINT ( 'NONE',  ( -0.5500000000000007105, 0.2530000000000000027, 3.694999999999999840 ) ) ;
#8995 = PLANE ( 'NONE',  #4022 ) ;
#8996 = ORIENTED_EDGE ( 'NONE', *, *, #5153, .F. ) ;
#8997 = ORIENTED_EDGE ( 'NONE', *, *, #912, .T. ) ;
#8998 = DIRECTION ( 'NONE',  ( 1.000000000000000000, 1.372407813272789047E-16, -0.000000000000000000 ) ) ;
#8999 = VECTOR ( 'NONE', #10200, 1000.000000000000000 ) ;
#9000 = CARTESIAN_POINT ( 'NONE',  ( 0.2250000000000010325, 0.06250000000000000000, -9.875000000000000000 ) ) ;
#9001 = ORIENTED_EDGE ( 'NONE', *, *, #7385, .F. ) ;
#9002 = AXIS2_PLACEMENT_3D ( 'NONE', #11391, #2093, #3188 ) ;
#9003 = VERTEX_POINT ( 'NONE', #4636 ) ;
#9004 = AXIS2_PLACEMENT_3D ( 'NONE', #2195, #11556, #2122 ) ;
#9005 = EDGE_CURVE ( 'NONE', #8613, #6230, #7939, .T. ) ;
#9006 = ORIENTED_EDGE ( 'NONE', *, *, #12348, .F. ) ;
#9007 = ADVANCED_FACE ( 'NONE', ( #3734 ), #11177, .F. ) ;
#9008 = VECTOR ( 'NONE', #9950, 1000.000000000000000 ) ;
#9009 = EDGE_CURVE ( 'NONE', #3776, #12666, #1463, .T. ) ;
#9010 = DIRECTION ( 'NONE',  ( 0.000000000000000000, 0.000000000000000000, -1.000000000000000000 ) ) ;
#9011 = CARTESIAN_POINT ( 'NONE',  ( 0.5049999999999991163, 0.4780000000000000360, 2.674999999999999822 ) ) ;
#9012 = LINE ( 'NONE', #3763, #6332 ) ;
#9013 = VECTOR ( 'NONE', #12133, 1000.000000000000000 ) ;
#9014 = SURFACE_STYLE_USAGE ( .BOTH. , #12314 ) ;
#9015 = VECTOR ( 'NONE', #518, 1000.000000000000000 ) ;
#9016 = EDGE_CURVE ( 'NONE', #13551, #9896, #12143, .T. ) ;
#9017 = CARTESIAN_POINT ( 'NONE',  ( -0.5250000000004562128, 0.06250000000000000000, -2.428612866369627040E-14 ) ) ;
#9018 = AXIS2_PLACEMENT_3D ( 'NONE', #10288, #2833, #10227 ) ;
#9019 = LINE ( 'NONE', #6941, #12365 ) ;
#9020 = ORIENTED_EDGE ( 'NONE', *, *, #11448, .T. ) ;
#9021 = PRESENTATION_STYLE_ASSIGNMENT (( #10877 ) ) ;
#9022 = CARTESIAN_POINT ( 'NONE',  ( 0.7500000000000087708, 0.06250000000000000000, -8.131516293641381863E-16 ) ) ;
#9023 = ORIENTED_EDGE ( 'NONE', *, *, #142, .T. ) ;
#9024 = CARTESIAN_POINT ( 'NONE',  ( 0.000000000000000000, 0.1125000000000000028, 0.000000000000000000 ) ) ;
#9025 = CARTESIAN_POINT ( 'NONE',  ( 1.800000000000000488, 0.4780000000000000360, -2.328000000000000291 ) ) ;
#9026 = VERTEX_POINT ( 'NONE', #9873 ) ;
#9027 = DIRECTION ( 'NONE',  ( 0.7071067811865439090, 0.000000000000000000, 0.7071067811865512365 ) ) ;
#9028 = AXIS2_PLACEMENT_3D ( 'NONE', #1442, #9843, #2738 ) ;
#9029 = ORIENTED_EDGE ( 'NONE', *, *, #8, .T. ) ;
#9030 = ADVANCED_FACE ( 'NONE', ( #4922 ), #445, .T. ) ;
#9031 = CARTESIAN_POINT ( 'NONE',  ( 4.122499999999988063, 0.06250000000000000000, -4.122499999999850395 ) ) ;
#9032 = DIRECTION ( 'NONE',  ( -0.000000000000000000, -0.000000000000000000, 1.000000000000000000 ) ) ;
#9033 = DIRECTION ( 'NONE',  ( -0.000000000000000000, 1.000000000000000000, -0.000000000000000000 ) ) ;
#9034 = ORIENTED_EDGE ( 'NONE', *, *, #3437, .T. ) ;
#9035 = VECTOR ( 'NONE', #3356, 1000.000000000000000 ) ;
#9036 = ORIENTED_EDGE ( 'NONE', *, *, #5314, .F. ) ;
#9037 = DIRECTION ( 'NONE',  ( 0.000000000000000000, -1.000000000000000000, 0.000000000000000000 ) ) ;
#9038 = CARTESIAN_POINT ( 'NONE',  ( 1.250000000000000222, 0.1125000000000000028, 0.000000000000000000 ) ) ;
#9039 = DIRECTION ( 'NONE',  ( 0.7071067811865497932, 0.000000000000000000, -0.7071067811865452413 ) ) ;
#9040 = CARTESIAN_POINT ( 'NONE',  ( -2.200000000000000622, -0.2250000000000000056, 0.3499999999999987566 ) ) ;
#9041 = ORIENTED_EDGE ( 'NONE', *, *, #2604, .F. ) ;
#9042 = ORIENTED_EDGE ( 'NONE', *, *, #11043, .T. ) ;
#9043 = VECTOR ( 'NONE', #8393, 1000.000000000000000 ) ;
#9044 = CIRCLE ( 'NONE', #6624, 0.2000000000000005107 ) ;
#9045 = LINE ( 'NONE', #10354, #5484 ) ;
#9046 = DIRECTION ( 'NONE',  ( -1.000000000000000000, -0.000000000000000000, -5.421010862427517240E-16 ) ) ;
#9047 = CARTESIAN_POINT ( 'NONE',  ( 4.337499999999975486, 0.1125000000000000028, -4.337499999999787192 ) ) ;
#9048 = ORIENTED_EDGE ( 'NONE', *, *, #6712, .T. ) ;
#9049 = CARTESIAN_POINT ( 'NONE',  ( 0.5149999999999700373, 0.1125000000000000028, 2.121329081036649084E-15 ) ) ;
#9050 = CARTESIAN_POINT ( 'NONE',  ( 1.249999999999999334, 0.06250000000000000000, -8.424999999999997158 ) ) ;
#9051 = CARTESIAN_POINT ( 'NONE',  ( 1.649999999999999467, 0.4780000000000000360, 4.299999999999999822 ) ) ;
#9052 = ADVANCED_FACE ( 'NONE', ( #8839 ), #2706, .T. ) ;
#9053 = EDGE_LOOP ( 'NONE', ( #10532, #6755, #9880, #11964 ) ) ;
#9054 = LINE ( 'NONE', #8016, #8574 ) ;
#9055 = CIRCLE ( 'NONE', #3101, 1.190000000000000169 ) ;
#9056 = ORIENTED_EDGE ( 'NONE', *, *, #8581, .T. ) ;
#9057 = LINE ( 'NONE', #2773, #9192 ) ;
#9058 = VERTEX_POINT ( 'NONE', #9120 ) ;
#9059 = LINE ( 'NONE', #11464, #2249 ) ;
#9060 = VECTOR ( 'NONE', #8518, 1000.000000000000000 ) ;
#9061 = VECTOR ( 'NONE', #8118, 1000.000000000000000 ) ;
#9062 = DIRECTION ( 'NONE',  ( 0.7071067811865365815, 0.000000000000000000, -0.7071067811865584529 ) ) ;
#9063 = ORIENTED_EDGE ( 'NONE', *, *, #3611, .F. ) ;
#9064 = CARTESIAN_POINT ( 'NONE',  ( 0.6849999999999984990, 0.06250000000000000000, -8.389999999999998792 ) ) ;
#9065 = LINE ( 'NONE', #13120, #399 ) ;
#9066 = DIRECTION ( 'NONE',  ( 4.625929269271459921E-14, 0.000000000000000000, -1.000000000000000000 ) ) ;
#9067 = EDGE_CURVE ( 'NONE', #10136, #13522, #13044, .T. ) ;
#9068 = SURFACE_STYLE_USAGE ( .BOTH. , #12225 ) ;
#9069 = EDGE_CURVE ( 'NONE', #3247, #6123, #3596, .T. ) ;
#9070 = ORIENTED_EDGE ( 'NONE', *, *, #7867, .T. ) ;
#9071 = ORIENTED_EDGE ( 'NONE', *, *, #5103, .F. ) ;
#9072 = EDGE_CURVE ( 'NONE', #3000, #6030, #3661, .T. ) ;
#9073 = DIRECTION ( 'NONE',  ( 0.000000000000000000, 0.000000000000000000, -1.000000000000000000 ) ) ;
#9074 = PLANE ( 'NONE',  #12340 ) ;
#9075 = VERTEX_POINT ( 'NONE', #10971 ) ;
#9076 = CIRCLE ( 'NONE', #5340, 1.289999999999999591 ) ;
#9077 = ORIENTED_EDGE ( 'NONE', *, *, #7022, .F. ) ;
#9078 = DIRECTION ( 'NONE',  ( -0.000000000000000000, 1.000000000000000000, -0.000000000000000000 ) ) ;
#9079 = CARTESIAN_POINT ( 'NONE',  ( 0.5049999999999990052, 0.4780000000000000360, 1.874999999999999556 ) ) ;
#9080 = STYLED_ITEM ( 'NONE', ( #12699 ), #899 ) ;
#9081 = CARTESIAN_POINT ( 'NONE',  ( -1.791999999999998261, 2.080000000000000071, 7.799999999999999822 ) ) ;
#9082 = STYLED_ITEM ( 'NONE', ( #7081 ), #79 ) ;
#9083 = CARTESIAN_POINT ( 'NONE',  ( -0.04999999999999622802, 0.06250000000000000000, 0.000000000000000000 ) ) ;
#9084 = VECTOR ( 'NONE', #9664, 1000.000000000000000 ) ;
#9085 = CARTESIAN_POINT ( 'NONE',  ( 0.7000000000000002887, 0.06250000000000000000, 0.000000000000000000 ) ) ;
#9086 = EDGE_CURVE ( 'NONE', #10778, #13279, #13105, .T. ) ;
#9087 = DIRECTION ( 'NONE',  ( -0.000000000000000000, 0.000000000000000000, -1.000000000000000000 ) ) ;
#9088 = EDGE_CURVE ( 'NONE', #2360, #9201, #5749, .T. ) ;
#9089 = ORIENTED_EDGE ( 'NONE', *, *, #7515, .T. ) ;
#9090 = PRESENTATION_STYLE_ASSIGNMENT (( #11144 ) ) ;
#9091 = DIRECTION ( 'NONE',  ( -0.000000000000000000, -1.000000000000000000, -0.000000000000000000 ) ) ;
#9092 = ORIENTED_EDGE ( 'NONE', *, *, #13029, .F. ) ;
#9093 = EDGE_CURVE ( 'NONE', #13118, #3619, #7859, .T. ) ;
#9094 = PLANE ( 'NONE',  #7945 ) ;
#9095 = DIRECTION ( 'NONE',  ( -0.000000000000000000, 1.000000000000000000, -0.000000000000000000 ) ) ;
#9096 = EDGE_LOOP ( 'NONE', ( #8527, #28, #11355, #12816 ) ) ;
#9097 = PRESENTATION_LAYER_ASSIGNMENT (  '', '', ( #1385 ) ) ;
#9098 = ORIENTED_EDGE ( 'NONE', *, *, #9747, .T. ) ;
#9099 = LINE ( 'NONE', #10685, #3929 ) ;
#9100 = CARTESIAN_POINT ( 'NONE',  ( 2.350000000000000089, 0.1125000000000000028, -8.125000000000000000 ) ) ;
#9101 = CARTESIAN_POINT ( 'NONE',  ( -2.750000000000000888, 0.2530000000000000027, -8.699999999999997513 ) ) ;
#9102 = DIRECTION ( 'NONE',  ( -0.7071067811865497932, 0.000000000000000000, -0.7071067811865452413 ) ) ;
#9103 = ORIENTED_EDGE ( 'NONE', *, *, #13539, .F. ) ;
#9104 = COLOUR_RGB ( '',0.5019607843137254832, 0.5019607843137254832, 0.5019607843137254832 ) ;
#9105 = ORIENTED_EDGE ( 'NONE', *, *, #3689, .F. ) ;
#9106 = EDGE_CURVE ( 'NONE', #5460, #11002, #6843, .T. ) ;
#9107 = FILL_AREA_STYLE ('',( #10415 ) ) ;
#9108 = CARTESIAN_POINT ( 'NONE',  ( -2.350000000000000977, 0.2530000000000000027, -8.125000000000000000 ) ) ;
#9109 = ADVANCED_FACE ( 'NONE', ( #4844 ), #13252, .F. ) ;
#9110 = CARTESIAN_POINT ( 'NONE',  ( -0.4300000000000008260, 0.2530000000000000027, 2.294999999999999929 ) ) ;
#9111 = DIRECTION ( 'NONE',  ( 1.000000000000000000, 0.000000000000000000, 4.119085594246160228E-15 ) ) ;
#9112 = VERTEX_POINT ( 'NONE', #20 ) ;
#9113 = ORIENTED_EDGE ( 'NONE', *, *, #12805, .F. ) ;
#9114 = PLANE ( 'NONE',  #12071 ) ;
#9115 = SURFACE_STYLE_USAGE ( .BOTH. , #6017 ) ;
#9116 = CARTESIAN_POINT ( 'NONE',  ( 0.4200000000000030376, 0.06250000000000000000, -8.424999999999997158 ) ) ;
#9117 = CARTESIAN_POINT ( 'NONE',  ( -0.8019999999999977147, 2.080000000000000071, 9.329999999999998295 ) ) ;
#9118 = DIRECTION ( 'NONE',  ( -0.000000000000000000, 1.000000000000000000, -0.000000000000000000 ) ) ;
#9119 = EDGE_LOOP ( 'NONE', ( #5436, #3161, #10201, #13425 ) ) ;
#9120 = CARTESIAN_POINT ( 'NONE',  ( -0.2019999999999982920, 2.880000000000000338, 8.949999999999999289 ) ) ;
#9121 = LINE ( 'NONE', #7860, #3129 ) ;
#9122 = CARTESIAN_POINT ( 'NONE',  ( 0.8500000000000003109, 0.06250000000000000000, -3.402999999999999581 ) ) ;
#9123 = EDGE_LOOP ( 'NONE', ( #10892, #12417, #7192, #6555 ) ) ;
#9124 = LINE ( 'NONE', #8915, #1967 ) ;
#9125 = VERTEX_POINT ( 'NONE', #8276 ) ;
#9126 = CARTESIAN_POINT ( 'NONE',  ( 0.7799999999999994715, 0.06250000000000000000, -8.424999999999997158 ) ) ;
#9127 = ORIENTED_EDGE ( 'NONE', *, *, #1241, .T. ) ;
#9128 = FACE_OUTER_BOUND ( 'NONE', #618, .T. ) ;
#9129 = CARTESIAN_POINT ( 'NONE',  ( 0.9500000000000003997, 0.2530000000000000027, -0.7430000000000001048 ) ) ;
#9130 = ORIENTED_EDGE ( 'NONE', *, *, #6376, .F. ) ;
#9131 = DIRECTION ( 'NONE',  ( -2.693669993752817464E-16, 0.000000000000000000, -1.000000000000000000 ) ) ;
#9132 = DIRECTION ( 'NONE',  ( -1.084202172485504828E-15, 0.000000000000000000, -1.000000000000000000 ) ) ;
#9133 = DIRECTION ( 'NONE',  ( 1.000000000000000000, 0.000000000000000000, 0.000000000000000000 ) ) ;
#9134 = CARTESIAN_POINT ( 'NONE',  ( 0.9500000000000003997, 0.2530000000000000027, -0.7430000000000001048 ) ) ;
#9135 = ORIENTED_EDGE ( 'NONE', *, *, #8730, .T. ) ;
#9136 = EDGE_LOOP ( 'NONE', ( #7241, #12735, #3184, #6723 ) ) ;
#9137 = DIRECTION ( 'NONE',  ( 0.000000000000000000, 0.000000000000000000, -1.000000000000000000 ) ) ;
#9138 = PLANE ( 'NONE',  #9477 ) ;
#9139 = ORIENTED_EDGE ( 'NONE', *, *, #8761, .F. ) ;
#9140 = VERTEX_POINT ( 'NONE', #1878 ) ;
#9141 = EDGE_CURVE ( 'NONE', #7566, #3632, #7170, .T. ) ;
#9142 = LINE ( 'NONE', #6937, #7461 ) ;
#9143 = EDGE_CURVE ( 'NONE', #675, #10186, #13517, .T. ) ;
#9144 = CARTESIAN_POINT ( 'NONE',  ( -1.274999999999971267, 0.06250000000000000000, 3.686287386450611735E-15 ) ) ;
#9145 = FACE_OUTER_BOUND ( 'NONE', #12726, .T. ) ;
#9146 = FACE_OUTER_BOUND ( 'NONE', #10802, .T. ) ;
#9147 = CARTESIAN_POINT ( 'NONE',  ( 1.350000000000000089, 0.000000000000000000, -0.7429999999999999938 ) ) ;
#9148 = VECTOR ( 'NONE', #7809, 1000.000000000000000 ) ;
#9149 = ORIENTED_EDGE ( 'NONE', *, *, #5405, .T. ) ;
#9150 = FILL_AREA_STYLE_COLOUR ( '', #7697 ) ;
#9151 = FACE_OUTER_BOUND ( 'NONE', #2219, .T. ) ;
#9152 = ORIENTED_EDGE ( 'NONE', *, *, #6548, .F. ) ;
#9153 = CARTESIAN_POINT ( 'NONE',  ( -2.149999999999998579, 7.883090691567329777, 6.299999999999999822 ) ) ;
#9154 = FACE_OUTER_BOUND ( 'NONE', #8015, .T. ) ;
#9155 = EDGE_LOOP ( 'NONE', ( #623, #5052, #3406, #9034 ) ) ;
#9156 = ORIENTED_EDGE ( 'NONE', *, *, #335, .T. ) ;
#9157 = EDGE_CURVE ( 'NONE', #9165, #13473, #10362, .T. ) ;
#9158 = AXIS2_PLACEMENT_3D ( 'NONE', #851, #8216, #6079 ) ;
#9159 = EDGE_CURVE ( 'NONE', #8176, #9529, #8353, .T. ) ;
#9160 = DIRECTION ( 'NONE',  ( 5.421010862427520198E-16, -0.000000000000000000, 1.000000000000000000 ) ) ;
#9161 = DIRECTION ( 'NONE',  ( -0.000000000000000000, 1.000000000000000000, -0.000000000000000000 ) ) ;
#9162 = ADVANCED_FACE ( 'NONE', ( #6277 ), #3109, .F. ) ;
#9163 = LINE ( 'NONE', #7095, #13571 ) ;
#9164 = CARTESIAN_POINT ( 'NONE',  ( 0.7799999999999994715, 0.06250000000000000000, 0.000000000000000000 ) ) ;
#9165 = VERTEX_POINT ( 'NONE', #6023 ) ;
#9166 = ORIENTED_EDGE ( 'NONE', *, *, #4615, .T. ) ;
#9167 = DIRECTION ( 'NONE',  ( -0.000000000000000000, 1.000000000000000000, -0.000000000000000000 ) ) ;
#9168 = VECTOR ( 'NONE', #8877, 1000.000000000000000 ) ;
#9169 = CARTESIAN_POINT ( 'NONE',  ( 0.4500000000000001221, 0.1125000000000000028, 0.000000000000000000 ) ) ;
#9170 = CARTESIAN_POINT ( 'NONE',  ( -1.950000000000001510, 0.1125000000000000028, -10.00000000000000000 ) ) ;
#9171 = EDGE_LOOP ( 'NONE', ( #3832, #4049, #6727, #6924 ) ) ;
#9172 = EDGE_CURVE ( 'NONE', #9728, #2450, #12478, .T. ) ;
#9173 = EDGE_CURVE ( 'NONE', #8396, #9272, #5053, .T. ) ;
#9174 = CARTESIAN_POINT ( 'NONE',  ( -2.149999999999998579, 7.883090691567329777, 6.299999999999999822 ) ) ;
#9175 = EDGE_CURVE ( 'NONE', #6366, #3867, #4011, .T. ) ;
#9176 = SURFACE_SIDE_STYLE ('',( #6344 ) ) ;
#9177 = DIRECTION ( 'NONE',  ( -1.000000000000000000, 0.000000000000000000, 0.000000000000000000 ) ) ;
#9178 = CARTESIAN_POINT ( 'NONE',  ( 2.350000000000000089, 0.4780000000000000360, -8.125000000000000000 ) ) ;
#9179 = LINE ( 'NONE', #3800, #2764 ) ;
#9180 = ORIENTED_EDGE ( 'NONE', *, *, #9766, .F. ) ;
#9181 = CARTESIAN_POINT ( 'NONE',  ( 2.750000000000000000, 0.2530000000000000027, -8.699999999999997513 ) ) ;
#9182 = LINE ( 'NONE', #6222, #4145 ) ;
#9183 = LINE ( 'NONE', #3942, #12282 ) ;
#9184 = VECTOR ( 'NONE', #6378, 1000.000000000000000 ) ;
#9185 = VECTOR ( 'NONE', #1474, 1000.000000000000000 ) ;
#9186 = CARTESIAN_POINT ( 'NONE',  ( 0.000000000000000000, 0.1125000000000000028, -4.753000000000000114 ) ) ;
#9187 = ORIENTED_EDGE ( 'NONE', *, *, #11690, .F. ) ;
#9188 = LINE ( 'NONE', #4853, #4348 ) ;
#9189 = ORIENTED_EDGE ( 'NONE', *, *, #12045, .F. ) ;
#9190 = ORIENTED_EDGE ( 'NONE', *, *, #11158, .T. ) ;
#9191 = DIRECTION ( 'NONE',  ( 1.000000000000000000, 0.000000000000000000, -2.693669993752817464E-16 ) ) ;
#9192 = VECTOR ( 'NONE', #8157, 1000.000000000000000 ) ;
#9193 = ADVANCED_FACE ( 'NONE', ( #6081 ), #11517, .F. ) ;
#9194 = VECTOR ( 'NONE', #11481, 1000.000000000000000 ) ;
#9195 = CARTESIAN_POINT ( 'NONE',  ( 0.6850000000000002753, 0.06250000000000000000, -7.653000000000000469 ) ) ;
#9196 = EDGE_LOOP ( 'NONE', ( #8526, #8251, #2201, #8425 ) ) ;
#9197 = DIRECTION ( 'NONE',  ( -1.000000000000000000, 0.000000000000000000, -0.000000000000000000 ) ) ;
#9198 = FILL_AREA_STYLE ('',( #998 ) ) ;
#9199 = CARTESIAN_POINT ( 'NONE',  ( 0.5049999999999990052, 0.2530000000000000027, 1.874999999999999556 ) ) ;
#9200 = CARTESIAN_POINT ( 'NONE',  ( -1.230000000000001092, 0.4780000000000000360, 2.295000000000000373 ) ) ;
#9201 = VERTEX_POINT ( 'NONE', #11312 ) ;
#9202 = VECTOR ( 'NONE', #4467, 1000.000000000000000 ) ;
#9203 = EDGE_LOOP ( 'NONE', ( #1523, #3427, #1427, #11230 ) ) ;
#9204 = FACE_OUTER_BOUND ( 'NONE', #6842, .T. ) ;
#9205 = PLANE ( 'NONE',  #6623 ) ;
#9206 = VERTEX_POINT ( 'NONE', #10286 ) ;
#9207 = VECTOR ( 'NONE', #12386, 1000.000000000000000 ) ;
#9208 = VECTOR ( 'NONE', #1522, 1000.000000000000000 ) ;
#9209 = CARTESIAN_POINT ( 'NONE',  ( 1.799999999999999156, 0.4780000000000000360, -4.998000000000000220 ) ) ;
#9210 = DIRECTION ( 'NONE',  ( 0.7071067811865356934, 0.000000000000000000, -0.7071067811865593411 ) ) ;
#9211 = STYLED_ITEM ( 'NONE', ( #10117 ), #4833 ) ;
#9212 = DIRECTION ( 'NONE',  ( 0.000000000000000000, -0.000000000000000000, -1.000000000000000000 ) ) ;
#9213 = PLANE ( 'NONE',  #7617 ) ;
#9214 = VERTEX_POINT ( 'NONE', #1040 ) ;
#9215 = VERTEX_POINT ( 'NONE', #2079 ) ;
#9216 = VECTOR ( 'NONE', #8620, 1000.000000000000000 ) ;
#9217 = AXIS2_PLACEMENT_3D ( 'NONE', #1055, #2030, #1959 ) ;
#9218 = DIRECTION ( 'NONE',  ( -1.000000000000000000, 0.000000000000000000, 0.000000000000000000 ) ) ;
#9219 = EDGE_CURVE ( 'NONE', #8295, #13217, #12623, .T. ) ;
#9220 = VERTEX_POINT ( 'NONE', #924 ) ;
#9221 = AXIS2_PLACEMENT_3D ( 'NONE', #11568, #5321, #9515 ) ;
#9222 = CARTESIAN_POINT ( 'NONE',  ( -1.350000000000000977, 0.06250000000000000000, -2.403000000000000025 ) ) ;
#9223 = CARTESIAN_POINT ( 'NONE',  ( -1.799999999999998268, 0.2530000000000000027, -2.128000000000000114 ) ) ;
#9224 = EDGE_LOOP ( 'NONE', ( #4199, #427, #12263, #5273 ) ) ;
#9225 = VERTEX_POINT ( 'NONE', #2962 ) ;
#9226 = VECTOR ( 'NONE', #5526, 1000.000000000000000 ) ;
#9227 = CYLINDRICAL_SURFACE ( 'NONE', #2364, 0.1749999999999998224 ) ;
#9228 = VECTOR ( 'NONE', #428, 1000.000000000000000 ) ;
#9229 = DIRECTION ( 'NONE',  ( 0.7071067811865421326, -0.7071067811865530128, 0.000000000000000000 ) ) ;
#9230 = VECTOR ( 'NONE', #11623, 1000.000000000000000 ) ;
#9231 =( NAMED_UNIT ( * ) PLANE_ANGLE_UNIT ( ) SI_UNIT ( $, .RADIAN. ) );
#9232 = CARTESIAN_POINT ( 'NONE',  ( 0.5500000000000042633, 0.06250000000000000000, -9.025000000000000355 ) ) ;
#9233 = ORIENTED_EDGE ( 'NONE', *, *, #195, .F. ) ;
#9234 = ORIENTED_EDGE ( 'NONE', *, *, #2993, .F. ) ;
#9235 = CARTESIAN_POINT ( 'NONE',  ( 1.100000000000000311, 0.06250000000000000000, -4.753000000000000114 ) ) ;
#9236 = EDGE_CURVE ( 'NONE', #1440, #637, #5121, .T. ) ;
#9237 = EDGE_CURVE ( 'NONE', #8901, #9225, #5248, .T. ) ;
#9238 = CARTESIAN_POINT ( 'NONE',  ( -1.250000000000000000, 0.1125000000000000028, -9.025000000000000355 ) ) ;
#9239 = AXIS2_PLACEMENT_3D ( 'NONE', #8059, #636, #2816 ) ;
#9240 = FACE_OUTER_BOUND ( 'NONE', #7575, .T. ) ;
#9241 = VECTOR ( 'NONE', #12753, 1000.000000000000000 ) ;
#9242 = EDGE_CURVE ( 'NONE', #13036, #4484, #12418, .T. ) ;
#9243 = PLANE ( 'NONE',  #11405 ) ;
#9244 = LINE ( 'NONE', #7307, #2550 ) ;
#9245 = VECTOR ( 'NONE', #4892, 1000.000000000000000 ) ;
#9246 = LINE ( 'NONE', #1935, #8779 ) ;
#9247 = AXIS2_PLACEMENT_3D ( 'NONE', #6814, #5848, #7982 ) ;
#9248 = DIRECTION ( 'NONE',  ( -0.000000000000000000, -1.000000000000000000, -0.000000000000000000 ) ) ;
#9249 = PLANE ( 'NONE',  #9805 ) ;
#9250 = ORIENTED_EDGE ( 'NONE', *, *, #5378, .T. ) ;
#9251 = CARTESIAN_POINT ( 'NONE',  ( 8.138021506676194704E-15, 0.06250000000000000000, -3.752999999999998781 ) ) ;
#9252 = CARTESIAN_POINT ( 'NONE',  ( -4.902499999999976765, 0.06250000000000000000, -4.902500000000128644 ) ) ;
#9253 = DIRECTION ( 'NONE',  ( 0.000000000000000000, 0.000000000000000000, -1.000000000000000000 ) ) ;
#9254 = ADVANCED_FACE ( 'NONE', ( #13380 ), #7109, .F. ) ;
#9255 = PLANE ( 'NONE',  #5726 ) ;
#9256 = EDGE_CURVE ( 'NONE', #2257, #2996, #6220, .T. ) ;
#9257 = ORIENTED_EDGE ( 'NONE', *, *, #11760, .T. ) ;
#9258 = EDGE_CURVE ( 'NONE', #13473, #6030, #10754, .T. ) ;
#9259 = LINE ( 'NONE', #8081, #180 ) ;
#9260 = VECTOR ( 'NONE', #8589, 1000.000000000000000 ) ;
#9261 = ORIENTED_EDGE ( 'NONE', *, *, #12664, .T. ) ;
#9262 = ORIENTED_EDGE ( 'NONE', *, *, #9016, .T. ) ;
#9263 = DIRECTION ( 'NONE',  ( 0.000000000000000000, 1.000000000000000000, 0.000000000000000000 ) ) ;
#9264 = CARTESIAN_POINT ( 'NONE',  ( 8.138021506676194704E-15, 0.06250000000000000000, -3.752999999999998781 ) ) ;
#9265 = VECTOR ( 'NONE', #1843, 1000.000000000000000 ) ;
#9266 = VERTEX_POINT ( 'NONE', #6556 ) ;
#9267 = PLANE ( 'NONE',  #2831 ) ;
#9268 = VECTOR ( 'NONE', #2753, 1000.000000000000000 ) ;
#9269 = DIRECTION ( 'NONE',  ( -2.693669993752811547E-16, 0.000000000000000000, -1.000000000000000000 ) ) ;
#9270 = LINE ( 'NONE', #3885, #4594 ) ;
#9271 =( LENGTH_UNIT ( ) NAMED_UNIT ( * ) SI_UNIT ( .MILLI., .METRE. ) );
#9272 = VERTEX_POINT ( 'NONE', #89 ) ;
#9273 = ADVANCED_FACE ( 'NONE', ( #9723 ), #4548, .F. ) ;
#9274 = EDGE_LOOP ( 'NONE', ( #2137, #2802, #5233, #9451 ) ) ;
#9275 = EDGE_CURVE ( 'NONE', #1154, #8869, #4281, .T. ) ;
#9276 = LINE ( 'NONE', #4037, #3340 ) ;
#9277 = DIRECTION ( 'NONE',  ( 0.000000000000000000, -0.000000000000000000, 1.000000000000000000 ) ) ;
#9278 = EDGE_LOOP ( 'NONE', ( #4344, #6434, #2856, #4867 ) ) ;
#9279 = CLOSED_SHELL ( 'NONE', ( #12762, #6817, #7574, #6833, #12506, #11669, #811, #7320, #3295, #1062, #6168, #2826, #8296, #9007 ) ) ;
#9280 = AXIS2_PLACEMENT_3D ( 'NONE', #12410, #12739, #2270 ) ;
#9281 =( NAMED_UNIT ( * ) SI_UNIT ( $, .STERADIAN. ) SOLID_ANGLE_UNIT ( ) );
#9282 = CARTESIAN_POINT ( 'NONE',  ( -2.750000000000000888, 0.4780000000000000360, -8.699999999999997513 ) ) ;
#9283 = LINE ( 'NONE', #13339, #8756 ) ;
#9284 = PLANE ( 'NONE',  #11056 ) ;
#9285 = CARTESIAN_POINT ( 'NONE',  ( -1.049999999999999600, 0.06250000000000000000, 0.000000000000000000 ) ) ;
#9286 = ORIENTED_EDGE ( 'NONE', *, *, #6147, .F. ) ;
#9287 = VECTOR ( 'NONE', #1155, 1000.000000000000000 ) ;
#9288 = DIRECTION ( 'NONE',  ( -0.000000000000000000, 0.000000000000000000, -1.000000000000000000 ) ) ;
#9289 = ORIENTED_EDGE ( 'NONE', *, *, #11510, .T. ) ;
#9290 = CARTESIAN_POINT ( 'NONE',  ( 0.08499999999999978406, 0.1125000000000000028, -7.653000000000000469 ) ) ;
#9291 = CARTESIAN_POINT ( 'NONE',  ( -4.187500000000001776, 0.06250000000000000000, -4.187500000000029310 ) ) ;
#9292 = VERTEX_POINT ( 'NONE', #11717 ) ;
#9293 = ORIENTED_EDGE ( 'NONE', *, *, #5329, .T. ) ;
#9294 = VECTOR ( 'NONE', #3140, 1000.000000000000000 ) ;
#9295 = DIRECTION ( 'NONE',  ( 1.084202172485504828E-15, 0.000000000000000000, -1.000000000000000000 ) ) ;
#9296 = VECTOR ( 'NONE', #11453, 1000.000000000000000 ) ;
#9297 = CARTESIAN_POINT ( 'NONE',  ( 1.800000000000000488, 0.4780000000000000360, -4.798000000000000043 ) ) ;
#9298 = PLANE ( 'NONE',  #9430 ) ;
#9299 = VERTEX_POINT ( 'NONE', #2411 ) ;
#9300 = ORIENTED_EDGE ( 'NONE', *, *, #7792, .F. ) ;
#9301 = DIRECTION ( 'NONE',  ( 0.7071067811865365815, 0.000000000000000000, 0.7071067811865584529 ) ) ;
#9302 = DIRECTION ( 'NONE',  ( 1.000000000000000000, 0.000000000000000000, -0.000000000000000000 ) ) ;
#9303 = LINE ( 'NONE', #2889, #2875 ) ;
#9304 = VECTOR ( 'NONE', #9334, 1000.000000000000000 ) ;
#9305 = DIRECTION ( 'NONE',  ( 0.000000000000000000, -1.000000000000000000, 0.000000000000000000 ) ) ;
#9306 = AXIS2_PLACEMENT_3D ( 'NONE', #6361, #4291, #3324 ) ;
#9307 = LINE ( 'NONE', #6016, #7221 ) ;
#9308 = EDGE_CURVE ( 'NONE', #6134, #9987, #7523, .T. ) ;
#9309 = EDGE_CURVE ( 'NONE', #1002, #2481, #5538, .T. ) ;
#9310 = DIRECTION ( 'NONE',  ( 0.000000000000000000, 1.000000000000000000, 0.000000000000000000 ) ) ;
#9311 = DIRECTION ( 'NONE',  ( -0.000000000000000000, 1.000000000000000000, -0.000000000000000000 ) ) ;
#9312 = DIRECTION ( 'NONE',  ( -0.7071067811865465735, 0.000000000000000000, -0.7071067811865485719 ) ) ;
#9313 = EDGE_CURVE ( 'NONE', #13279, #9937, #9785, .T. ) ;
#9314 = LINE ( 'NONE', #1302, #9815 ) ;
#9315 = ORIENTED_EDGE ( 'NONE', *, *, #12549, .F. ) ;
#9316 = DIRECTION ( 'NONE',  ( -0.7071067811865584529, 0.000000000000000000, -0.7071067811865365815 ) ) ;
#9317 = CARTESIAN_POINT ( 'NONE',  ( 1.620000000000009432, 0.1125000000000000028, -1.170938346284344986E-15 ) ) ;
#9318 = CARTESIAN_POINT ( 'NONE',  ( -1.717500000000000249, 0.1125000000000000028, -9.799999999999998934 ) ) ;
#9319 = FACE_OUTER_BOUND ( 'NONE', #6561, .T. ) ;
#9320 = ORIENTED_EDGE ( 'NONE', *, *, #1842, .T. ) ;
#9321 = EDGE_CURVE ( 'NONE', #6671, #2727, #298, .T. ) ;
#9322 = VERTEX_POINT ( 'NONE', #7444 ) ;
#9323 = VERTEX_POINT ( 'NONE', #1116 ) ;
#9324 = DIRECTION ( 'NONE',  ( -0.000000000000000000, -1.000000000000000000, -0.000000000000000000 ) ) ;
#9325 = EDGE_CURVE ( 'NONE', #11473, #10454, #11865, .T. ) ;
#9326 = EDGE_CURVE ( 'NONE', #3977, #10733, #3174, .T. ) ;
#9327 = EDGE_CURVE ( 'NONE', #10963, #2285, #9899, .T. ) ;
#9328 = EDGE_CURVE ( 'NONE', #1709, #10208, #1187, .T. ) ;
#9329 = DIRECTION ( 'NONE',  ( 0.7071067811865584529, 0.000000000000000000, -0.7071067811865365815 ) ) ;
#9330 = ORIENTED_EDGE ( 'NONE', *, *, #13468, .T. ) ;
#9331 = PLANE ( 'NONE',  #9217 ) ;
#9332 = SURFACE_SIDE_STYLE ('',( #11591 ) ) ;
#9333 = DIRECTION ( 'NONE',  ( 0.000000000000000000, 0.000000000000000000, -1.000000000000000000 ) ) ;
#9334 = DIRECTION ( 'NONE',  ( -1.000000000000000000, -0.000000000000000000, -1.084202172485504631E-15 ) ) ;
#9335 = VERTEX_POINT ( 'NONE', #3237 ) ;
#9336 = ORIENTED_EDGE ( 'NONE', *, *, #328, .F. ) ;
#9337 = CARTESIAN_POINT ( 'NONE',  ( 1.950000000000000400, 0.1125000000000000028, -9.799999999999998934 ) ) ;
#9338 = CARTESIAN_POINT ( 'NONE',  ( -1.867500000000000826, 0.06250000000000000000, -9.799999999999998934 ) ) ;
#9339 = ORIENTED_EDGE ( 'NONE', *, *, #13207, .T. ) ;
#9340 = ADVANCED_FACE ( 'NONE', ( #8686 ), #3441, .T. ) ;
#9341 = ADVANCED_FACE ( 'NONE', ( #7373 ), #150, .F. ) ;
#9342 = LINE ( 'NONE', #11480, #13177 ) ;
#9343 = EDGE_CURVE ( 'NONE', #4639, #60, #11647, .T. ) ;
#9344 = LINE ( 'NONE', #13284, #7425 ) ;
#9345 = DIRECTION ( 'NONE',  ( -0.000000000000000000, -1.000000000000000000, -0.000000000000000000 ) ) ;
#9346 = CARTESIAN_POINT ( 'NONE',  ( -2.149999999999999023, 0.2530000000000000027, 6.299999999999999822 ) ) ;
#9347 = CARTESIAN_POINT ( 'NONE',  ( 2.574999999999998845, 0.4780000000000000360, -8.875000000000000000 ) ) ;
#9348 = ORIENTED_EDGE ( 'NONE', *, *, #9485, .F. ) ;
#9349 = CARTESIAN_POINT ( 'NONE',  ( 0.8149999999999990585, 0.1125000000000000028, -8.389999999999998792 ) ) ;
#9350 = DIRECTION ( 'NONE',  ( 0.000000000000000000, -1.000000000000000000, -0.000000000000000000 ) ) ;
#9351 = ORIENTED_EDGE ( 'NONE', *, *, #488, .F. ) ;
#9352 = LINE ( 'NONE', #13495, #11048 ) ;
#9353 = DIRECTION ( 'NONE',  ( 0.7071067811865584529, 0.000000000000000000, -0.7071067811865365815 ) ) ;
#9354 = VERTEX_POINT ( 'NONE', #4345 ) ;
#9355 = ORIENTED_EDGE ( 'NONE', *, *, #10203, .F. ) ;
#9356 = FACE_OUTER_BOUND ( 'NONE', #7133, .T. ) ;
#9357 = LINE ( 'NONE', #963, #5057 ) ;
#9358 = EDGE_CURVE ( 'NONE', #1021, #2257, #7034, .T. ) ;
#9359 = DIRECTION ( 'NONE',  ( 0.000000000000000000, -0.000000000000000000, -1.000000000000000000 ) ) ;
#9360 = UNCERTAINTY_MEASURE_WITH_UNIT (LENGTH_MEASURE( 1.000000000000000082E-05 ), #1782, 'distance_accuracy_value', 'NONE');
#9361 = VERTEX_POINT ( 'NONE', #8619 ) ;
#9362 = ORIENTED_EDGE ( 'NONE', *, *, #9275, .T. ) ;
#9363 = PLANE ( 'NONE',  #6595 ) ;
#9364 = PLANE ( 'NONE',  #3700 ) ;
#9365 = EDGE_LOOP ( 'NONE', ( #12127, #6772, #12217, #11286 ) ) ;
#9366 = DIRECTION ( 'NONE',  ( -0.000000000000000000, 1.000000000000000000, -0.000000000000000000 ) ) ;
#9367 = CARTESIAN_POINT ( 'NONE',  ( 0.000000000000000000, 0.06250000000000000000, -9.875000000000000000 ) ) ;
#9368 = EDGE_LOOP ( 'NONE', ( #4921, #2288, #7380, #3778 ) ) ;
#9369 = AXIS2_PLACEMENT_3D ( 'NONE', #5479, #11659, #8634 ) ;
#9370 = FACE_OUTER_BOUND ( 'NONE', #10819, .T. ) ;
#9371 = CARTESIAN_POINT ( 'NONE',  ( 0.000000000000000000, 0.1125000000000000028, 0.000000000000000000 ) ) ;
#9372 = CARTESIAN_POINT ( 'NONE',  ( 2.149999999999999467, 7.883090691567329777, 6.299999999999999822 ) ) ;
#9373 = CARTESIAN_POINT ( 'NONE',  ( 4.787499999999999645, 0.06250000000000000000, -4.787500000000030731 ) ) ;
#9374 = VECTOR ( 'NONE', #10430, 1000.000000000000000 ) ;
#9375 = LINE ( 'NONE', #2012, #13123 ) ;
#9376 = ORIENTED_EDGE ( 'NONE', *, *, #6626, .T. ) ;
#9377 = DIRECTION ( 'NONE',  ( 1.000000000000000000, 0.000000000000000000, 0.000000000000000000 ) ) ;
#9378 = DIRECTION ( 'NONE',  ( 1.000000000000000000, 0.000000000000000000, -1.084202172485504631E-15 ) ) ;
#9379 = CARTESIAN_POINT ( 'NONE',  ( 0.05000000000000012768, 0.1125000000000000028, -3.753000000000000114 ) ) ;
#9380 = SURFACE_SIDE_STYLE ('',( #10494 ) ) ;
#9381 = DIRECTION ( 'NONE',  ( 0.000000000000000000, -0.000000000000000000, 1.000000000000000000 ) ) ;
#9382 = VERTEX_POINT ( 'NONE', #9653 ) ;
#9383 = ADVANCED_FACE ( 'NONE', ( #3380 ), #7590, .T. ) ;
#9384 = VECTOR ( 'NONE', #9933, 1000.000000000000000 ) ;
#9385 = ORIENTED_EDGE ( 'NONE', *, *, #6290, .F. ) ;
#9386 = ORIENTED_EDGE ( 'NONE', *, *, #1466, .F. ) ;
#9387 = ADVANCED_FACE ( 'NONE', ( #12129 ), #7715, .F. ) ;
#9388 = CARTESIAN_POINT ( 'NONE',  ( 0.2000000000000000944, 0.1125000000000000028, -3.402999999999999581 ) ) ;
#9389 = DIRECTION ( 'NONE',  ( 0.000000000000000000, 0.000000000000000000, -1.000000000000000000 ) ) ;
#9390 = EDGE_LOOP ( 'NONE', ( #10529, #6797, #9127, #6709 ) ) ;
#9391 = LINE ( 'NONE', #870, #8775 ) ;
#9392 =( NAMED_UNIT ( * ) SI_UNIT ( $, .STERADIAN. ) SOLID_ANGLE_UNIT ( ) );
#9393 = DIRECTION ( 'NONE',  ( 0.000000000000000000, 0.000000000000000000, -1.000000000000000000 ) ) ;
#9394 = DIRECTION ( 'NONE',  ( 1.000000000000000000, 0.000000000000000000, 0.000000000000000000 ) ) ;
#9395 = ORIENTED_EDGE ( 'NONE', *, *, #9173, .F. ) ;
#9396 = ORIENTED_EDGE ( 'NONE', *, *, #11781, .T. ) ;
#9397 = EDGE_CURVE ( 'NONE', #10451, #10133, #1526, .T. ) ;
#9398 = FACE_OUTER_BOUND ( 'NONE', #6933, .T. ) ;
#9399 = EDGE_CURVE ( 'NONE', #10778, #237, #7926, .T. ) ;
#9400 = LINE ( 'NONE', #4168, #13580 ) ;
#9401 = ORIENTED_EDGE ( 'NONE', *, *, #1487, .T. ) ;
#9402 = EDGE_CURVE ( 'NONE', #9529, #10879, #10888, .T. ) ;
#9403 = COLOUR_RGB ( '',1.000000000000000000, 0.8117647058823529438, 0.5019607843137254832 ) ;
#9404 = SURFACE_STYLE_USAGE ( .BOTH. , #5211 ) ;
#9405 = DIRECTION ( 'NONE',  ( -0.7071067811865804353, 0.000000000000000000, -0.7071067811865147101 ) ) ;
#9406 = FACE_OUTER_BOUND ( 'NONE', #7821, .T. ) ;
#9407 = SURFACE_STYLE_FILL_AREA ( #6183 ) ;
#9408 = LINE ( 'NONE', #9285, #11138 ) ;
#9409 = LINE ( 'NONE', #13614, #2476 ) ;
#9410 = ORIENTED_EDGE ( 'NONE', *, *, #3535, .F. ) ;
#9411 = FILL_AREA_STYLE_COLOUR ( '', #10358 ) ;
#9412 = CARTESIAN_POINT ( 'NONE',  ( 1.020000000000003570, 0.06250000000000000000, 0.000000000000000000 ) ) ;
#9413 = VERTEX_POINT ( 'NONE', #2542 ) ;
#9414 = MECHANICAL_DESIGN_GEOMETRIC_PRESENTATION_REPRESENTATION (  '', ( #3025 ), #1494 ) ;
#9415 = LINE ( 'NONE', #13421, #9495 ) ;
#9416 = ADVANCED_FACE ( 'NONE', ( #6831 ), #6900, .T. ) ;
#9417 = CARTESIAN_POINT ( 'NONE',  ( 4.902499999999977653, 0.06250000000000000000, -4.902500000000129532 ) ) ;
#9418 = EDGE_CURVE ( 'NONE', #1223, #7965, #10958, .T. ) ;
#9419 = ORIENTED_EDGE ( 'NONE', *, *, #7646, .F. ) ;
#9420 = AXIS2_PLACEMENT_3D ( 'NONE', #11869, #7941, #4710 ) ;
#9421 = ORIENTED_EDGE ( 'NONE', *, *, #9219, .T. ) ;
#9422 = EDGE_CURVE ( 'NONE', #11073, #5517, #1597, .T. ) ;
#9423 = VERTEX_POINT ( 'NONE', #5864 ) ;
#9424 = MECHANICAL_DESIGN_GEOMETRIC_PRESENTATION_REPRESENTATION (  '', ( #5477 ), #3461 ) ;
#9425 = FACE_OUTER_BOUND ( 'NONE', #13586, .T. ) ;
#9426 = DIRECTION ( 'NONE',  ( 2.710505431213760099E-16, 0.000000000000000000, 1.000000000000000000 ) ) ;
#9427 = EDGE_CURVE ( 'NONE', #11534, #8511, #13239, .T. ) ;
#9428 = CARTESIAN_POINT ( 'NONE',  ( -1.900000000000000355, 0.06250000000000000000, -3.753000000000000114 ) ) ;
#9429 = VECTOR ( 'NONE', #11163, 1000.000000000000000 ) ;
#9430 = AXIS2_PLACEMENT_3D ( 'NONE', #5032, #8201, #12404 ) ;
#9431 = VECTOR ( 'NONE', #11775, 1000.000000000000000 ) ;
#9432 = VERTEX_POINT ( 'NONE', #8896 ) ;
#9433 = ORIENTED_EDGE ( 'NONE', *, *, #10248, .F. ) ;
#9434 = FACE_OUTER_BOUND ( 'NONE', #3115, .T. ) ;
#9435 = FACE_OUTER_BOUND ( 'NONE', #4650, .T. ) ;
#9436 = ORIENTED_EDGE ( 'NONE', *, *, #8209, .F. ) ;
#9437 = PLANE ( 'NONE',  #5971 ) ;
#9438 = DIRECTION ( 'NONE',  ( 0.000000000000000000, -0.000000000000000000, -1.000000000000000000 ) ) ;
#9439 = ORIENTED_EDGE ( 'NONE', *, *, #3373, .T. ) ;
#9440 = ADVANCED_FACE ( 'NONE', ( #4906 ), #1726, .F. ) ;
#9441 = AXIS2_PLACEMENT_3D ( 'NONE', #2870, #11287, #5090 ) ;
#9442 = VECTOR ( 'NONE', #5676, 1000.000000000000000 ) ;
#9443 = VECTOR ( 'NONE', #1331, 1000.000000000000000 ) ;
#9444 = VECTOR ( 'NONE', #2958, 1000.000000000000000 ) ;
#9445 = CARTESIAN_POINT ( 'NONE',  ( -5.022500000000017728, 0.06250000000000000000, -5.022499999999848974 ) ) ;
#9446 = CARTESIAN_POINT ( 'NONE',  ( -1.285000000000000142, 0.06250000000000000000, -7.653000000000000469 ) ) ;
#9447 = AXIS2_PLACEMENT_3D ( 'NONE', #7330, #9535, #2228 ) ;
#9448 =( NAMED_UNIT ( * ) SI_UNIT ( $, .STERADIAN. ) SOLID_ANGLE_UNIT ( ) );
#9449 = DIRECTION ( 'NONE',  ( 1.000000000000000000, 0.000000000000000000, 2.168404344971009262E-15 ) ) ;
#9450 = VECTOR ( 'NONE', #10291, 1000.000000000000000 ) ;
#9451 = ORIENTED_EDGE ( 'NONE', *, *, #3844, .T. ) ;
#9452 = DIRECTION ( 'NONE',  ( 0.000000000000000000, 0.000000000000000000, -1.000000000000000000 ) ) ;
#9453 = VECTOR ( 'NONE', #12682, 1000.000000000000000 ) ;
#9454 = DIRECTION ( 'NONE',  ( 2.693669993752817464E-16, 0.000000000000000000, -1.000000000000000000 ) ) ;
#9455 = CARTESIAN_POINT ( 'NONE',  ( -2.150000000000000799, 0.4780000000000000360, -8.125000000000000000 ) ) ;
#9456 = CARTESIAN_POINT ( 'NONE',  ( -0.5019999999999983364, 2.880000000000000338, 8.799999999999998934 ) ) ;
#9457 = ORIENTED_EDGE ( 'NONE', *, *, #10683, .T. ) ;
#9458 = VERTEX_POINT ( 'NONE', #3647 ) ;
#9459 = ORIENTED_EDGE ( 'NONE', *, *, #9143, .T. ) ;
#9460 = CIRCLE ( 'NONE', #9028, 0.1749999999999998224 ) ;
#9461 = MECHANICAL_DESIGN_GEOMETRIC_PRESENTATION_REPRESENTATION (  '', ( #6166 ), #12754 ) ;
#9462 = FACE_OUTER_BOUND ( 'NONE', #487, .T. ) ;
#9463 = EDGE_CURVE ( 'NONE', #13314, #9206, #12958, .T. ) ;
#9464 = DIRECTION ( 'NONE',  ( -0.7071067811865584529, 0.000000000000000000, -0.7071067811865365815 ) ) ;
#9465 = ORIENTED_EDGE ( 'NONE', *, *, #5116, .F. ) ;
#9466 = FACE_OUTER_BOUND ( 'NONE', #3151, .T. ) ;
#9467 = DIRECTION ( 'NONE',  ( 2.891205793294662451E-15, 0.000000000000000000, -1.000000000000000000 ) ) ;
#9468 = PLANE ( 'NONE',  #3853 ) ;
#9469 = DIRECTION ( 'NONE',  ( 0.000000000000000000, 0.000000000000000000, 1.000000000000000000 ) ) ;
#9470 = EDGE_LOOP ( 'NONE', ( #5559, #579, #4701, #106 ) ) ;
#9471 = COLOUR_RGB ( '',1.000000000000000000, 0.8117647058823529438, 0.5019607843137254832 ) ;
#9472 = ORIENTED_EDGE ( 'NONE', *, *, #10515, .F. ) ;
#9473 = LINE ( 'NONE', #11735, #12822 ) ;
#9474 = DIRECTION ( 'NONE',  ( 0.000000000000000000, 0.000000000000000000, -1.000000000000000000 ) ) ;
#9475 = ORIENTED_EDGE ( 'NONE', *, *, #136, .F. ) ;
#9476 = CARTESIAN_POINT ( 'NONE',  ( -0.2019999999999982920, 2.880000000000000338, 8.949999999999999289 ) ) ;
#9477 = AXIS2_PLACEMENT_3D ( 'NONE', #11335, #3968, #8298 ) ;
#9478 = DIRECTION ( 'NONE',  ( 0.000000000000000000, -0.000000000000000000, 1.000000000000000000 ) ) ;
#9479 = VECTOR ( 'NONE', #9861, 1000.000000000000000 ) ;
#9480 = EDGE_CURVE ( 'NONE', #13303, #6500, #7847, .T. ) ;
#9481 = ADVANCED_FACE ( 'NONE', ( #5662 ), #2482, .T. ) ;
#9482 = LINE ( 'NONE', #3343, #1502 ) ;
#9483 = CARTESIAN_POINT ( 'NONE',  ( 2.149999999999999911, 0.000000000000000000, 6.299999999999999822 ) ) ;
#9484 = DIRECTION ( 'NONE',  ( 1.196361017915039437E-15, 0.000000000000000000, 1.000000000000000000 ) ) ;
#9485 = EDGE_CURVE ( 'NONE', #4051, #10766, #2619, .T. ) ;
#9486 = CARTESIAN_POINT ( 'NONE',  ( 0.9850000000000036504, 0.1125000000000000028, -8.389999999999998792 ) ) ;
#9487 = ORIENTED_EDGE ( 'NONE', *, *, #4465, .T. ) ;
#9488 = DIRECTION ( 'NONE',  ( -0.000000000000000000, 1.000000000000000000, -0.000000000000000000 ) ) ;
#9489 = DIRECTION ( 'NONE',  ( 0.000000000000000000, 0.000000000000000000, 1.000000000000000000 ) ) ;
#9490 = ORIENTED_EDGE ( 'NONE', *, *, #5710, .T. ) ;
#9491 = VECTOR ( 'NONE', #461, 1000.000000000000000 ) ;
#9492 = CARTESIAN_POINT ( 'NONE',  ( 0.05000000000000012768, 0.06250000000000000000, -4.753000000000000114 ) ) ;
#9493 = CARTESIAN_POINT ( 'NONE',  ( -0.07499999999954208574, 0.06250000000000000000, 3.469446951932411974E-15 ) ) ;
#9494 = ORIENTED_EDGE ( 'NONE', *, *, #8419, .T. ) ;
#9495 = VECTOR ( 'NONE', #4957, 1000.000000000000000 ) ;
#9496 = ORIENTED_EDGE ( 'NONE', *, *, #4697, .F. ) ;
#9497 = ORIENTED_EDGE ( 'NONE', *, *, #7866, .F. ) ;
#9498 =( LENGTH_UNIT ( ) NAMED_UNIT ( * ) SI_UNIT ( .MILLI., .METRE. ) );
#9499 = CARTESIAN_POINT ( 'NONE',  ( -0.07499999999999520939, 0.06250000000000000000, -9.799999999999998934 ) ) ;
#9500 = EDGE_CURVE ( 'NONE', #1709, #2681, #11033, .T. ) ;
#9501 = EDGE_CURVE ( 'NONE', #8499, #1683, #13026, .T. ) ;
#9502 = VECTOR ( 'NONE', #12777, 1000.000000000000000 ) ;
#9503 = ADVANCED_FACE ( 'NONE', ( #4755 ), #7784, .T. ) ;
#9504 = ORIENTED_EDGE ( 'NONE', *, *, #4850, .T. ) ;
#9505 = EDGE_LOOP ( 'NONE', ( #7589, #4904, #649, #7118 ) ) ;
#9506 = CARTESIAN_POINT ( 'NONE',  ( 0.8150000000000213740, 0.06250000000000000000, -2.158106630985455784E-15 ) ) ;
#9507 = DIRECTION ( 'NONE',  ( 0.000000000000000000, -0.000000000000000000, 1.000000000000000000 ) ) ;
#9508 = ORIENTED_EDGE ( 'NONE', *, *, #12878, .F. ) ;
#9509 = CARTESIAN_POINT ( 'NONE',  ( -1.799999999999998268, 0.4780000000000000360, -2.128000000000000114 ) ) ;
#9510 = DIRECTION ( 'NONE',  ( 0.000000000000000000, 0.000000000000000000, -1.000000000000000000 ) ) ;
#9511 = ORIENTED_EDGE ( 'NONE', *, *, #1254, .T. ) ;
#9512 = DIRECTION ( 'NONE',  ( -0.7071067811865465735, 0.000000000000000000, -0.7071067811865485719 ) ) ;
#9513 = VECTOR ( 'NONE', #191, 1000.000000000000000 ) ;
#9514 = VECTOR ( 'NONE', #12985, 1000.000000000000000 ) ;
#9515 = DIRECTION ( 'NONE',  ( 1.000000000000000000, 0.000000000000000000, -1.084202172485505815E-15 ) ) ;
#9516 = EDGE_CURVE ( 'NONE', #6861, #167, #11302, .T. ) ;
#9517 = DIRECTION ( 'NONE',  ( 1.000000000000000000, 0.000000000000000000, -1.355252715606880049E-16 ) ) ;
#9518 = ADVANCED_FACE ( 'NONE', ( #5106 ), #9363, .F. ) ;
#9519 = VECTOR ( 'NONE', #11313, 1000.000000000000000 ) ;
#9520 = EDGE_LOOP ( 'NONE', ( #8847, #13295, #13141, #6258 ) ) ;
#9521 = DIRECTION ( 'NONE',  ( 0.000000000000000000, 0.000000000000000000, 1.000000000000000000 ) ) ;
#9522 = VECTOR ( 'NONE', #4994, 1000.000000000000000 ) ;
#9523 = LINE ( 'NONE', #90, #6570 ) ;
#9524 = LINE ( 'NONE', #2016, #13154 ) ;
#9525 = DIRECTION ( 'NONE',  ( 0.7071067811865584529, 0.000000000000000000, -0.7071067811865365815 ) ) ;
#9526 = DIRECTION ( 'NONE',  ( -1.084202172485504828E-15, 0.000000000000000000, -1.000000000000000000 ) ) ;
#9527 = ORIENTED_EDGE ( 'NONE', *, *, #6224, .T. ) ;
#9528 = ORIENTED_EDGE ( 'NONE', *, *, #7792, .T. ) ;
#9529 = VERTEX_POINT ( 'NONE', #7030 ) ;
#9530 = DIRECTION ( 'NONE',  ( 0.000000000000000000, -1.000000000000000000, 0.000000000000000000 ) ) ;
#9531 = CARTESIAN_POINT ( 'NONE',  ( -0.2000000000000000944, 0.1125000000000000028, -3.752999999999999226 ) ) ;
#9532 = EDGE_LOOP ( 'NONE', ( #1787, #5388, #7495, #966 ) ) ;
#9533 = DIRECTION ( 'NONE',  ( -0.7071067811865497932, 0.000000000000000000, -0.7071067811865452413 ) ) ;
#9534 = LINE ( 'NONE', #2227, #8423 ) ;
#9535 = DIRECTION ( 'NONE',  ( -0.000000000000000000, -1.000000000000000000, -0.000000000000000000 ) ) ;
#9536 = DIRECTION ( 'NONE',  ( 0.000000000000000000, 0.000000000000000000, -1.000000000000000000 ) ) ;
#9537 = AXIS2_PLACEMENT_3D ( 'NONE', #5268, #8440, #2920 ) ;
#9538 = EDGE_LOOP ( 'NONE', ( #11891, #110, #5095, #10673 ) ) ;
#9539 = ORIENTED_EDGE ( 'NONE', *, *, #4098, .T. ) ;
#9540 = PLANE ( 'NONE',  #6878 ) ;
#9541 = DIRECTION ( 'NONE',  ( -1.000000000000000000, -0.000000000000000000, 3.469446951953515108E-14 ) ) ;
#9542 = ORIENTED_EDGE ( 'NONE', *, *, #7953, .T. ) ;
#9543 = LINE ( 'NONE', #182, #3351 ) ;
#9544 =( NAMED_UNIT ( * ) SI_UNIT ( $, .STERADIAN. ) SOLID_ANGLE_UNIT ( ) );
#9545 = DIRECTION ( 'NONE',  ( 1.000000000000000000, 0.000000000000000000, 0.000000000000000000 ) ) ;
#9546 = PRESENTATION_STYLE_ASSIGNMENT (( #886 ) ) ;
#9547 = CARTESIAN_POINT ( 'NONE',  ( 2.750000000000000000, 0.1125000000000000028, -8.699999999999999289 ) ) ;
#9548 = ORIENTED_EDGE ( 'NONE', *, *, #12402, .T. ) ;
#9549 = DIRECTION ( 'NONE',  ( -0.000000000000000000, 0.000000000000000000, 1.000000000000000000 ) ) ;
#9550 = DIRECTION ( 'NONE',  ( 1.084202172485504828E-15, 0.000000000000000000, -1.000000000000000000 ) ) ;
#9551 = ORIENTED_EDGE ( 'NONE', *, *, #6415, .T. ) ;
#9552 = DIRECTION ( 'NONE',  ( 1.000000000000000000, 0.000000000000000000, -4.625929269271459921E-14 ) ) ;
#9553 = DIRECTION ( 'NONE',  ( 0.7071067811865593411, 0.000000000000000000, -0.7071067811865358044 ) ) ;
#9554 = ORIENTED_EDGE ( 'NONE', *, *, #3516, .F. ) ;
#9555 = EDGE_LOOP ( 'NONE', ( #6257, #3216, #11462, #8111 ) ) ;
#9556 = ADVANCED_FACE ( 'NONE', ( #3092 ), #5169, .T. ) ;
#9557 = EDGE_LOOP ( 'NONE', ( #4811, #10001, #11116, #4293 ) ) ;
#9558 = ORIENTED_EDGE ( 'NONE', *, *, #1871, .T. ) ;
#9559 = MANIFOLD_SOLID_BREP ( 'Boss-Extrude9[10]', #9943 ) ;
#9560 = PRESENTATION_STYLE_ASSIGNMENT (( #3361 ) ) ;
#9561 = PLANE ( 'NONE',  #7231 ) ;
#9562 = CARTESIAN_POINT ( 'NONE',  ( -2.200000000000000622, 0.2530000000000000027, -6.460000000000002629 ) ) ;
#9563 = ORIENTED_EDGE ( 'NONE', *, *, #11992, .T. ) ;
#9564 = VERTEX_POINT ( 'NONE', #13435 ) ;
#9565 = FACE_OUTER_BOUND ( 'NONE', #7862, .T. ) ;
#9566 = CARTESIAN_POINT ( 'NONE',  ( 0.6499999999999991340, 0.06250000000000000000, -8.424999999999997158 ) ) ;
#9567 = ORIENTED_EDGE ( 'NONE', *, *, #9587, .T. ) ;
#9568 = LINE ( 'NONE', #2329, #11251 ) ;
#9569 = DIRECTION ( 'NONE',  ( 0.000000000000000000, 1.000000000000000000, 0.000000000000000000 ) ) ;
#9570 = ORIENTED_EDGE ( 'NONE', *, *, #158, .F. ) ;
#9571 = ADVANCED_FACE ( 'NONE', ( #1928 ), #11365, .T. ) ;
#9572 = LINE ( 'NONE', #9643, #1707 ) ;
#9573 = ADVANCED_FACE ( 'NONE', ( #1996 ), #13362, .F. ) ;
#9574 = EDGE_CURVE ( 'NONE', #1802, #2062, #11501, .T. ) ;
#9575 = FACE_OUTER_BOUND ( 'NONE', #5579, .T. ) ;
#9576 = CARTESIAN_POINT ( 'NONE',  ( 2.350000000000000089, 0.2530000000000000027, -8.325000000000001066 ) ) ;
#9577 =( LENGTH_UNIT ( ) NAMED_UNIT ( * ) SI_UNIT ( .MILLI., .METRE. ) );
#9578 = CARTESIAN_POINT ( 'NONE',  ( -1.642499999999990301, 0.1125000000000000028, 1.780802068307431172E-15 ) ) ;
#9579 = EDGE_LOOP ( 'NONE', ( #6493, #8482, #2886, #4770 ) ) ;
#9581 = MANIFOLD_SOLID_BREP ( 'Boss-Extrude8', #3990 ) ;
#9580 = DIRECTION ( 'NONE',  ( -0.000000000000000000, 0.000000000000000000, 1.000000000000000000 ) ) ;
#9582 = CARTESIAN_POINT ( 'NONE',  ( -2.200000000000000622, 0.000000000000000000, 6.300000000000001599 ) ) ;
#9583 = CARTESIAN_POINT ( 'NONE',  ( 1.750000000000000666, 0.06250000000000000000, -4.753000000000000114 ) ) ;
#9584 = FACE_OUTER_BOUND ( 'NONE', #2600, .T. ) ;
#9585 = CARTESIAN_POINT ( 'NONE',  ( 1.742500000000004157, 0.1125000000000000028, -8.424999999999997158 ) ) ;
#9586 = VERTEX_POINT ( 'NONE', #4473 ) ;
#9587 = EDGE_CURVE ( 'NONE', #8957, #8323, #10343, .T. ) ;
#9588 = ADVANCED_FACE ( 'NONE', ( #9565 ), #8407, .T. ) ;
#9589 = VERTEX_POINT ( 'NONE', #2326 ) ;
#9590 = ORIENTED_EDGE ( 'NONE', *, *, #6502, .T. ) ;
#9591 = EDGE_CURVE ( 'NONE', #327, #8454, #10543, .T. ) ;
#9592 = DIRECTION ( 'NONE',  ( -0.000000000000000000, 1.000000000000000000, -0.000000000000000000 ) ) ;
#9593 = VECTOR ( 'NONE', #4292, 1000.000000000000000 ) ;
#9594 = CARTESIAN_POINT ( 'NONE',  ( 1.649999999999999245, 0.4780000000000000360, 3.575000000000000178 ) ) ;
#9595 = ORIENTED_EDGE ( 'NONE', *, *, #3404, .T. ) ;
#9596 = LINE ( 'NONE', #4494, #5713 ) ;
#9597 = DIRECTION ( 'NONE',  ( 0.000000000000000000, 0.000000000000000000, -1.000000000000000000 ) ) ;
#9598 = LINE ( 'NONE', #1337, #8624 ) ;
#9599 = VECTOR ( 'NONE', #5322, 1000.000000000000000 ) ;
#9600 = PLANE ( 'NONE',  #9981 ) ;
#9601 = VERTEX_POINT ( 'NONE', #8672 ) ;
#9602 = ORIENTED_EDGE ( 'NONE', *, *, #13370, .F. ) ;
#9603 = LINE ( 'NONE', #6243, #9502 ) ;
#9604 = AXIS2_PLACEMENT_3D ( 'NONE', #11968, #5845, #6879 ) ;
#9605 = CARTESIAN_POINT ( 'NONE',  ( -1.642500000000000293, 0.06250000000000000000, -9.125000000000000000 ) ) ;
#9606 = ORIENTED_EDGE ( 'NONE', *, *, #10062, .F. ) ;
#9607 = ADVANCED_FACE ( 'NONE', ( #134 ), #10614, .F. ) ;
#9608 = LINE ( 'NONE', #6583, #7303 ) ;
#9609 = DIRECTION ( 'NONE',  ( 0.7071067811865497932, 0.000000000000000000, -0.7071067811865452413 ) ) ;
#9610 = DIRECTION ( 'NONE',  ( 1.355252715606880049E-16, 0.000000000000000000, 1.000000000000000000 ) ) ;
#9611 =( NAMED_UNIT ( * ) SI_UNIT ( $, .STERADIAN. ) SOLID_ANGLE_UNIT ( ) );
#9612 = LINE ( 'NONE', #11678, #11189 ) ;
#9613 = CARTESIAN_POINT ( 'NONE',  ( 1.585000000000001297, 0.06250000000000000000, 4.663393333485835159E-16 ) ) ;
#9614 = LINE ( 'NONE', #190, #4430 ) ;
#9615 = DIRECTION ( 'NONE',  ( 1.000000000000000000, 0.000000000000000000, 1.084202172485504828E-15 ) ) ;
#9616 = ORIENTED_EDGE ( 'NONE', *, *, #10166, .F. ) ;
#9617 = SURFACE_STYLE_USAGE ( .BOTH. , #2112 ) ;
#9618 = FACE_OUTER_BOUND ( 'NONE', #1648, .T. ) ;
#9619 = ORIENTED_EDGE ( 'NONE', *, *, #6533, .T. ) ;
#9620 = LINE ( 'NONE', #9492, #9287 ) ;
#9621 = VECTOR ( 'NONE', #11479, 1000.000000000000000 ) ;
#9622 = PLANE ( 'NONE',  #10788 ) ;
#9623 = VERTEX_POINT ( 'NONE', #7360 ) ;
#9624 = ORIENTED_EDGE ( 'NONE', *, *, #13282, .F. ) ;
#9625 = ORIENTED_EDGE ( 'NONE', *, *, #4215, .F. ) ;
#9626 = MANIFOLD_SOLID_BREP ( 'Cut-Extrude2[1]', #12355 ) ;
#9627 = DIRECTION ( 'NONE',  ( 0.7071067811865365815, 0.000000000000000000, 0.7071067811865584529 ) ) ;
#9628 = FACE_OUTER_BOUND ( 'NONE', #69, .T. ) ;
#9629 = VECTOR ( 'NONE', #12119, 1000.000000000000000 ) ;
#9630 = CARTESIAN_POINT ( 'NONE',  ( -1.350000000000000533, 0.000000000000000000, -5.612999999999999545 ) ) ;
#9631 = EDGE_CURVE ( 'NONE', #5818, #3247, #12736, .T. ) ;
#9632 = CARTESIAN_POINT ( 'NONE',  ( 2.574999999999998845, 0.2530000000000000027, -8.325000000000001066 ) ) ;
#9633 = VERTEX_POINT ( 'NONE', #2125 ) ;
#9634 = ORIENTED_EDGE ( 'NONE', *, *, #404, .T. ) ;
#9635 = CARTESIAN_POINT ( 'NONE',  ( 0.000000000000000000, 0.06250000000000000000, 0.000000000000000000 ) ) ;
#9636 = VECTOR ( 'NONE', #4924, 1000.000000000000000 ) ;
#9637 = CARTESIAN_POINT ( 'NONE',  ( 2.149999999999999911, 0.2530000000000000027, -9.074999999999999289 ) ) ;
#9638 = ORIENTED_EDGE ( 'NONE', *, *, #3001, .F. ) ;
#9639 = DIRECTION ( 'NONE',  ( 0.000000000000000000, 0.000000000000000000, -1.000000000000000000 ) ) ;
#9640 = DIRECTION ( 'NONE',  ( 0.000000000000000000, 0.000000000000000000, -1.000000000000000000 ) ) ;
#9641 = VERTEX_POINT ( 'NONE', #2199 ) ;
#9642 = VECTOR ( 'NONE', #6035, 1000.000000000000000 ) ;
#9643 = CARTESIAN_POINT ( 'NONE',  ( -4.487499999999999822, 0.1125000000000000028, -4.487500000000030020 ) ) ;
#9644 = VECTOR ( 'NONE', #4829, 1000.000000000000000 ) ;
#9645 = AXIS2_PLACEMENT_3D ( 'NONE', #903, #13358, #9359 ) ;
#9646 = LINE ( 'NONE', #3027, #6799 ) ;
#9647 = VECTOR ( 'NONE', #6621, 1000.000000000000000 ) ;
#9648 = DIRECTION ( 'NONE',  ( -0.000000000000000000, 1.000000000000000000, -0.000000000000000000 ) ) ;
#9649 = FILL_AREA_STYLE_COLOUR ( '', #2394 ) ;
#9650 = EDGE_CURVE ( 'NONE', #6425, #6704, #5310, .T. ) ;
#9651 = EDGE_CURVE ( 'NONE', #8721, #448, #213, .T. ) ;
#9652 = ORIENTED_EDGE ( 'NONE', *, *, #3593, .F. ) ;
#9653 = CARTESIAN_POINT ( 'NONE',  ( 0.5049999999999991163, 0.4780000000000000360, 2.674999999999999822 ) ) ;
#9654 = DIRECTION ( 'NONE',  ( -0.7071067811865454633, 0.000000000000000000, -0.7071067811865496822 ) ) ;
#9655 = ADVANCED_FACE ( 'NONE', ( #7507 ), #11830, .F. ) ;
#9656 = CARTESIAN_POINT ( 'NONE',  ( 1.390000000000000346, 1.319999999999999840, 6.299999999999999822 ) ) ;
#9657 = VECTOR ( 'NONE', #6027, 1000.000000000000000 ) ;
#9658 = CARTESIAN_POINT ( 'NONE',  ( 0.08500000000003754552, 0.06250000000000000000, -4.001397434412323245E-16 ) ) ;
#9659 = VECTOR ( 'NONE', #6293, 1000.000000000000000 ) ;
#9660 = VERTEX_POINT ( 'NONE', #2393 ) ;
#9661 = AXIS2_PLACEMENT_3D ( 'NONE', #7598, #6108, #4492 ) ;
#9662 = VERTEX_POINT ( 'NONE', #10674 ) ;
#9663 =( GEOMETRIC_REPRESENTATION_CONTEXT ( 3 ) GLOBAL_UNCERTAINTY_ASSIGNED_CONTEXT ( ( #705 ) ) GLOBAL_UNIT_ASSIGNED_CONTEXT ( ( #9577, #1036, #9448 ) ) REPRESENTATION_CONTEXT ( 'NONE', 'WORKASPACE' ) );
#9664 = DIRECTION ( 'NONE',  ( 0.000000000000000000, 0.000000000000000000, -1.000000000000000000 ) ) ;
#9665 = VECTOR ( 'NONE', #1766, 1000.000000000000000 ) ;
#9666 = VECTOR ( 'NONE', #13078, 1000.000000000000000 ) ;
#9667 = CARTESIAN_POINT ( 'NONE',  ( 0.6750000000000015987, 0.1125000000000000028, -9.875000000000000000 ) ) ;
#9668 = VECTOR ( 'NONE', #11162, 1000.000000000000000 ) ;
#9669 = AXIS2_PLACEMENT_3D ( 'NONE', #926, #7172, #5124 ) ;
#9670 = EDGE_CURVE ( 'NONE', #6837, #5460, #4406, .T. ) ;
#9671 = DIRECTION ( 'NONE',  ( 1.000000000000000000, 0.000000000000000000, 0.000000000000000000 ) ) ;
#9672 = DIRECTION ( 'NONE',  ( -0.000000000000000000, 0.000000000000000000, -1.000000000000000000 ) ) ;
#9673 = DIRECTION ( 'NONE',  ( -0.7071067811865584529, 0.000000000000000000, -0.7071067811865365815 ) ) ;
#9674 = DIRECTION ( 'NONE',  ( 0.000000000000000000, -0.000000000000000000, 1.000000000000000000 ) ) ;
#9675 = ADVANCED_FACE ( 'NONE', ( #9434 ), #12814, .F. ) ;
#9676 = EDGE_LOOP ( 'NONE', ( #11069, #9966, #3499, #77 ) ) ;
#9677 = ORIENTED_EDGE ( 'NONE', *, *, #8920, .T. ) ;
#9678 = VECTOR ( 'NONE', #13109, 1000.000000000000000 ) ;
#9679 = LINE ( 'NONE', #253, #7505 ) ;
#9680 = AXIS2_PLACEMENT_3D ( 'NONE', #11768, #11703, #12875 ) ;
#9681 = ORIENTED_EDGE ( 'NONE', *, *, #992, .F. ) ;
#9682 = DIRECTION ( 'NONE',  ( 1.000000000000000000, 0.000000000000000000, 0.000000000000000000 ) ) ;
#9683 = DIRECTION ( 'NONE',  ( 0.000000000000000000, 1.000000000000000000, 0.000000000000000000 ) ) ;
#9684 = DIRECTION ( 'NONE',  ( 1.084202172485504828E-15, 0.000000000000000000, -1.000000000000000000 ) ) ;
#9685 = AXIS2_PLACEMENT_3D ( 'NONE', #346, #9714, #4333 ) ;
#9686 = CARTESIAN_POINT ( 'NONE',  ( 1.649999999999999245, 0.4780000000000000360, 3.174999999999999822 ) ) ;
#9687 = EDGE_CURVE ( 'NONE', #5649, #10206, #12036, .T. ) ;
#9688 = AXIS2_PLACEMENT_3D ( 'NONE', #11813, #12919, #8930 ) ;
#9689 = DIRECTION ( 'NONE',  ( -2.891205793294662451E-15, 0.000000000000000000, -1.000000000000000000 ) ) ;
#9690 = CARTESIAN_POINT ( 'NONE',  ( 0.000000000000000000, 0.06250000000000000000, -7.653000000000000469 ) ) ;
#9691 = EDGE_CURVE ( 'NONE', #10733, #8319, #3493, .T. ) ;
#9692 = DIRECTION ( 'NONE',  ( 1.000000000000000000, 0.000000000000000000, -1.084202172485504631E-15 ) ) ;
#9693 = ORIENTED_EDGE ( 'NONE', *, *, #12970, .F. ) ;
#9694 = CARTESIAN_POINT ( 'NONE',  ( -1.500000000000000444, 0.06250000000000000000, 0.000000000000000000 ) ) ;
#9695 = LINE ( 'NONE', #4641, #3487 ) ;
#9696 = ORIENTED_EDGE ( 'NONE', *, *, #7499, .T. ) ;
#9697 = CARTESIAN_POINT ( 'NONE',  ( -1.350000000000000533, 0.2530000000000000027, -6.012999999999999901 ) ) ;
#9698 = DIRECTION ( 'NONE',  ( -4.625929269271459921E-14, 0.000000000000000000, -1.000000000000000000 ) ) ;
#9699 = ORIENTED_EDGE ( 'NONE', *, *, #1411, .F. ) ;
#9700 = ORIENTED_EDGE ( 'NONE', *, *, #10019, .F. ) ;
#9701 = ORIENTED_EDGE ( 'NONE', *, *, #508, .F. ) ;
#9702 = ORIENTED_EDGE ( 'NONE', *, *, #11106, .T. ) ;
#9703 = MANIFOLD_SOLID_BREP ( 'Boss-Extrude9[9]', #5099 ) ;
#9704 = DIRECTION ( 'NONE',  ( 0.000000000000000000, 0.000000000000000000, -1.000000000000000000 ) ) ;
#9705 = CARTESIAN_POINT ( 'NONE',  ( -0.2149999999999964440, 0.06250000000000000000, -8.389999999999998792 ) ) ;
#9706 = FILL_AREA_STYLE_COLOUR ( '', #11388 ) ;
#9707 = DIRECTION ( 'NONE',  ( 0.7071067811865513475, 0.000000000000000000, -0.7071067811865437980 ) ) ;
#9708 = ORIENTED_EDGE ( 'NONE', *, *, #11198, .F. ) ;
#9709 = ORIENTED_EDGE ( 'NONE', *, *, #11362, .F. ) ;
#9710 = AXIS2_PLACEMENT_3D ( 'NONE', #9024, #5851, #4743 ) ;
#9711 = CARTESIAN_POINT ( 'NONE',  ( 0.000000000000000000, 0.06250000000000000000, -2.403000000000000025 ) ) ;
#9712 = ORIENTED_EDGE ( 'NONE', *, *, #5731, .F. ) ;
#9713 = LINE ( 'NONE', #7511, #482 ) ;
#9714 = DIRECTION ( 'NONE',  ( 0.000000000000000000, -1.000000000000000000, 0.000000000000000000 ) ) ;
#9715 = ORIENTED_EDGE ( 'NONE', *, *, #6453, .T. ) ;
#9716 = DIRECTION ( 'NONE',  ( 1.000000000000000000, 0.000000000000000000, 0.000000000000000000 ) ) ;
#9717 = CLOSED_SHELL ( 'NONE', ( #4535, #6106, #10170, #10632, #2687, #12546, #5118, #4040, #4078, #1925, #2269, #5533, #9588, #9573 ) ) ;
#9718 = VECTOR ( 'NONE', #2925, 1000.000000000000000 ) ;
#9719 = FACE_OUTER_BOUND ( 'NONE', #13524, .T. ) ;
#9720 = LINE ( 'NONE', #1383, #1489 ) ;
#9721 = FACE_OUTER_BOUND ( 'NONE', #5363, .T. ) ;
#9722 = EDGE_LOOP ( 'NONE', ( #3215, #9436, #13352, #4686 ) ) ;
#9723 = FACE_OUTER_BOUND ( 'NONE', #5960, .T. ) ;
#9724 = LINE ( 'NONE', #3442, #2818 ) ;
#9725 = CARTESIAN_POINT ( 'NONE',  ( -0.8019999999999980478, 1.089999999999999414, 8.949999999999999289 ) ) ;
#9726 = LINE ( 'NONE', #93, #1091 ) ;
#9727 = VECTOR ( 'NONE', #2959, 1000.000000000000000 ) ;
#9728 = VERTEX_POINT ( 'NONE', #12179 ) ;
#9729 = ORIENTED_EDGE ( 'NONE', *, *, #2586, .T. ) ;
#9730 = EDGE_CURVE ( 'NONE', #5318, #6538, #1373, .T. ) ;
#9731 = EDGE_CURVE ( 'NONE', #12557, #1022, #5737, .T. ) ;
#9732 = DIRECTION ( 'NONE',  ( -0.000000000000000000, 1.000000000000000000, -0.000000000000000000 ) ) ;
#9733 = COLOUR_RGB ( '',1.000000000000000000, 0.8117647058823529438, 0.5019607843137254832 ) ;
#9734 = EDGE_CURVE ( 'NONE', #7419, #5703, #13008, .T. ) ;
#9735 = DIRECTION ( 'NONE',  ( -0.7071067811865497932, 0.000000000000000000, -0.7071067811865452413 ) ) ;
#9736 = AXIS2_PLACEMENT_3D ( 'NONE', #12969, #9732, #3448 ) ;
#9737 = CARTESIAN_POINT ( 'NONE',  ( -0.8249999999999997335, 0.06250000000000000000, -9.070000000000003837 ) ) ;
#9738 = PLANE ( 'NONE',  #3940 ) ;
#9739 = CARTESIAN_POINT ( 'NONE',  ( 1.350000000000000089, 0.2530000000000000027, -1.942999999999999394 ) ) ;
#9740 = ORIENTED_EDGE ( 'NONE', *, *, #8082, .F. ) ;
#9741 = ORIENTED_EDGE ( 'NONE', *, *, #12694, .F. ) ;
#9742 = LINE ( 'NONE', #315, #2569 ) ;
#9743 = ORIENTED_EDGE ( 'NONE', *, *, #7038, .F. ) ;
#9744 = EDGE_CURVE ( 'NONE', #6482, #11311, #5590, .T. ) ;
#9745 = ADVANCED_FACE ( 'NONE', ( #11971 ), #11905, .F. ) ;
#9746 = CARTESIAN_POINT ( 'NONE',  ( -0.05000000000000012768, 0.06250000000000000000, -3.403000000000000025 ) ) ;
#9747 = EDGE_CURVE ( 'NONE', #9660, #9323, #12540, .T. ) ;
#9748 = ADVANCED_FACE ( 'NONE', ( #13218 ), #9919, .F. ) ;
#9749 = CARTESIAN_POINT ( 'NONE',  ( 0.1799999999999989664, 0.06250000000000000000, -8.424999999999997158 ) ) ;
#9750 = DIRECTION ( 'NONE',  ( -3.614007241618370464E-16, 0.000000000000000000, -1.000000000000000000 ) ) ;
#9751 = PRESENTATION_STYLE_ASSIGNMENT (( #1277 ) ) ;
#9752 = DIRECTION ( 'NONE',  ( 0.000000000000000000, 0.000000000000000000, -1.000000000000000000 ) ) ;
#9753 = FACE_OUTER_BOUND ( 'NONE', #6721, .T. ) ;
#9754 = DIRECTION ( 'NONE',  ( -1.000000000000000000, 0.000000000000000000, 0.000000000000000000 ) ) ;
#9755 = DIRECTION ( 'NONE',  ( 1.000000000000000000, 0.000000000000000000, 0.000000000000000000 ) ) ;
#9756 = VERTEX_POINT ( 'NONE', #1438 ) ;
#9757 = CARTESIAN_POINT ( 'NONE',  ( 0.1499999999999978018, 0.06250000000000000000, -9.724999999999999645 ) ) ;
#9758 = VERTEX_POINT ( 'NONE', #12110 ) ;
#9759 = CARTESIAN_POINT ( 'NONE',  ( -2.350000000000000977, 0.2530000000000000027, -8.875000000000000000 ) ) ;
#9760 = CARTESIAN_POINT ( 'NONE',  ( -0.3019999999999982143, 2.080000000000000071, 9.330000000000000071 ) ) ;
#9761 = ORIENTED_EDGE ( 'NONE', *, *, #6039, .F. ) ;
#9762 = ORIENTED_EDGE ( 'NONE', *, *, #3251, .T. ) ;
#9763 = ORIENTED_EDGE ( 'NONE', *, *, #12489, .T. ) ;
#9764 = EDGE_CURVE ( 'NONE', #4062, #11752, #10052, .T. ) ;
#9765 = EDGE_LOOP ( 'NONE', ( #1422, #2900, #9006, #1701 ) ) ;
#9766 = EDGE_CURVE ( 'NONE', #6040, #10255, #8880, .T. ) ;
#9767 = ADVANCED_FACE ( 'NONE', ( #342 ), #4532, .T. ) ;
#9768 = MANIFOLD_SOLID_BREP ( 'Boss-Extrude9[16]', #6199 ) ;
#9769 = LINE ( 'NONE', #2665, #2592 ) ;
#9770 = PLANE ( 'NONE',  #223 ) ;
#9771 = CARTESIAN_POINT ( 'NONE',  ( -0.7799999999999979172, 0.1125000000000000028, -8.424999999999997158 ) ) ;
#9772 = ORIENTED_EDGE ( 'NONE', *, *, #6894, .T. ) ;
#9773 = ORIENTED_EDGE ( 'NONE', *, *, #45, .T. ) ;
#9774 = CARTESIAN_POINT ( 'NONE',  ( -1.799999999999999600, 0.2530000000000000027, -2.328000000000000291 ) ) ;
#9775 = ORIENTED_EDGE ( 'NONE', *, *, #6327, .T. ) ;
#9776 = FACE_OUTER_BOUND ( 'NONE', #1882, .T. ) ;
#9777 = CARTESIAN_POINT ( 'NONE',  ( 2.200000000000001510, 0.1125000000000000028, -2.142999999999999794 ) ) ;
#9778 = ORIENTED_EDGE ( 'NONE', *, *, #10351, .T. ) ;
#9779 = DIRECTION ( 'NONE',  ( 0.7071067811865452413, 0.000000000000000000, -0.7071067811865497932 ) ) ;
#9780 = EDGE_CURVE ( 'NONE', #6798, #837, #6882, .T. ) ;
#9781 = CARTESIAN_POINT ( 'NONE',  ( -2.200000000000000178, -0.2250000000000000056, 5.349999999999999645 ) ) ;
#9782 = PRESENTATION_STYLE_ASSIGNMENT (( #84 ) ) ;
#9783 = DIRECTION ( 'NONE',  ( 0.000000000000000000, -0.000000000000000000, -1.000000000000000000 ) ) ;
#9784 = VERTEX_POINT ( 'NONE', #4954 ) ;
#9786 = MANIFOLD_SOLID_BREP ( 'Boss-Extrude9[21]', #8392 ) ;
#9785 = LINE ( 'NONE', #10687, #5944 ) ;
#9787 = LINE ( 'NONE', #1249, #9216 ) ;
#9788 = VECTOR ( 'NONE', #9333, 1000.000000000000000 ) ;
#9789 = CARTESIAN_POINT ( 'NONE',  ( 0.9049999999999992495, 0.2530000000000000027, 1.874999999999999778 ) ) ;
#9790 = LINE ( 'NONE', #3514, #1536 ) ;
#9791 = ORIENTED_EDGE ( 'NONE', *, *, #10535, .F. ) ;
#9792 = ORIENTED_EDGE ( 'NONE', *, *, #4511, .F. ) ;
#9793 = LINE ( 'NONE', #305, #515 ) ;
#9794 = LINE ( 'NONE', #1537, #1086 ) ;
#9795 = DIRECTION ( 'NONE',  ( -1.445602896647339656E-16, 0.000000000000000000, -1.000000000000000000 ) ) ;
#9796 = CARTESIAN_POINT ( 'NONE',  ( -2.149999999999998579, 0.000000000000000000, 10.00000000000000000 ) ) ;
#9797 = DIRECTION ( 'NONE',  ( 0.000000000000000000, -1.000000000000000000, 0.000000000000000000 ) ) ;
#9798 = CARTESIAN_POINT ( 'NONE',  ( -0.2019999999999982920, 1.089999999999999414, 8.949999999999999289 ) ) ;
#9799 = EDGE_CURVE ( 'NONE', #2198, #8556, #7083, .T. ) ;
#9800 = ORIENTED_EDGE ( 'NONE', *, *, #11445, .T. ) ;
#9801 = VERTEX_POINT ( 'NONE', #9349 ) ;
#9802 = DIRECTION ( 'NONE',  ( 0.000000000000000000, 0.000000000000000000, 1.000000000000000000 ) ) ;
#9803 = MANIFOLD_SOLID_BREP ( 'Cut-Extrude2[2]', #3326 ) ;
#9804 = VERTEX_POINT ( 'NONE', #2938 ) ;
#9805 = AXIS2_PLACEMENT_3D ( 'NONE', #8010, #1742, #1940 ) ;
#9806 = CARTESIAN_POINT ( 'NONE',  ( -2.150000000000000799, 0.2530000000000000027, -8.325000000000001066 ) ) ;
#9807 = DIRECTION ( 'NONE',  ( -0.000000000000000000, -1.000000000000000000, -0.000000000000000000 ) ) ;
#9808 = DIRECTION ( 'NONE',  ( -4.186108774075308113E-16, 0.000000000000000000, 1.000000000000000000 ) ) ;
#9809 = LINE ( 'NONE', #9686, #6874 ) ;
#9810 = CARTESIAN_POINT ( 'NONE',  ( 1.742500000000004379, 0.1125000000000000028, -9.025000000000002132 ) ) ;
#9811 = LINE ( 'NONE', #7681, #13377 ) ;
#9812 = DIRECTION ( 'NONE',  ( -0.7071067811865220376, 0.000000000000000000, -0.7071067811865729968 ) ) ;
#9813 = EDGE_CURVE ( 'NONE', #5308, #362, #6116, .T. ) ;
#9814 = DIRECTION ( 'NONE',  ( 1.000000000000000000, 0.000000000000000000, 0.000000000000000000 ) ) ;
#9815 = VECTOR ( 'NONE', #12935, 1000.000000000000000 ) ;
#9816 = ADVANCED_FACE ( 'NONE', ( #5506 ), #3350, .T. ) ;
#9817 = VERTEX_POINT ( 'NONE', #5430 ) ;
#9818 = FACE_OUTER_BOUND ( 'NONE', #12178, .T. ) ;
#9819 = ORIENTED_EDGE ( 'NONE', *, *, #4425, .T. ) ;
#9820 = ADVANCED_FACE ( 'NONE', ( #119 ), #7560, .F. ) ;
#9821 = DIRECTION ( 'NONE',  ( 0.000000000000000000, 0.000000000000000000, 1.000000000000000000 ) ) ;
#9822 = CARTESIAN_POINT ( 'NONE',  ( 0.1499999999999978018, 0.06250000000000000000, -9.724999999999999645 ) ) ;
#9823 = ORIENTED_EDGE ( 'NONE', *, *, #915, .T. ) ;
#9824 = ORIENTED_EDGE ( 'NONE', *, *, #4716, .T. ) ;
#9825 = VECTOR ( 'NONE', #5030, 1000.000000000000000 ) ;
#9826 = ORIENTED_EDGE ( 'NONE', *, *, #11535, .T. ) ;
#9827 = ORIENTED_EDGE ( 'NONE', *, *, #5270, .T. ) ;
#9828 = MECHANICAL_DESIGN_GEOMETRIC_PRESENTATION_REPRESENTATION (  '', ( #12248 ), #12911 ) ;
#9829 = DIRECTION ( 'NONE',  ( -1.000000000000000000, 0.000000000000000000, 0.000000000000000000 ) ) ;
#9830 = PLANE ( 'NONE',  #10763 ) ;
#9831 = AXIS2_PLACEMENT_3D ( 'NONE', #5681, #9881, #452 ) ;
#9832 = CARTESIAN_POINT ( 'NONE',  ( 0.000000000000000000, 0.2530000000000000027, 0.000000000000000000 ) ) ;
#9833 = ORIENTED_EDGE ( 'NONE', *, *, #163, .T. ) ;
#9834 = AXIS2_PLACEMENT_3D ( 'NONE', #10710, #4376, #3064 ) ;
#9835 = ADVANCED_FACE ( 'NONE', ( #1076 ), #10718, .F. ) ;
#9836 = VERTEX_POINT ( 'NONE', #10524 ) ;
#9837 = EDGE_CURVE ( 'NONE', #10922, #414, #12858, .T. ) ;
#9838 = DIRECTION ( 'NONE',  ( -0.000000000000000000, 1.000000000000000000, -0.000000000000000000 ) ) ;
#9839 = CARTESIAN_POINT ( 'NONE',  ( 0.000000000000000000, 0.06250000000000000000, -7.653000000000000469 ) ) ;
#9840 = EDGE_LOOP ( 'NONE', ( #10762, #13243, #2380, #7639 ) ) ;
#9841 = EDGE_CURVE ( 'NONE', #10245, #8572, #4313, .T. ) ;
#9842 = DIRECTION ( 'NONE',  ( -0.000000000000000000, -1.000000000000000000, -0.000000000000000000 ) ) ;
#9843 = DIRECTION ( 'NONE',  ( 0.000000000000000000, 1.000000000000000000, 0.000000000000000000 ) ) ;
#9844 = ORIENTED_EDGE ( 'NONE', *, *, #6274, .F. ) ;
#9845 = CARTESIAN_POINT ( 'NONE',  ( -1.230000000000001092, 0.4780000000000000360, 2.295000000000000373 ) ) ;
#9846 = EDGE_LOOP ( 'NONE', ( #8090, #8224, #2829, #6881, #10676, #10531, #9139, #527, #6849, #10627, #13172, #10507 ) ) ;
#9847 = VECTOR ( 'NONE', #489, 1000.000000000000000 ) ;
#9848 = AXIS2_PLACEMENT_3D ( 'NONE', #10356, #8270, #11512 ) ;
#9849 = CARTESIAN_POINT ( 'NONE',  ( 0.8499999999999995337, 0.4780000000000000360, 4.299999999999999822 ) ) ;
#9850 = VECTOR ( 'NONE', #5643, 1000.000000000000000 ) ;
#9851 = SURFACE_SIDE_STYLE ('',( #1593 ) ) ;
#9852 = DIRECTION ( 'NONE',  ( 1.000000000000000000, 0.000000000000000000, 0.000000000000000000 ) ) ;
#9853 = CARTESIAN_POINT ( 'NONE',  ( 2.150000000000000799, 0.1125000000000000028, -7.653000000000000469 ) ) ;
#9854 = ORIENTED_EDGE ( 'NONE', *, *, #7740, .F. ) ;
#9855 = ORIENTED_EDGE ( 'NONE', *, *, #8416, .F. ) ;
#9856 = EDGE_CURVE ( 'NONE', #12226, #1176, #7409, .T. ) ;
#9857 = DIRECTION ( 'NONE',  ( -1.000000000000000000, 0.000000000000000000, 7.709882115452468306E-16 ) ) ;
#9858 = DIRECTION ( 'NONE',  ( 2.942203995890114589E-16, 0.000000000000000000, -1.000000000000000000 ) ) ;
#9859 = AXIS2_PLACEMENT_3D ( 'NONE', #6260, #8528, #6404 ) ;
#9860 = EDGE_CURVE ( 'NONE', #9335, #7417, #8520, .T. ) ;
#9861 = DIRECTION ( 'NONE',  ( 0.7071067811865356934, 0.000000000000000000, -0.7071067811865593411 ) ) ;
#9862 = CARTESIAN_POINT ( 'NONE',  ( -1.742500000000000826, 0.06250000000000000000, -9.025000000000000355 ) ) ;
#9863 = ORIENTED_EDGE ( 'NONE', *, *, #10269, .F. ) ;
#9864 = VECTOR ( 'NONE', #12710, 1000.000000000000000 ) ;
#9865 = ORIENTED_EDGE ( 'NONE', *, *, #4058, .F. ) ;
#9866 = VECTOR ( 'NONE', #11379, 1000.000000000000000 ) ;
#9867 = CARTESIAN_POINT ( 'NONE',  ( 1.749999999999999778, 0.000000000000000000, -1.542999999999999927 ) ) ;
#9868 = COLOUR_RGB ( '',0.7529411764705882248, 0.7529411764705882248, 0.7529411764705882248 ) ;
#9869 = FACE_OUTER_BOUND ( 'NONE', #3040, .T. ) ;
#9870 = DIRECTION ( 'NONE',  ( 1.000000000000000000, 0.000000000000000000, -1.445602896647339656E-16 ) ) ;
#9871 = CIRCLE ( 'NONE', #418, 0.1749999999999998224 ) ;
#9872 = EDGE_LOOP ( 'NONE', ( #8755, #4897, #6067, #2392 ) ) ;
#9873 = CARTESIAN_POINT ( 'NONE',  ( 1.829999999999999183, 0.2530000000000000027, 2.494999999999999662 ) ) ;
#9874 = AXIS2_PLACEMENT_3D ( 'NONE', #4341, #11715, #147 ) ;
#9875 = LINE ( 'NONE', #9050, #1160 ) ;
#9876 = DIRECTION ( 'NONE',  ( 2.693669993752817464E-16, 0.000000000000000000, -1.000000000000000000 ) ) ;
#9877 = AXIS2_PLACEMENT_3D ( 'NONE', #145, #3308, #7438 ) ;
#9878 = ORIENTED_EDGE ( 'NONE', *, *, #4749, .T. ) ;
#9879 = VECTOR ( 'NONE', #2425, 1000.000000000000000 ) ;
#9880 = ORIENTED_EDGE ( 'NONE', *, *, #10445, .F. ) ;
#9881 = DIRECTION ( 'NONE',  ( 1.000000000000000000, 0.000000000000000000, 0.000000000000000000 ) ) ;
#9882 = MANIFOLD_SOLID_BREP ( 'Boss-Extrude3[8]', #13456 ) ;
#9883 = ORIENTED_EDGE ( 'NONE', *, *, #8257, .T. ) ;
#9884 = VECTOR ( 'NONE', #3703, 1000.000000000000000 ) ;
#9885 = VECTOR ( 'NONE', #669, 1000.000000000000000 ) ;
#9886 = FACE_OUTER_BOUND ( 'NONE', #3704, .T. ) ;
#9887 = EDGE_CURVE ( 'NONE', #10724, #11892, #4253, .T. ) ;
#9888 = VECTOR ( 'NONE', #13338, 1000.000000000000000 ) ;
#9889 = VECTOR ( 'NONE', #3234, 1000.000000000000000 ) ;
#9890 = DIRECTION ( 'NONE',  ( 0.000000000000000000, 0.000000000000000000, 1.000000000000000000 ) ) ;
#9891 = CARTESIAN_POINT ( 'NONE',  ( -5.833750000000008207, 0.1125000000000000028, -5.833749999999957581 ) ) ;
#9892 = LINE ( 'NONE', #5690, #199 ) ;
#9893 = FACE_OUTER_BOUND ( 'NONE', #267, .T. ) ;
#9894 = DIRECTION ( 'NONE',  ( 0.000000000000000000, 0.000000000000000000, -1.000000000000000000 ) ) ;
#9895 = CARTESIAN_POINT ( 'NONE',  ( 4.237499999999997158, 0.06250000000000000000, -4.237500000000128608 ) ) ;
#9896 = VERTEX_POINT ( 'NONE', #12586 ) ;
#9897 = VECTOR ( 'NONE', #5665, 1000.000000000000000 ) ;
#9898 = DIRECTION ( 'NONE',  ( 0.000000000000000000, 0.000000000000000000, -1.000000000000000000 ) ) ;
#9899 = CIRCLE ( 'NONE', #3504, 0.9999999999999991118 ) ;
#9900 = ORIENTED_EDGE ( 'NONE', *, *, #243, .T. ) ;
#9901 = CARTESIAN_POINT ( 'NONE',  ( -0.7019999999999981810, 2.979999999999999982, 9.330000000000000071 ) ) ;
#9902 = LINE ( 'NONE', #3757, #5093 ) ;
#9903 = EDGE_LOOP ( 'NONE', ( #3660, #827, #1059, #7046 ) ) ;
#9904 = ORIENTED_EDGE ( 'NONE', *, *, #3182, .F. ) ;
#9905 = ORIENTED_EDGE ( 'NONE', *, *, #9237, .T. ) ;
#9906 = VERTEX_POINT ( 'NONE', #1217 ) ;
#9907 = ADVANCED_FACE ( 'NONE', ( #7346 ), #6391, .F. ) ;
#9908 = EDGE_CURVE ( 'NONE', #9026, #3919, #1151, .T. ) ;
#9909 = VECTOR ( 'NONE', #12944, 1000.000000000000000 ) ;
#9910 = MANIFOLD_SOLID_BREP ( 'Boss-Extrude9[3]', #10162 ) ;
#9911 = CARTESIAN_POINT ( 'NONE',  ( 2.000000000000000444, 0.4780000000000000360, -4.797999999999998266 ) ) ;
#9912 = VECTOR ( 'NONE', #10813, 1000.000000000000000 ) ;
#9913 = LINE ( 'NONE', #7698, #435 ) ;
#9914 = EDGE_CURVE ( 'NONE', #6730, #11918, #2837, .T. ) ;
#9915 = DIRECTION ( 'NONE',  ( -0.000000000000000000, 1.000000000000000000, -0.000000000000000000 ) ) ;
#9916 = CARTESIAN_POINT ( 'NONE',  ( -0.8019999999999980478, 2.880000000000000338, 8.949999999999999289 ) ) ;
#9917 = ORIENTED_EDGE ( 'NONE', *, *, #5550, .T. ) ;
#9918 = ORIENTED_EDGE ( 'NONE', *, *, #5547, .T. ) ;
#9919 = PLANE ( 'NONE',  #7919 ) ;
#9920 = CARTESIAN_POINT ( 'NONE',  ( -0.1499999999999956368, 0.06250000000000000000, -9.724999999999999645 ) ) ;
#9921 = ORIENTED_EDGE ( 'NONE', *, *, #4515, .T. ) ;
#9922 = LINE ( 'NONE', #7835, #1798 ) ;
#9923 = CARTESIAN_POINT ( 'NONE',  ( -1.575000000000000844, 0.06250000000000000000, -9.070000000000000284 ) ) ;
#9924 =( GEOMETRIC_REPRESENTATION_CONTEXT ( 3 ) GLOBAL_UNCERTAINTY_ASSIGNED_CONTEXT ( ( #2748 ) ) GLOBAL_UNIT_ASSIGNED_CONTEXT ( ( #6463, #10463, #5292 ) ) REPRESENTATION_CONTEXT ( 'NONE', 'WORKASPACE' ) );
#9925 = EDGE_LOOP ( 'NONE', ( #8321, #5998, #11656, #12426, #2674, #7892, #11927, #10304, #1774, #10559, #9457, #1456 ) ) ;
#9926 = DIRECTION ( 'NONE',  ( -0.7071067811865584529, 0.000000000000000000, -0.7071067811865365815 ) ) ;
#9927 = ORIENTED_EDGE ( 'NONE', *, *, #2349, .T. ) ;
#9928 = EDGE_CURVE ( 'NONE', #12184, #8918, #12793, .T. ) ;
#9929 = EDGE_CURVE ( 'NONE', #2341, #7284, #2513, .T. ) ;
#9930 = DIRECTION ( 'NONE',  ( 0.000000000000000000, -1.000000000000000000, 0.000000000000000000 ) ) ;
#9931 = EDGE_CURVE ( 'NONE', #2786, #7282, #240, .T. ) ;
#9932 = EDGE_CURVE ( 'NONE', #9817, #6671, #10228, .T. ) ;
#9933 = DIRECTION ( 'NONE',  ( 0.000000000000000000, 0.000000000000000000, -1.000000000000000000 ) ) ;
#9934 = VECTOR ( 'NONE', #3112, 1000.000000000000000 ) ;
#9935 = CARTESIAN_POINT ( 'NONE',  ( -0.9850000000000023181, 0.1125000000000000028, -8.389999999999998792 ) ) ;
#9936 = VERTEX_POINT ( 'NONE', #3871 ) ;
#9937 = VERTEX_POINT ( 'NONE', #12018 ) ;
#9938 = DIRECTION ( 'NONE',  ( -0.000000000000000000, 1.000000000000000000, -0.000000000000000000 ) ) ;
#9939 = PLANE ( 'NONE',  #1954 ) ;
#9940 = DIRECTION ( 'NONE',  ( 1.000000000000000000, 0.000000000000000000, 0.000000000000000000 ) ) ;
#9941 = CARTESIAN_POINT ( 'NONE',  ( -0.2019999999999982920, 1.089999999999999414, 8.949999999999999289 ) ) ;
#9942 = ORIENTED_EDGE ( 'NONE', *, *, #3335, .T. ) ;
#9943 = CLOSED_SHELL ( 'NONE', ( #12612, #6026, #5174, #12615, #1569, #10412 ) ) ;
#9944 = VECTOR ( 'NONE', #8537, 1000.000000000000000 ) ;
#9945 = ORIENTED_EDGE ( 'NONE', *, *, #567, .T. ) ;
#9946 = EDGE_CURVE ( 'NONE', #8595, #12742, #10791, .T. ) ;
#9947 = ADVANCED_FACE ( 'NONE', ( #7619 ), #11957, .F. ) ;
#9948 = DIRECTION ( 'NONE',  ( -2.168404344971009262E-15, 0.000000000000000000, 1.000000000000000000 ) ) ;
#9949 = EDGE_CURVE ( 'NONE', #1015, #2054, #6594, .T. ) ;
#9950 = DIRECTION ( 'NONE',  ( 0.000000000000000000, 0.000000000000000000, -1.000000000000000000 ) ) ;
#9951 = CARTESIAN_POINT ( 'NONE',  ( -1.425000000000000488, 0.06250000000000000000, -9.875000000000000000 ) ) ;
#9952 = VERTEX_POINT ( 'NONE', #9757 ) ;
#9953 = CARTESIAN_POINT ( 'NONE',  ( 0.6750000000000015987, 0.06250000000000000000, -9.875000000000000000 ) ) ;
#9954 = CIRCLE ( 'NONE', #8840, 0.09999999999999939493 ) ;
#9955 = DIRECTION ( 'NONE',  ( -1.000000000000000000, -0.000000000000000000, -0.000000000000000000 ) ) ;
#9956 = ORIENTED_EDGE ( 'NONE', *, *, #2567, .F. ) ;
#9957 = FACE_OUTER_BOUND ( 'NONE', #3994, .T. ) ;
#9958 = ORIENTED_EDGE ( 'NONE', *, *, #99, .F. ) ;
#9959 = LINE ( 'NONE', #13053, #1702 ) ;
#9960 = ORIENTED_EDGE ( 'NONE', *, *, #9574, .F. ) ;
#9961 = STYLED_ITEM ( 'NONE', ( #6038 ), #326 ) ;
#9962 = VECTOR ( 'NONE', #12269, 1000.000000000000000 ) ;
#9963 = CARTESIAN_POINT ( 'NONE',  ( -2.574999999999999734, 0.4780000000000000360, -8.875000000000000000 ) ) ;
#9964 = ADVANCED_FACE ( 'NONE', ( #9818 ), #325, .F. ) ;
#9965 = DIRECTION ( 'NONE',  ( -0.000000000000000000, -0.000000000000000000, 1.000000000000000000 ) ) ;
#9966 = ORIENTED_EDGE ( 'NONE', *, *, #4002, .F. ) ;
#9967 = LINE ( 'NONE', #10175, #1300 ) ;
#9968 = CARTESIAN_POINT ( 'NONE',  ( 0.1799999999999989664, 0.06250000000000000000, -9.025000000000000355 ) ) ;
#9969 = CARTESIAN_POINT ( 'NONE',  ( -2.150000000000001688, 0.2530000000000000027, -9.799999999999998934 ) ) ;
#9970 = AXIS2_PLACEMENT_3D ( 'NONE', #4363, #12977, #4434 ) ;
#9971 =( NAMED_UNIT ( * ) PLANE_ANGLE_UNIT ( ) SI_UNIT ( $, .RADIAN. ) );
#9972 = ORIENTED_EDGE ( 'NONE', *, *, #10764, .T. ) ;
#9973 = VECTOR ( 'NONE', #6637, 1000.000000000000000 ) ;
#9974 = ORIENTED_EDGE ( 'NONE', *, *, #12004, .T. ) ;
#9975 = DIRECTION ( 'NONE',  ( 0.000000000000000000, 0.000000000000000000, -1.000000000000000000 ) ) ;
#9976 = DIRECTION ( 'NONE',  ( -0.000000000000000000, -0.000000000000000000, 1.000000000000000000 ) ) ;
#9977 = VERTEX_POINT ( 'NONE', #8716 ) ;
#9978 = ORIENTED_EDGE ( 'NONE', *, *, #6922, .T. ) ;
#9979 = EDGE_LOOP ( 'NONE', ( #4460, #7119, #11976, #9286, #3555, #3412, #3447, #9819, #1361, #6985, #2520, #203, #6390, #311, #10373, #7671 ) ) ;
#9980 = ORIENTED_EDGE ( 'NONE', *, *, #6961, .T. ) ;
#9981 = AXIS2_PLACEMENT_3D ( 'NONE', #5414, #3259, #4804 ) ;
#9982 = MANIFOLD_SOLID_BREP ( 'Boss-Extrude9[22]', #7725 ) ;
#9983 = CARTESIAN_POINT ( 'NONE',  ( 1.649999999999999245, 0.2530000000000000027, 3.174999999999999822 ) ) ;
#9984 = PLANE ( 'NONE',  #7023 ) ;
#9985 = CARTESIAN_POINT ( 'NONE',  ( -0.8150000000000198197, 0.1125000000000000028, -2.158106630985451445E-15 ) ) ;
#9986 = ORIENTED_EDGE ( 'NONE', *, *, #5045, .F. ) ;
#9987 = VERTEX_POINT ( 'NONE', #2018 ) ;
#9988 = CARTESIAN_POINT ( 'NONE',  ( -4.122499999999987175, 0.06250000000000000000, -4.122499999999849507 ) ) ;
#9989 = PLANE ( 'NONE',  #5492 ) ;
#9990 = ADVANCED_FACE ( 'NONE', ( #7378 ), #536, .T. ) ;
#9991 = VERTEX_POINT ( 'NONE', #12482 ) ;
#9992 = PLANE ( 'NONE',  #8395 ) ;
#9993 = DIRECTION ( 'NONE',  ( 0.7071067811865593411, 0.000000000000000000, 0.7071067811865358044 ) ) ;
#9994 = ORIENTED_EDGE ( 'NONE', *, *, #9516, .T. ) ;
#9995 = EDGE_CURVE ( 'NONE', #6040, #1884, #11381, .T. ) ;
#9996 = DIRECTION ( 'NONE',  ( 0.7071067811865512365, 0.000000000000000000, -0.7071067811865439090 ) ) ;
#9997 = ORIENTED_EDGE ( 'NONE', *, *, #68, .F. ) ;
#9998 = CARTESIAN_POINT ( 'NONE',  ( -2.200000000000000622, 0.000000000000000000, 10.00000000000000000 ) ) ;
#9999 = LINE ( 'NONE', #11094, #5443 ) ;
#10000 = DIRECTION ( 'NONE',  ( 0.000000000000000000, 0.000000000000000000, -1.000000000000000000 ) ) ;
#10001 = ORIENTED_EDGE ( 'NONE', *, *, #4803, .F. ) ;
#10002 = ORIENTED_EDGE ( 'NONE', *, *, #974, .F. ) ;
#10004 = MANIFOLD_SOLID_BREP ( 'Boss-Extrude3[7]', #13020 ) ;
#10003 = CARTESIAN_POINT ( 'NONE',  ( -1.020000000000001794, 0.06250000000000000000, -8.424999999999995381 ) ) ;
#10005 = DIRECTION ( 'NONE',  ( -3.469446951953515108E-14, 0.000000000000000000, 1.000000000000000000 ) ) ;
#10006 = EDGE_CURVE ( 'NONE', #9075, #8644, #12354, .T. ) ;
#10007 = EDGE_CURVE ( 'NONE', #13192, #3979, #24, .T. ) ;
#10008 = LINE ( 'NONE', #11235, #1123 ) ;
#10009 = CARTESIAN_POINT ( 'NONE',  ( -0.6850000000000309175, 0.06250000000000000000, -2.821573632058747449E-15 ) ) ;
#10010 = ORIENTED_EDGE ( 'NONE', *, *, #4276, .T. ) ;
#10011 = ADVANCED_FACE ( 'NONE', ( #8221 ), #2083, .F. ) ;
#10012 = ORIENTED_EDGE ( 'NONE', *, *, #6580, .F. ) ;
#10013 = PLANE ( 'NONE',  #4687 ) ;
#10014 = FACE_OUTER_BOUND ( 'NONE', #5937, .T. ) ;
#10015 = LINE ( 'NONE', #9951, #1897 ) ;
#10016 = VERTEX_POINT ( 'NONE', #10564 ) ;
#10017 = CARTESIAN_POINT ( 'NONE',  ( -1.020000000000002016, 0.06250000000000000000, -9.025000000000000355 ) ) ;
#10018 = CARTESIAN_POINT ( 'NONE',  ( 0.000000000000000000, 0.06250000000000000000, -7.653000000000000469 ) ) ;
#10019 = EDGE_CURVE ( 'NONE', #2534, #6086, #4222, .T. ) ;
#10020 = ORIENTED_EDGE ( 'NONE', *, *, #7631, .T. ) ;
#10021 = DIRECTION ( 'NONE',  ( -0.7071067811865584529, 0.000000000000000000, -0.7071067811865365815 ) ) ;
#10022 = EDGE_CURVE ( 'NONE', #3198, #8674, #13582, .T. ) ;
#10023 = ORIENTED_EDGE ( 'NONE', *, *, #3435, .F. ) ;
#10024 = EDGE_CURVE ( 'NONE', #13535, #11473, #10436, .T. ) ;
#10025 = CARTESIAN_POINT ( 'NONE',  ( 1.020000000000003570, 0.06250000000000000000, -9.025000000000000355 ) ) ;
#10026 = MANIFOLD_SOLID_BREP ( 'Boss-Extrude3[5]', #11903 ) ;
#10027 = ORIENTED_EDGE ( 'NONE', *, *, #3338, .T. ) ;
#10028 = LINE ( 'NONE', #1471, #5781 ) ;
#10029 = LINE ( 'NONE', #381, #9148 ) ;
#10030 = ORIENTED_EDGE ( 'NONE', *, *, #4914, .T. ) ;
#10031 = DIRECTION ( 'NONE',  ( 0.000000000000000000, 0.000000000000000000, -1.000000000000000000 ) ) ;
#10032 = CARTESIAN_POINT ( 'NONE',  ( 0.000000000000000000, 0.06250000000000000000, -7.653000000000000469 ) ) ;
#10033 = CARTESIAN_POINT ( 'NONE',  ( 0.000000000000000000, 0.06250000000000000000, -2.403000000000000025 ) ) ;
#10034 =( NAMED_UNIT ( * ) SI_UNIT ( $, .STERADIAN. ) SOLID_ANGLE_UNIT ( ) );
#10035 = ORIENTED_EDGE ( 'NONE', *, *, #13134, .F. ) ;
#10036 = ORIENTED_EDGE ( 'NONE', *, *, #6549, .F. ) ;
#10037 = EDGE_CURVE ( 'NONE', #4732, #12993, #11316, .T. ) ;
#10038 = DIRECTION ( 'NONE',  ( -0.000000000000000000, -1.000000000000000000, -0.000000000000000000 ) ) ;
#10039 = VECTOR ( 'NONE', #12898, 1000.000000000000000 ) ;
#10040 = DIRECTION ( 'NONE',  ( 2.647983596301103229E-15, 0.000000000000000000, -1.000000000000000000 ) ) ;
#10041 = ORIENTED_EDGE ( 'NONE', *, *, #3355, .F. ) ;
#10042 = ORIENTED_EDGE ( 'NONE', *, *, #3398, .F. ) ;
#10043 = ORIENTED_EDGE ( 'NONE', *, *, #3944, .T. ) ;
#10044 = ORIENTED_EDGE ( 'NONE', *, *, #12187, .F. ) ;
#10045 = DIRECTION ( 'NONE',  ( -0.7071067811865356934, 0.000000000000000000, -0.7071067811865593411 ) ) ;
#10046 = LINE ( 'NONE', #10118, #1533 ) ;
#10047 = CIRCLE ( 'NONE', #12005, 0.2000000000000000944 ) ;
#10048 =( LENGTH_UNIT ( ) NAMED_UNIT ( * ) SI_UNIT ( .MILLI., .METRE. ) );
#10049 = CARTESIAN_POINT ( 'NONE',  ( 2.000000000000000444, 0.2530000000000000027, -2.328000000000001624 ) ) ;
#10050 = FACE_OUTER_BOUND ( 'NONE', #12608, .T. ) ;
#10051 = ORIENTED_EDGE ( 'NONE', *, *, #12632, .T. ) ;
#10052 = LINE ( 'NONE', #6681, #3305 ) ;
#10053 = FACE_OUTER_BOUND ( 'NONE', #3686, .T. ) ;
#10054 = VERTEX_POINT ( 'NONE', #6496 ) ;
#10055 = CARTESIAN_POINT ( 'NONE',  ( -0.8019999999999979368, 1.289999999999999591, 9.150000000000000355 ) ) ;
#10056 = LINE ( 'NONE', #694, #1547 ) ;
#10057 = ORIENTED_EDGE ( 'NONE', *, *, #508, .T. ) ;
#10058 = CARTESIAN_POINT ( 'NONE',  ( 3.702500000000013003, 0.06250000000000000000, -3.702500000000127578 ) ) ;
#10059 = VECTOR ( 'NONE', #8147, 1000.000000000000000 ) ;
#10060 = ORIENTED_EDGE ( 'NONE', *, *, #11950, .T. ) ;
#10061 = LINE ( 'NONE', #6954, #3483 ) ;
#10062 = EDGE_CURVE ( 'NONE', #6704, #12865, #2344, .T. ) ;
#10063 = STYLED_ITEM ( 'NONE', ( #5658 ), #5336 ) ;
#10064 = CARTESIAN_POINT ( 'NONE',  ( 0.000000000000000000, 0.06250000000000000000, -2.403000000000000025 ) ) ;
#10065 = DIRECTION ( 'NONE',  ( -1.000000000000000000, 0.000000000000000000, 0.000000000000000000 ) ) ;
#10066 = EDGE_LOOP ( 'NONE', ( #13130, #10148, #8588, #10975 ) ) ;
#10067 = ORIENTED_EDGE ( 'NONE', *, *, #13370, .T. ) ;
#10068 = DIRECTION ( 'NONE',  ( 0.000000000000000000, 0.000000000000000000, -1.000000000000000000 ) ) ;
#10069 = LINE ( 'NONE', #9038, #12950 ) ;
#10070 = CARTESIAN_POINT ( 'NONE',  ( 1.950000000000000400, 0.2530000000000000027, -9.799999999999998934 ) ) ;
#10071 = FACE_OUTER_BOUND ( 'NONE', #6958, .T. ) ;
#10072 = ORIENTED_EDGE ( 'NONE', *, *, #4181, .T. ) ;
#10073 = VECTOR ( 'NONE', #9078, 1000.000000000000000 ) ;
#10074 = ORIENTED_EDGE ( 'NONE', *, *, #3533, .T. ) ;
#10075 = DIRECTION ( 'NONE',  ( 1.000000000000000000, 0.000000000000000000, 2.693669993752811547E-16 ) ) ;
#10076 = EDGE_CURVE ( 'NONE', #11734, #11134, #1190, .T. ) ;
#10077 = ADVANCED_FACE ( 'NONE', ( #155 ), #12960, .F. ) ;
#10078 =( NAMED_UNIT ( * ) SI_UNIT ( $, .STERADIAN. ) SOLID_ANGLE_UNIT ( ) );
#10079 = DIRECTION ( 'NONE',  ( -1.000000000000000000, -0.000000000000000000, -0.000000000000000000 ) ) ;
#10080 = ADVANCED_FACE ( 'NONE', ( #235 ), #12891, .F. ) ;
#10081 = DIRECTION ( 'NONE',  ( -0.000000000000000000, 1.000000000000000000, -0.000000000000000000 ) ) ;
#10082 = ORIENTED_EDGE ( 'NONE', *, *, #12169, .F. ) ;
#10083 = CARTESIAN_POINT ( 'NONE',  ( 0.000000000000000000, 0.06250000000000000000, -7.653000000000000469 ) ) ;
#10084 = LINE ( 'NONE', #8910, #734 ) ;
#10085 = CARTESIAN_POINT ( 'NONE',  ( -0.2019999999999982920, 1.289999999999999591, 9.150000000000000355 ) ) ;
#10086 = ORIENTED_EDGE ( 'NONE', *, *, #11120, .T. ) ;
#10087 = DIRECTION ( 'NONE',  ( -0.000000000000000000, 1.000000000000000000, -0.000000000000000000 ) ) ;
#10088 = VECTOR ( 'NONE', #8123, 1000.000000000000000 ) ;
#10089 = ORIENTED_EDGE ( 'NONE', *, *, #10948, .T. ) ;
#10090 = LINE ( 'NONE', #78, #1719 ) ;
#10091 = ORIENTED_EDGE ( 'NONE', *, *, #6208, .F. ) ;
#10092 = AXIS2_PLACEMENT_3D ( 'NONE', #2718, #6926, #11125 ) ;
#10093 = DIRECTION ( 'NONE',  ( -1.000000000000000000, 0.000000000000000000, 0.000000000000000000 ) ) ;
#10094 = ADVANCED_FACE ( 'NONE', ( #4551 ), #7526, .T. ) ;
#10095 = EDGE_CURVE ( 'NONE', #1631, #3244, #5603, .T. ) ;
#10096 = VECTOR ( 'NONE', #4064, 1000.000000000000000 ) ;
#10097 = AXIS2_PLACEMENT_3D ( 'NONE', #2275, #12678, #3378 ) ;
#10098 = CIRCLE ( 'NONE', #11628, 1.289999999999999591 ) ;
#10099 = ADVANCED_FACE ( 'NONE', ( #10890 ), #300, .T. ) ;
#10100 = DIRECTION ( 'NONE',  ( 0.000000000000000000, 0.000000000000000000, 1.000000000000000000 ) ) ;
#10101 = ORIENTED_EDGE ( 'NONE', *, *, #1776, .F. ) ;
#10102 = LINE ( 'NONE', #11124, #5042 ) ;
#10103 = PLANE ( 'NONE',  #4138 ) ;
#10104 = DIRECTION ( 'NONE',  ( -0.000000000000000000, 1.000000000000000000, -0.000000000000000000 ) ) ;
#10105 = LINE ( 'NONE', #5141, #7546 ) ;
#10106 = ORIENTED_EDGE ( 'NONE', *, *, #10281, .F. ) ;
#10107 = VERTEX_POINT ( 'NONE', #6632 ) ;
#10108 = LINE ( 'NONE', #1896, #273 ) ;
#10109 = AXIS2_PLACEMENT_3D ( 'NONE', #13258, #11115, #13319 ) ;
#10110 = CARTESIAN_POINT ( 'NONE',  ( -1.707500000000000684, 0.06250000000000000000, 0.000000000000000000 ) ) ;
#10111 = EDGE_LOOP ( 'NONE', ( #10450, #4913, #2518, #733 ) ) ;
#10112 = AXIS2_PLACEMENT_3D ( 'NONE', #12222, #800, #11195 ) ;
#10113 = ORIENTED_EDGE ( 'NONE', *, *, #9141, .T. ) ;
#10114 = AXIS2_PLACEMENT_3D ( 'NONE', #3627, #3486, #8874 ) ;
#10115 = PRESENTATION_LAYER_ASSIGNMENT (  '', '', ( #5046 ) ) ;
#10116 = ADVANCED_FACE ( 'NONE', ( #9584 ), #4350, .T. ) ;
#10117 = PRESENTATION_STYLE_ASSIGNMENT (( #1972 ) ) ;
#10118 = CARTESIAN_POINT ( 'NONE',  ( 1.749999999999999778, 0.2530000000000000027, -0.7429999999999999938 ) ) ;
#10119 = ADVANCED_FACE ( 'NONE', ( #12757 ), #11721, .T. ) ;
#10120 = LINE ( 'NONE', #476, #12266 ) ;
#10121 = VECTOR ( 'NONE', #1120, 1000.000000000000000 ) ;
#10122 = DIRECTION ( 'NONE',  ( -0.000000000000000000, 0.000000000000000000, -1.000000000000000000 ) ) ;
#10123 = STYLED_ITEM ( 'NONE', ( #11232 ), #9559 ) ;
#10124 = DIRECTION ( 'NONE',  ( 1.000000000000000000, 0.000000000000000000, 0.000000000000000000 ) ) ;
#10125 = VECTOR ( 'NONE', #10434, 1000.000000000000000 ) ;
#10126 = CARTESIAN_POINT ( 'NONE',  ( 2.149999999999999911, 0.4780000000000000360, -8.125000000000000000 ) ) ;
#10127 = ORIENTED_EDGE ( 'NONE', *, *, #12402, .F. ) ;
#10128 = FILL_AREA_STYLE_COLOUR ( '', #9471 ) ;
#10129 = LINE ( 'NONE', #8115, #13171 ) ;
#10130 = VERTEX_POINT ( 'NONE', #12830 ) ;
#10131 = DIRECTION ( 'NONE',  ( 0.000000000000000000, -1.000000000000000000, 0.000000000000000000 ) ) ;
#10132 = CARTESIAN_POINT ( 'NONE',  ( -5.322500000000026432, 0.06250000000000000000, -5.322499999999848797 ) ) ;
#10133 = VERTEX_POINT ( 'NONE', #5466 ) ;
#10134 = DIRECTION ( 'NONE',  ( 2.647983596301103623E-15, 0.000000000000000000, -1.000000000000000000 ) ) ;
#10135 = VECTOR ( 'NONE', #1715, 1000.000000000000000 ) ;
#10136 = VERTEX_POINT ( 'NONE', #11786 ) ;
#10137 =( GEOMETRIC_REPRESENTATION_CONTEXT ( 3 ) GLOBAL_UNCERTAINTY_ASSIGNED_CONTEXT ( ( #7027 ) ) GLOBAL_UNIT_ASSIGNED_CONTEXT ( ( #8734, #12939, #5785 ) ) REPRESENTATION_CONTEXT ( 'NONE', 'WORKASPACE' ) );
#10138 = CARTESIAN_POINT ( 'NONE',  ( 0.8149999999999990585, 0.06250000000000000000, -8.389999999999998792 ) ) ;
#10139 = CARTESIAN_POINT ( 'NONE',  ( 0.3750000000000012212, 0.1125000000000000028, -9.070000000000003837 ) ) ;
#10140 = DIRECTION ( 'NONE',  ( 0.000000000000000000, -1.000000000000000000, 0.000000000000000000 ) ) ;
#10141 = EDGE_LOOP ( 'NONE', ( #1941, #9315, #5016, #12186 ) ) ;
#10142 = VERTEX_POINT ( 'NONE', #10758 ) ;
#10143 = CARTESIAN_POINT ( 'NONE',  ( 0.000000000000000000, 0.1125000000000000028, 0.000000000000000000 ) ) ;
#10144 = VECTOR ( 'NONE', #5574, 1000.000000000000000 ) ;
#10145 = CARTESIAN_POINT ( 'NONE',  ( 0.000000000000000000, 0.06250000000000000000, 0.000000000000000000 ) ) ;
#10146 = CARTESIAN_POINT ( 'NONE',  ( -1.114999999999999325, 0.1125000000000000028, -8.389999999999997016 ) ) ;
#10147 = DIRECTION ( 'NONE',  ( -0.000000000000000000, 1.000000000000000000, -0.000000000000000000 ) ) ;
#10148 = ORIENTED_EDGE ( 'NONE', *, *, #1761, .F. ) ;
#10149 = ORIENTED_EDGE ( 'NONE', *, *, #245, .T. ) ;
#10150 = VECTOR ( 'NONE', #9976, 1000.000000000000000 ) ;
#10151 = AXIS2_PLACEMENT_3D ( 'NONE', #13030, #3586, #568 ) ;
#10152 = DIRECTION ( 'NONE',  ( -4.707526393424183343E-15, 0.000000000000000000, -1.000000000000000000 ) ) ;
#10153 = CARTESIAN_POINT ( 'NONE',  ( -1.942500000000000560, 0.1125000000000000028, 0.000000000000000000 ) ) ;
#10154 = DIRECTION ( 'NONE',  ( -0.000000000000000000, 1.000000000000000000, -0.000000000000000000 ) ) ;
#10155 = CARTESIAN_POINT ( 'NONE',  ( -0.1499999999999964972, 0.1125000000000000028, -9.124999999999998224 ) ) ;
#10156 = VERTEX_POINT ( 'NONE', #9789 ) ;
#10157 = CARTESIAN_POINT ( 'NONE',  ( -0.2019999999999982920, 1.289999999999999591, 9.150000000000000355 ) ) ;
#10158 = CARTESIAN_POINT ( 'NONE',  ( -2.149999999999998135, 0.2530000000000000027, 9.299999999999998934 ) ) ;
#10159 = CARTESIAN_POINT ( 'NONE',  ( -0.000000000000000000, 0.1125000000000000028, -7.653000000000000469 ) ) ;
#10160 = CIRCLE ( 'NONE', #4209, 0.2000000000000005107 ) ;
#10161 = EDGE_LOOP ( 'NONE', ( #8805, #10635, #11956, #9905 ) ) ;
#10162 = CLOSED_SHELL ( 'NONE', ( #12203, #3585, #7236, #5391, #6749, #1985 ) ) ;
#10163 = CARTESIAN_POINT ( 'NONE',  ( -0.3849999999999796363, 0.06250000000000000000, 1.019473684575870813E-15 ) ) ;
#10164 = AXIS2_PLACEMENT_3D ( 'NONE', #9153, #6191, #3003 ) ;
#10165 = ORIENTED_EDGE ( 'NONE', *, *, #13028, .T. ) ;
#10166 = EDGE_CURVE ( 'NONE', #7562, #3553, #5540, .T. ) ;
#10167 = ADVANCED_FACE ( 'NONE', ( #2484 ), #10830, .F. ) ;
#10168 = CARTESIAN_POINT ( 'NONE',  ( -0.8500000000000003109, 0.1125000000000000028, -4.753000000000000114 ) ) ;
#10169 = ORIENTED_EDGE ( 'NONE', *, *, #1185, .T. ) ;
#10170 = ADVANCED_FACE ( 'NONE', ( #13241 ), #3854, .F. ) ;
#10171 = DIRECTION ( 'NONE',  ( -1.000000000000000000, 0.000000000000000000, 0.000000000000000000 ) ) ;
#10172 = AXIS2_PLACEMENT_3D ( 'NONE', #11475, #8573, #2294 ) ;
#10173 = FACE_OUTER_BOUND ( 'NONE', #1207, .T. ) ;
#10174 = ORIENTED_EDGE ( 'NONE', *, *, #4768, .F. ) ;
#10175 = CARTESIAN_POINT ( 'NONE',  ( 0.8499999999999995337, 0.2530000000000000027, 3.174999999999999822 ) ) ;
#10176 = DIRECTION ( 'NONE',  ( 0.7071067811865454633, 0.000000000000000000, -0.7071067811865496822 ) ) ;
#10177 = CARTESIAN_POINT ( 'NONE',  ( -0.6849999999999979439, 0.06250000000000000000, -7.653000000000000469 ) ) ;
#10178 = ORIENTED_EDGE ( 'NONE', *, *, #9932, .T. ) ;
#10179 = ORIENTED_EDGE ( 'NONE', *, *, #136, .T. ) ;
#10180 = EDGE_CURVE ( 'NONE', #1755, #2618, #6902, .T. ) ;
#10181 = CIRCLE ( 'NONE', #13475, 0.4000000000000001887 ) ;
#10182 = LINE ( 'NONE', #1772, #7528 ) ;
#10183 = EDGE_CURVE ( 'NONE', #4635, #1022, #8961, .T. ) ;
#10184 =( GEOMETRIC_REPRESENTATION_CONTEXT ( 3 ) GLOBAL_UNCERTAINTY_ASSIGNED_CONTEXT ( ( #7293 ) ) GLOBAL_UNIT_ASSIGNED_CONTEXT ( ( #11544, #7272, #6389 ) ) REPRESENTATION_CONTEXT ( 'NONE', 'WORKASPACE' ) );
#10185 = CARTESIAN_POINT ( 'NONE',  ( -4.787499999999999645, 0.06250000000000000000, -4.787500000000030731 ) ) ;
#10186 = VERTEX_POINT ( 'NONE', #4758 ) ;
#10187 = AXIS2_PLACEMENT_3D ( 'NONE', #11374, #978, #7166 ) ;
#10188 = ORIENTED_EDGE ( 'NONE', *, *, #10435, .T. ) ;
#10189 = EDGE_CURVE ( 'NONE', #7337, #1513, #6834, .T. ) ;
#10190 = EDGE_CURVE ( 'NONE', #11904, #6730, #13094, .T. ) ;
#10191 = LINE ( 'NONE', #8243, #6328 ) ;
#10192 = CARTESIAN_POINT ( 'NONE',  ( -1.350000000000000533, 0.4780000000000000360, 3.294999999999999041 ) ) ;
#10193 = DIRECTION ( 'NONE',  ( -2.891205793294662451E-15, 0.000000000000000000, -1.000000000000000000 ) ) ;
#10194 = SURFACE_STYLE_USAGE ( .BOTH. , #11213 ) ;
#10195 = VECTOR ( 'NONE', #5407, 1000.000000000000000 ) ;
#10196 = DIRECTION ( 'NONE',  ( 0.000000000000000000, -1.000000000000000000, 0.000000000000000000 ) ) ;
#10197 = LINE ( 'NONE', #5088, #12378 ) ;
#10198 = ORIENTED_EDGE ( 'NONE', *, *, #2685, .T. ) ;
#10199 = DIRECTION ( 'NONE',  ( 0.000000000000000000, 0.000000000000000000, -1.000000000000000000 ) ) ;
#10200 = DIRECTION ( 'NONE',  ( 0.7071067811865465735, 0.000000000000000000, -0.7071067811865485719 ) ) ;
#10201 = ORIENTED_EDGE ( 'NONE', *, *, #6811, .F. ) ;
#10202 = LINE ( 'NONE', #7277, #6420 ) ;
#10203 = EDGE_CURVE ( 'NONE', #6203, #1225, #12261, .T. ) ;
#10204 = CARTESIAN_POINT ( 'NONE',  ( 0.9849999999999817790, 0.1125000000000000028, 2.608263842356538548E-15 ) ) ;
#10205 = ADVANCED_FACE ( 'NONE', ( #6964 ), #8058, .T. ) ;
#10206 = VERTEX_POINT ( 'NONE', #11035 ) ;
#10207 = EDGE_CURVE ( 'NONE', #531, #3518, #2815, .T. ) ;
#10208 = VERTEX_POINT ( 'NONE', #5941 ) ;
#10209 = LINE ( 'NONE', #962, #10736 ) ;
#10210 = DIRECTION ( 'NONE',  ( 0.7071067811865530128, 0.7071067811865421326, 0.000000000000000000 ) ) ;
#10211 = SURFACE_SIDE_STYLE ('',( #2807 ) ) ;
#10212 = CARTESIAN_POINT ( 'NONE',  ( 0.2150000000000005518, 0.1125000000000000028, -7.653000000000000469 ) ) ;
#10213 = ORIENTED_EDGE ( 'NONE', *, *, #9016, .F. ) ;
#10214 = EDGE_LOOP ( 'NONE', ( #11789, #12727, #12370, #10567 ) ) ;
#10215 = CARTESIAN_POINT ( 'NONE',  ( 2.750000000000000000, 0.2530000000000000027, -8.699999999999997513 ) ) ;
#10216 = LINE ( 'NONE', #779, #3329 ) ;
#10217 = CARTESIAN_POINT ( 'NONE',  ( -0.8019999999999979368, 2.979999999999999982, 9.150000000000000355 ) ) ;
#10218 = VERTEX_POINT ( 'NONE', #13161 ) ;
#10219 = ADVANCED_FACE ( 'NONE', ( #12198 ), #5868, .T. ) ;
#10220 = DIRECTION ( 'NONE',  ( 1.000000000000000000, 0.000000000000000000, 0.000000000000000000 ) ) ;
#10221 = DIRECTION ( 'NONE',  ( 0.7071067811865593411, 0.000000000000000000, 0.7071067811865358044 ) ) ;
#10222 = LINE ( 'NONE', #5115, #2464 ) ;
#10223 = LINE ( 'NONE', #3866, #4102 ) ;
#10224 = ORIENTED_EDGE ( 'NONE', *, *, #10781, .T. ) ;
#10225 = CARTESIAN_POINT ( 'NONE',  ( -4.937499999999997335, 0.1125000000000000028, -4.937499999999984013 ) ) ;
#10226 = CARTESIAN_POINT ( 'NONE',  ( 0.9943145750507611513, 1.089999999999999858, 6.299999999999999822 ) ) ;
#10227 = DIRECTION ( 'NONE',  ( 1.000000000000000000, 0.000000000000000000, -0.000000000000000000 ) ) ;
#10228 = LINE ( 'NONE', #4986, #8158 ) ;
#10229 = LINE ( 'NONE', #1617, #9657 ) ;
#10230 = ORIENTED_EDGE ( 'NONE', *, *, #7996, .F. ) ;
#10231 = CARTESIAN_POINT ( 'NONE',  ( 0.8250000000000015099, 0.06250000000000000000, -9.875000000000000000 ) ) ;
#10232 = VERTEX_POINT ( 'NONE', #10146 ) ;
#10233 = DIRECTION ( 'NONE',  ( -7.228014483236656126E-16, 0.000000000000000000, -1.000000000000000000 ) ) ;
#10234 = EDGE_CURVE ( 'NONE', #7896, #5335, #502, .T. ) ;
#10235 = CARTESIAN_POINT ( 'NONE',  ( 0.07500000000000106581, 0.06250000000000000000, -9.875000000000000000 ) ) ;
#10236 = ORIENTED_EDGE ( 'NONE', *, *, #8898, .T. ) ;
#10237 = PLANE ( 'NONE',  #11639 ) ;
#10238 = DIRECTION ( 'NONE',  ( -0.000000000000000000, -0.000000000000000000, -1.000000000000000000 ) ) ;
#10239 = CARTESIAN_POINT ( 'NONE',  ( 0.04999999999999839295, 0.06250000000000000000, -9.025000000000000355 ) ) ;
#10240 = LINE ( 'NONE', #2855, #8861 ) ;
#10241 = ORIENTED_EDGE ( 'NONE', *, *, #1394, .T. ) ;
#10242 = ORIENTED_EDGE ( 'NONE', *, *, #9343, .T. ) ;
#10243 = CARTESIAN_POINT ( 'NONE',  ( -0.5019999999999982254, 2.880000000000000338, 6.799999999999999822 ) ) ;
#10244 = DIRECTION ( 'NONE',  ( 1.000000000000000000, 0.000000000000000000, 0.000000000000000000 ) ) ;
#10245 = VERTEX_POINT ( 'NONE', #5805 ) ;
#10246 = PLANE ( 'NONE',  #8964 ) ;
#10247 = FACE_OUTER_BOUND ( 'NONE', #1378, .T. ) ;
#10248 = EDGE_CURVE ( 'NONE', #12690, #5895, #710, .T. ) ;
#10249 = EDGE_CURVE ( 'NONE', #1822, #10640, #10008, .T. ) ;
#10250 = CARTESIAN_POINT ( 'NONE',  ( 0.4200000000000030376, 0.06250000000000000000, -9.025000000000000355 ) ) ;
#10251 = CARTESIAN_POINT ( 'NONE',  ( -1.049999999999999822, 0.1125000000000000028, -9.124999999999998224 ) ) ;
#10252 = DIRECTION ( 'NONE',  ( 0.000000000000000000, 0.000000000000000000, 1.000000000000000000 ) ) ;
#10253 = ADVANCED_FACE ( 'NONE', ( #4624 ), #2621, .F. ) ;
#10254 = VERTEX_POINT ( 'NONE', #7786 ) ;
#10255 = VERTEX_POINT ( 'NONE', #11986 ) ;
#10256 = CARTESIAN_POINT ( 'NONE',  ( 1.150000000000004352, 0.06250000000000000000, -8.424999999999997158 ) ) ;
#10257 = ORIENTED_EDGE ( 'NONE', *, *, #5606, .F. ) ;
#10258 = DIRECTION ( 'NONE',  ( -1.000000000000000000, 0.000000000000000000, 0.000000000000000000 ) ) ;
#10259 = CARTESIAN_POINT ( 'NONE',  ( 1.114999999999970681, 0.06250000000000000000, 4.592780437584348139E-15 ) ) ;
#10260 = ORIENTED_EDGE ( 'NONE', *, *, #11425, .T. ) ;
#10261 = ORIENTED_EDGE ( 'NONE', *, *, #10037, .T. ) ;
#10262 = VECTOR ( 'NONE', #13042, 1000.000000000000000 ) ;
#10263 = CARTESIAN_POINT ( 'NONE',  ( 0.4499999999999942935, 0.1125000000000000028, 4.878909776184709802E-16 ) ) ;
#10264 = CARTESIAN_POINT ( 'NONE',  ( -1.274999999999999245, 0.06250000000000000000, -9.799999999999998934 ) ) ;
#10265 = ADVANCED_FACE ( 'NONE', ( #10961 ), #5739, .F. ) ;
#10266 = EDGE_CURVE ( 'NONE', #7708, #11390, #1340, .T. ) ;
#10267 = LINE ( 'NONE', #6132, #3257 ) ;
#10268 = CIRCLE ( 'NONE', #2336, 0.1999999999999996503 ) ;
#10269 = EDGE_CURVE ( 'NONE', #10294, #11504, #11461, .T. ) ;
#10270 = ORIENTED_EDGE ( 'NONE', *, *, #7932, .F. ) ;
#10271 = EDGE_LOOP ( 'NONE', ( #8254, #1305, #3624, #1199 ) ) ;
#10272 = FILL_AREA_STYLE_COLOUR ( '', #10335 ) ;
#10273 = CARTESIAN_POINT ( 'NONE',  ( -1.742500000000000160, 0.06250000000000000000, -8.424999999999997158 ) ) ;
#10274 = VECTOR ( 'NONE', #11010, 1000.000000000000000 ) ;
#10275 = PLANE ( 'NONE',  #5320 ) ;
#10276 = DIRECTION ( 'NONE',  ( 0.000000000000000000, 0.000000000000000000, -1.000000000000000000 ) ) ;
#10277 = PRESENTATION_LAYER_ASSIGNMENT (  '', '', ( #3664 ) ) ;
#10278 = PLANE ( 'NONE',  #7754 ) ;
#10279 = DIRECTION ( 'NONE',  ( 1.000000000000000000, 0.000000000000000000, 0.000000000000000000 ) ) ;
#10280 = DIRECTION ( 'NONE',  ( -0.000000000000000000, -1.000000000000000000, -0.000000000000000000 ) ) ;
#10281 = EDGE_CURVE ( 'NONE', #5870, #7381, #913, .T. ) ;
#10282 = LINE ( 'NONE', #7309, #5560 ) ;
#10283 = EDGE_CURVE ( 'NONE', #4628, #11724, #971, .T. ) ;
#10284 = FACE_OUTER_BOUND ( 'NONE', #6614, .T. ) ;
#10285 = ORIENTED_EDGE ( 'NONE', *, *, #3752, .T. ) ;
#10286 = CARTESIAN_POINT ( 'NONE',  ( -0.04999999999999622802, 0.1125000000000000028, -8.424999999999997158 ) ) ;
#10287 = DIRECTION ( 'NONE',  ( 0.7071067811865452413, 0.000000000000000000, -0.7071067811865497932 ) ) ;
#10288 = CARTESIAN_POINT ( 'NONE',  ( 2.199999999999999734, 0.2530000000000000027, -8.325000000000001066 ) ) ;
#10289 = AXIS2_PLACEMENT_3D ( 'NONE', #2299, #9683, #9478 ) ;
#10290 = FILL_AREA_STYLE_COLOUR ( '', #5754 ) ;
#10291 = DIRECTION ( 'NONE',  ( -2.942203995890114589E-16, 0.000000000000000000, -1.000000000000000000 ) ) ;
#10292 = ORIENTED_EDGE ( 'NONE', *, *, #10095, .F. ) ;
#10293 = CARTESIAN_POINT ( 'NONE',  ( -1.350000000000000533, 0.4780000000000000360, 3.694999999999999840 ) ) ;
#10294 = VERTEX_POINT ( 'NONE', #12609 ) ;
#10295 = ORIENTED_EDGE ( 'NONE', *, *, #11687, .T. ) ;
#10296 = CARTESIAN_POINT ( 'NONE',  ( -0.3850000000000008971, 0.1125000000000000028, -7.653000000000000469 ) ) ;
#10297 = AXIS2_PLACEMENT_3D ( 'NONE', #2072, #11372, #4068 ) ;
#10298 = STYLED_ITEM ( 'NONE', ( #1229 ), #5452 ) ;
#10299 = DIRECTION ( 'NONE',  ( 1.000000000000000000, 0.000000000000000000, 0.000000000000000000 ) ) ;
#10300 = VERTEX_POINT ( 'NONE', #11369 ) ;
#10301 = CARTESIAN_POINT ( 'NONE',  ( -0.5019999999999983364, 2.880000000000000338, 7.799999999999999822 ) ) ;
#10302 = CARTESIAN_POINT ( 'NONE',  ( -1.424999999999997824, 0.06250000000000000000, 3.838479741097750883E-16 ) ) ;
#10303 = DIRECTION ( 'NONE',  ( 0.000000000000000000, -0.000000000000000000, -1.000000000000000000 ) ) ;
#10304 = ORIENTED_EDGE ( 'NONE', *, *, #7867, .F. ) ;
#10305 = VECTOR ( 'NONE', #10045, 1000.000000000000000 ) ;
#10306 = EDGE_LOOP ( 'NONE', ( #9570, #3081, #10928, #2733 ) ) ;
#10307 = DIRECTION ( 'NONE',  ( 0.000000000000000000, 1.000000000000000000, 0.000000000000000000 ) ) ;
#10308 = FACE_OUTER_BOUND ( 'NONE', #4997, .T. ) ;
#10309 = ORIENTED_EDGE ( 'NONE', *, *, #5296, .T. ) ;
#10310 = EDGE_CURVE ( 'NONE', #5870, #2029, #1930, .T. ) ;
#10311 = AXIS2_PLACEMENT_3D ( 'NONE', #6554, #7369, #1114 ) ;
#10312 = DIRECTION ( 'NONE',  ( 1.000000000000000000, 1.379254074752367376E-16, -0.000000000000000000 ) ) ;
#10313 = FACE_OUTER_BOUND ( 'NONE', #12279, .T. ) ;
#10314 = FACE_OUTER_BOUND ( 'NONE', #13082, .T. ) ;
#10315 = LINE ( 'NONE', #12649, #6238 ) ;
#10316 = CARTESIAN_POINT ( 'NONE',  ( 0.04999999999999969746, 0.1125000000000000028, -8.424999999999997158 ) ) ;
#10317 = CARTESIAN_POINT ( 'NONE',  ( -0.7019999999999974039, 2.979999999999999982, 9.429999999999999716 ) ) ;
#10318 = ORIENTED_EDGE ( 'NONE', *, *, #5730, .T. ) ;
#10319 = VECTOR ( 'NONE', #9654, 1000.000000000000114 ) ;
#10320 = FILL_AREA_STYLE_COLOUR ( '', #4854 ) ;
#10321 = VECTOR ( 'NONE', #4294, 1000.000000000000000 ) ;
#10322 = CARTESIAN_POINT ( 'NONE',  ( -1.942500000000000560, 0.06250000000000000000, -7.653000000000000469 ) ) ;
#10323 = ORIENTED_EDGE ( 'NONE', *, *, #1823, .F. ) ;
#10324 = VECTOR ( 'NONE', #10555, 1000.000000000000000 ) ;
#10325 = CARTESIAN_POINT ( 'NONE',  ( 0.000000000000000000, 0.06250000000000000000, -9.875000000000000000 ) ) ;
#10326 = FACE_OUTER_BOUND ( 'NONE', #7605, .T. ) ;
#10327 = VECTOR ( 'NONE', #9046, 1000.000000000000000 ) ;
#10328 = EDGE_LOOP ( 'NONE', ( #4489, #10260, #691, #7028, #7151, #4039, #6766, #13554, #4939, #6946, #5076, #10993, #13132, #6333, #8275, #1564 ) ) ;
#10329 = EDGE_CURVE ( 'NONE', #8936, #4588, #9044, .T. ) ;
#10330 = ADVANCED_FACE ( 'NONE', ( #3998 ), #9437, .T. ) ;
#10331 = ORIENTED_EDGE ( 'NONE', *, *, #9106, .F. ) ;
#10332 = EDGE_CURVE ( 'NONE', #9586, #10300, #8410, .T. ) ;
#10333 = AXIS2_PLACEMENT_3D ( 'NONE', #7361, #5383, #2395 ) ;
#10334 = CARTESIAN_POINT ( 'NONE',  ( 0.8149999999999990585, 0.06250000000000000000, -8.389999999999998792 ) ) ;
#10335 = COLOUR_RGB ( '',1.000000000000000000, 0.8117647058823529438, 0.5019607843137254832 ) ;
#10336 = LINE ( 'NONE', #3913, #8989 ) ;
#10337 = VECTOR ( 'NONE', #10537, 1000.000000000000000 ) ;
#10338 = CARTESIAN_POINT ( 'NONE',  ( 0.6750000000000002665, 0.06250000000000000000, -9.799999999999998934 ) ) ;
#10339 = FACE_OUTER_BOUND ( 'NONE', #4259, .T. ) ;
#10340 = UNCERTAINTY_MEASURE_WITH_UNIT (LENGTH_MEASURE( 1.000000000000000082E-05 ), #10048, 'distance_accuracy_value', 'NONE');
#10341 = ORIENTED_EDGE ( 'NONE', *, *, #13525, .F. ) ;
#10342 = VERTEX_POINT ( 'NONE', #10419 ) ;
#10343 = LINE ( 'NONE', #6540, #1105 ) ;
#10344 = EDGE_CURVE ( 'NONE', #6398, #517, #9303, .T. ) ;
#10345 = CARTESIAN_POINT ( 'NONE',  ( -4.837500000000002132, 0.06250000000000000000, -4.837499999999972822 ) ) ;
#10346 = DIRECTION ( 'NONE',  ( 0.000000000000000000, 0.000000000000000000, -1.000000000000000000 ) ) ;
#10347 = VECTOR ( 'NONE', #12000, 1000.000000000000000 ) ;
#10348 = DIRECTION ( 'NONE',  ( 1.000000000000000000, 0.000000000000000000, 0.000000000000000000 ) ) ;
#10349 = COLOUR_RGB ( '',1.000000000000000000, 0.8117647058823529438, 0.5019607843137254832 ) ;
#10350 = EDGE_CURVE ( 'NONE', #4118, #678, #5172, .T. ) ;
#10351 = EDGE_CURVE ( 'NONE', #3746, #9641, #12469, .T. ) ;
#10352 = EDGE_CURVE ( 'NONE', #13303, #11311, #13566, .T. ) ;
#10353 = EDGE_CURVE ( 'NONE', #13535, #7997, #12567, .T. ) ;
#10354 = CARTESIAN_POINT ( 'NONE',  ( -3.689539992968172378E-15, 0.06250000000000000000, -3.403000000000000025 ) ) ;
#10355 = AXIS2_PLACEMENT_3D ( 'NONE', #6172, #1835, #13271 ) ;
#10356 = CARTESIAN_POINT ( 'NONE',  ( -4.041249999999995346, 0.06250000000000000000, -4.041249999999983800 ) ) ;
#10357 = DIRECTION ( 'NONE',  ( -0.000000000000000000, 1.000000000000000000, -0.000000000000000000 ) ) ;
#10358 = COLOUR_RGB ( '',0.5019607843137254832, 0.5019607843137254832, 0.5019607843137254832 ) ;
#10359 = DIRECTION ( 'NONE',  ( -0.000000000000000000, -1.000000000000000000, -0.000000000000000000 ) ) ;
#10360 = CARTESIAN_POINT ( 'NONE',  ( 8.138021506676202593E-15, 0.1125000000000000028, -3.753000000000001890 ) ) ;
#10361 = ORIENTED_EDGE ( 'NONE', *, *, #11446, .F. ) ;
#10362 = LINE ( 'NONE', #11456, #5279 ) ;
#10363 = FACE_OUTER_BOUND ( 'NONE', #3984, .T. ) ;
#10364 = DIRECTION ( 'NONE',  ( 0.7071067811865358044, 0.000000000000000000, -0.7071067811865593411 ) ) ;
#10365 = SURFACE_STYLE_FILL_AREA ( #11578 ) ;
#10366 = CARTESIAN_POINT ( 'NONE',  ( -2.350000000000000977, 0.4780000000000000360, -8.325000000000001066 ) ) ;
#10367 = VERTEX_POINT ( 'NONE', #9238 ) ;
#10368 = ADVANCED_FACE ( 'NONE', ( #10481 ), #3021, .F. ) ;
#10369 = VECTOR ( 'NONE', #1360, 1000.000000000000000 ) ;
#10370 = ADVANCED_FACE ( 'NONE', ( #7298 ), #1031, .T. ) ;
#10371 = AXIS2_PLACEMENT_3D ( 'NONE', #8621, #8550, #3513 ) ;
#10372 = ORIENTED_EDGE ( 'NONE', *, *, #4008, .F. ) ;
#10373 = ORIENTED_EDGE ( 'NONE', *, *, #2453, .T. ) ;
#10374 = EDGE_CURVE ( 'NONE', #8387, #2165, #10216, .T. ) ;
#10375 = CARTESIAN_POINT ( 'NONE',  ( 0.000000000000000000, 0.06250000000000000000, 0.000000000000000000 ) ) ;
#10376 = VECTOR ( 'NONE', #8234, 1000.000000000000000 ) ;
#10377 = CARTESIAN_POINT ( 'NONE',  ( -0.2000000000000000944, 0.1125000000000000028, -4.753000000000000114 ) ) ;
#10378 = ORIENTED_EDGE ( 'NONE', *, *, #928, .F. ) ;
#10379 = DIRECTION ( 'NONE',  ( -1.000000000000000000, 0.000000000000000000, 0.000000000000000000 ) ) ;
#10380 = AXIS2_PLACEMENT_3D ( 'NONE', #6543, #1173, #11771 ) ;
#10381 =( NAMED_UNIT ( * ) PLANE_ANGLE_UNIT ( ) SI_UNIT ( $, .RADIAN. ) );
#10382 = CARTESIAN_POINT ( 'NONE',  ( -0.05000000000000012768, 0.1125000000000000028, -2.403000000000000025 ) ) ;
#10383 = PLANE ( 'NONE',  #1608 ) ;
#10384 = ORIENTED_EDGE ( 'NONE', *, *, #9313, .T. ) ;
#10385 = ORIENTED_EDGE ( 'NONE', *, *, #7196, .F. ) ;
#10386 = DIRECTION ( 'NONE',  ( -0.000000000000000000, 1.000000000000000000, -0.000000000000000000 ) ) ;
#10387 = CARTESIAN_POINT ( 'NONE',  ( -0.9750000000000001998, 0.06250000000000000000, -9.070000000000002061 ) ) ;
#10388 = VERTEX_POINT ( 'NONE', #3925 ) ;
#10389 = EDGE_CURVE ( 'NONE', #4847, #4583, #2676, .T. ) ;
#10390 = VECTOR ( 'NONE', #6312, 1000.000000000000000 ) ;
#10391 = AXIS2_PLACEMENT_3D ( 'NONE', #5367, #123, #4316 ) ;
#10392 = DIRECTION ( 'NONE',  ( -0.000000000000000000, -1.000000000000000000, -0.000000000000000000 ) ) ;
#10393 = DIRECTION ( 'NONE',  ( 0.7071067811865584529, 0.000000000000000000, -0.7071067811865365815 ) ) ;
#10394 = DIRECTION ( 'NONE',  ( -2.168404344971009262E-15, 0.000000000000000000, 1.000000000000000000 ) ) ;
#10395 = CARTESIAN_POINT ( 'NONE',  ( 0.6499999999999989120, 0.06250000000000000000, 0.000000000000000000 ) ) ;
#10396 = FACE_OUTER_BOUND ( 'NONE', #2683, .T. ) ;
#10397 = DIRECTION ( 'NONE',  ( 0.000000000000000000, 1.000000000000000000, 0.000000000000000000 ) ) ;
#10398 = ORIENTED_EDGE ( 'NONE', *, *, #3516, .T. ) ;
#10399 = SURFACE_STYLE_FILL_AREA ( #12239 ) ;
#10400 = VECTOR ( 'NONE', #4458, 1000.000000000000000 ) ;
#10401 = PLANE ( 'NONE',  #3045 ) ;
#10402 = EDGE_LOOP ( 'NONE', ( #11709, #4547, #4255, #3089 ) ) ;
#10403 = DIRECTION ( 'NONE',  ( 1.000000000000000000, 0.000000000000000000, 0.000000000000000000 ) ) ;
#10404 = CARTESIAN_POINT ( 'NONE',  ( -3.637500000000013944, 0.06250000000000000000, -3.637500000000126299 ) ) ;
#10405 = ORIENTED_EDGE ( 'NONE', *, *, #9009, .F. ) ;
#10406 = EDGE_LOOP ( 'NONE', ( #10542, #7761, #9092, #407 ) ) ;
#10407 = DIRECTION ( 'NONE',  ( -0.000000000000000000, -1.000000000000000000, -0.000000000000000000 ) ) ;
#10408 = AXIS2_PLACEMENT_3D ( 'NONE', #8375, #10584, #1136 ) ;
#10409 = DIRECTION ( 'NONE',  ( 2.891205793294662451E-15, 0.000000000000000000, -1.000000000000000000 ) ) ;
#10410 =( NAMED_UNIT ( * ) SI_UNIT ( $, .STERADIAN. ) SOLID_ANGLE_UNIT ( ) );
#10411 = FACE_OUTER_BOUND ( 'NONE', #7739, .T. ) ;
#10412 = ADVANCED_FACE ( 'NONE', ( #1869 ), #10275, .F. ) ;
#10413 = ORIENTED_EDGE ( 'NONE', *, *, #488, .T. ) ;
#10414 = ORIENTED_EDGE ( 'NONE', *, *, #11006, .F. ) ;
#10415 = FILL_AREA_STYLE_COLOUR ( '', #6387 ) ;
#10416 = LINE ( 'NONE', #10273, #8551 ) ;
#10418 = ORIENTED_EDGE ( 'NONE', *, *, #1353, .F. ) ;
#10417 = EDGE_CURVE ( 'NONE', #9125, #3095, #11039, .T. ) ;
#10419 = CARTESIAN_POINT ( 'NONE',  ( -2.149999999999998579, 0.2530000000000000027, 6.299999999999999822 ) ) ;
#10420 = STYLED_ITEM ( 'NONE', ( #13533 ), #492 ) ;
#10421 = LINE ( 'NONE', #1870, #11872 ) ;
#10422 = PRODUCT_DEFINITION_SHAPE ( 'NONE', 'NONE',  #2654 ) ;
#10423 = DIRECTION ( 'NONE',  ( 0.000000000000000000, -1.000000000000000000, 0.000000000000000000 ) ) ;
#10424 = CARTESIAN_POINT ( 'NONE',  ( 1.649999999999999467, 0.4780000000000000360, 3.899999999999999911 ) ) ;
#10425 = VECTOR ( 'NONE', #11079, 1000.000000000000000 ) ;
#10426 = LINE ( 'NONE', #919, #8557 ) ;
#10427 = CARTESIAN_POINT ( 'NONE',  ( 1.749999999999999778, 0.000000000000000000, -1.542999999999999927 ) ) ;
#10428 = ADVANCED_FACE ( 'NONE', ( #8474 ), #7581, .F. ) ;
#10429 = ADVANCED_FACE ( 'NONE', ( #74 ), #4332, .F. ) ;
#10430 = DIRECTION ( 'NONE',  ( 0.000000000000000000, 0.000000000000000000, -1.000000000000000000 ) ) ;
#10431 = EDGE_LOOP ( 'NONE', ( #8908, #12703, #10257, #9702 ) ) ;
#10432 = DIRECTION ( 'NONE',  ( 1.000000000000000000, 0.000000000000000000, 2.168404344971009262E-15 ) ) ;
#10433 = LINE ( 'NONE', #983, #8763 ) ;
#10434 = DIRECTION ( 'NONE',  ( -0.000000000000000000, 1.000000000000000000, -0.000000000000000000 ) ) ;
#10435 = EDGE_CURVE ( 'NONE', #7017, #7777, #12670, .T. ) ;
#10436 = LINE ( 'NONE', #985, #9934 ) ;
#10437 = LINE ( 'NONE', #1045, #5066 ) ;
#10438 = ORIENTED_EDGE ( 'NONE', *, *, #9687, .T. ) ;
#10439 = ORIENTED_EDGE ( 'NONE', *, *, #3630, .T. ) ;
#10440 = VERTEX_POINT ( 'NONE', #11634 ) ;
#10441 = CARTESIAN_POINT ( 'NONE',  ( -4.722500000000008136, 0.1125000000000000028, -4.722499999999850040 ) ) ;
#10442 = ADVANCED_FACE ( 'NONE', ( #9776 ), #6483, .F. ) ;
#10443 = DIRECTION ( 'NONE',  ( 1.000000000000000000, 0.000000000000000000, 0.000000000000000000 ) ) ;
#10444 = ORIENTED_EDGE ( 'NONE', *, *, #2504, .F. ) ;
#10445 = EDGE_CURVE ( 'NONE', #893, #7522, #3428, .T. ) ;
#10446 = DIRECTION ( 'NONE',  ( 0.000000000000000000, 0.000000000000000000, -1.000000000000000000 ) ) ;
#10447 = CARTESIAN_POINT ( 'NONE',  ( 0.4500000000000048406, 0.06250000000000000000, -9.724999999999999645 ) ) ;
#10448 = ADVANCED_FACE ( 'NONE', ( #10741 ), #12817, .T. ) ;
#10449 = FILL_AREA_STYLE_COLOUR ( '', #2701 ) ;
#10450 = ORIENTED_EDGE ( 'NONE', *, *, #405, .F. ) ;
#10451 = VERTEX_POINT ( 'NONE', #1101 ) ;
#10452 = DIRECTION ( 'NONE',  ( 1.000000000000000000, 0.000000000000000000, 2.168404344971009262E-15 ) ) ;
#10453 = LINE ( 'NONE', #12643, #3446 ) ;
#10454 = VERTEX_POINT ( 'NONE', #139 ) ;
#10455 = FACE_OUTER_BOUND ( 'NONE', #4742, .T. ) ;
#10456 = DIRECTION ( 'NONE',  ( 0.000000000000000000, 0.000000000000000000, -1.000000000000000000 ) ) ;
#10457 = LINE ( 'NONE', #3829, #12937 ) ;
#10458 = FILL_AREA_STYLE_COLOUR ( '', #9104 ) ;
#10459 = CARTESIAN_POINT ( 'NONE',  ( -0.5500000000000020428, 0.1125000000000000028, -0.000000000000000000 ) ) ;
#10460 = EDGE_CURVE ( 'NONE', #5155, #10545, #6413, .T. ) ;
#10461 = LINE ( 'NONE', #13547, #6664 ) ;
#10462 = ORIENTED_EDGE ( 'NONE', *, *, #4365, .F. ) ;
#10463 =( NAMED_UNIT ( * ) PLANE_ANGLE_UNIT ( ) SI_UNIT ( $, .RADIAN. ) );
#10464 = CARTESIAN_POINT ( 'NONE',  ( 0.000000000000000000, 0.1125000000000000028, 0.000000000000000000 ) ) ;
#10465 = ORIENTED_EDGE ( 'NONE', *, *, #4092, .F. ) ;
#10466 = LINE ( 'NONE', #12395, #34 ) ;
#10467 = CARTESIAN_POINT ( 'NONE',  ( -2.150000000000001688, 0.4780000000000000360, -9.799999999999998934 ) ) ;
#10468 = ORIENTED_EDGE ( 'NONE', *, *, #9574, .T. ) ;
#10469 = VERTEX_POINT ( 'NONE', #12943 ) ;
#10470 = ORIENTED_EDGE ( 'NONE', *, *, #11917, .F. ) ;
#10471 = PLANE ( 'NONE',  #3696 ) ;
#10472 = LINE ( 'NONE', #4194, #10337 ) ;
#10473 = VECTOR ( 'NONE', #5761, 1000.000000000000000 ) ;
#10474 =( NAMED_UNIT ( * ) SI_UNIT ( $, .STERADIAN. ) SOLID_ANGLE_UNIT ( ) );
#10475 = PRODUCT_DEFINITION_CONTEXT ( 'detailed design', #4944, 'design' ) ;
#10476 = ORIENTED_EDGE ( 'NONE', *, *, #11194, .T. ) ;
#10477 = ORIENTED_EDGE ( 'NONE', *, *, #10599, .F. ) ;
#10478 = SURFACE_SIDE_STYLE ('',( #8133 ) ) ;
#10479 = DIRECTION ( 'NONE',  ( 2.693669993752817464E-16, 0.000000000000000000, -1.000000000000000000 ) ) ;
#10480 = VERTEX_POINT ( 'NONE', #4536 ) ;
#10481 = FACE_OUTER_BOUND ( 'NONE', #9171, .T. ) ;
#10482 = FACE_OUTER_BOUND ( 'NONE', #9557, .T. ) ;
#10483 = ORIENTED_EDGE ( 'NONE', *, *, #8504, .T. ) ;
#10484 = VECTOR ( 'NONE', #9329, 1000.000000000000000 ) ;
#10485 = EDGE_CURVE ( 'NONE', #4827, #9140, #9713, .T. ) ;
#10486 = DIRECTION ( 'NONE',  ( 0.000000000000000000, 0.000000000000000000, 1.000000000000000000 ) ) ;
#10487 = DIRECTION ( 'NONE',  ( -1.084202172485504828E-15, 0.000000000000000000, -1.000000000000000000 ) ) ;
#10488 = AXIS2_PLACEMENT_3D ( 'NONE', #12316, #4105, #8247 ) ;
#10489 = DIRECTION ( 'NONE',  ( -0.000000000000000000, 0.000000000000000000, -1.000000000000000000 ) ) ;
#10490 = ORIENTED_EDGE ( 'NONE', *, *, #3481, .T. ) ;
#10491 = DIRECTION ( 'NONE',  ( 1.000000000000000000, 0.000000000000000000, 4.119085594246160228E-15 ) ) ;
#10492 = DIRECTION ( 'NONE',  ( 1.000000000000000000, 0.000000000000000000, 0.000000000000000000 ) ) ;
#10493 = LINE ( 'NONE', #1042, #409 ) ;
#10494 = SURFACE_STYLE_FILL_AREA ( #5185 ) ;
#10495 = LINE ( 'NONE', #10366, #885 ) ;
#10496 = VERTEX_POINT ( 'NONE', #6336 ) ;
#10497 = ORIENTED_EDGE ( 'NONE', *, *, #7197, .F. ) ;
#10498 = EDGE_LOOP ( 'NONE', ( #8795, #10658, #3049, #12813 ) ) ;
#10499 = EDGE_CURVE ( 'NONE', #6912, #11436, #1235, .T. ) ;
#10500 = ADVANCED_FACE ( 'NONE', ( #5385 ), #288, .F. ) ;
#10501 = CARTESIAN_POINT ( 'NONE',  ( -0.8500000000000003109, 0.06250000000000000000, 0.000000000000000000 ) ) ;
#10502 = EDGE_CURVE ( 'NONE', #696, #4860, #5760, .T. ) ;
#10503 = FACE_OUTER_BOUND ( 'NONE', #8491, .T. ) ;
#10504 = ORIENTED_EDGE ( 'NONE', *, *, #2280, .F. ) ;
#10505 = LINE ( 'NONE', #7328, #7890 ) ;
#10506 = FACE_OUTER_BOUND ( 'NONE', #5809, .T. ) ;
#10507 = ORIENTED_EDGE ( 'NONE', *, *, #12383, .F. ) ;
#10508 = ORIENTED_EDGE ( 'NONE', *, *, #7324, .F. ) ;
#10509 = LINE ( 'NONE', #1061, #6221 ) ;
#10510 = DIRECTION ( 'NONE',  ( 0.000000000000000000, -1.000000000000000000, 0.000000000000000000 ) ) ;
#10511 = VERTEX_POINT ( 'NONE', #8737 ) ;
#10512 = VECTOR ( 'NONE', #2741, 1000.000000000000000 ) ;
#10513 = EDGE_CURVE ( 'NONE', #3740, #1899, #9568, .T. ) ;
#10514 = CIRCLE ( 'NONE', #12693, 0.2000000000000005107 ) ;
#10515 = EDGE_CURVE ( 'NONE', #6134, #8387, #8675, .T. ) ;
#10516 = CARTESIAN_POINT ( 'NONE',  ( -0.8019999999999980478, 2.879999999999999893, 8.949999999999999289 ) ) ;
#10517 = EDGE_CURVE ( 'NONE', #484, #11218, #11563, .T. ) ;
#10518 =( GEOMETRIC_REPRESENTATION_CONTEXT ( 3 ) GLOBAL_UNCERTAINTY_ASSIGNED_CONTEXT ( ( #7844 ) ) GLOBAL_UNIT_ASSIGNED_CONTEXT ( ( #4402, #7356, #7632 ) ) REPRESENTATION_CONTEXT ( 'NONE', 'WORKASPACE' ) );
#10519 = PLANE ( 'NONE',  #8087 ) ;
#10520 = CARTESIAN_POINT ( 'NONE',  ( 1.125000000000458966, 0.06250000000000000000, -5.204170427932515236E-14 ) ) ;
#10521 = DIRECTION ( 'NONE',  ( 0.000000000000000000, -0.000000000000000000, 1.000000000000000000 ) ) ;
#10522 = CARTESIAN_POINT ( 'NONE',  ( 0.8500000000000003109, 0.06250000000000000000, 0.000000000000000000 ) ) ;
#10523 = VERTEX_POINT ( 'NONE', #5315 ) ;
#10524 = CARTESIAN_POINT ( 'NONE',  ( -0.3850000000000018963, 0.06250000000000000000, -8.389999999999998792 ) ) ;
#10525 = CARTESIAN_POINT ( 'NONE',  ( -0.6499999999999966915, 0.1125000000000000028, -0.000000000000000000 ) ) ;
#10526 = ORIENTED_EDGE ( 'NONE', *, *, #9764, .F. ) ;
#10527 = DIRECTION ( 'NONE',  ( 1.000000000000000000, 0.000000000000000000, 0.000000000000000000 ) ) ;
#10528 = CARTESIAN_POINT ( 'NONE',  ( -0.5019999999999983364, 2.080000000000000071, 6.509999999999998899 ) ) ;
#10529 = ORIENTED_EDGE ( 'NONE', *, *, #6565, .F. ) ;
#10530 = AXIS2_PLACEMENT_3D ( 'NONE', #11113, #10901, #9876 ) ;
#10531 = ORIENTED_EDGE ( 'NONE', *, *, #666, .F. ) ;
#10532 = ORIENTED_EDGE ( 'NONE', *, *, #1551, .T. ) ;
#10533 = ADVANCED_FACE ( 'NONE', ( #217 ), #4409, .F. ) ;
#10534 = VECTOR ( 'NONE', #6872, 1000.000000000000000 ) ;
#10535 = EDGE_CURVE ( 'NONE', #10255, #444, #3706, .T. ) ;
#10536 = CARTESIAN_POINT ( 'NONE',  ( -0.5019999999999983364, 1.089999999999999414, 7.799999999999999822 ) ) ;
#10537 = DIRECTION ( 'NONE',  ( 1.000000000000000000, 0.000000000000000000, 2.168404344971009262E-15 ) ) ;
#10538 = VECTOR ( 'NONE', #234, 1000.000000000000000 ) ;
#10539 = VECTOR ( 'NONE', #7441, 1000.000000000000000 ) ;
#10540 = VECTOR ( 'NONE', #12542, 1000.000000000000000 ) ;
#10541 = ORIENTED_EDGE ( 'NONE', *, *, #8486, .F. ) ;
#10542 = ORIENTED_EDGE ( 'NONE', *, *, #7077, .T. ) ;
#10543 = LINE ( 'NONE', #3158, #1323 ) ;
#10544 = CARTESIAN_POINT ( 'NONE',  ( -1.349999999999996758, 0.06250000000000000000, 4.878909776184788688E-16 ) ) ;
#10545 = VERTEX_POINT ( 'NONE', #4605 ) ;
#10546 = CARTESIAN_POINT ( 'NONE',  ( -2.350000000000000977, 0.4780000000000000360, -8.125000000000000000 ) ) ;
#10547 = DIRECTION ( 'NONE',  ( 0.9396926207859084279, 0.000000000000000000, -0.3420201433256688794 ) ) ;
#10548 = ORIENTED_EDGE ( 'NONE', *, *, #5964, .T. ) ;
#10549 = VECTOR ( 'NONE', #9812, 1000.000000000000114 ) ;
#10550 = DIRECTION ( 'NONE',  ( -0.000000000000000000, 1.000000000000000000, -0.000000000000000000 ) ) ;
#10551 = VECTOR ( 'NONE', #6613, 1000.000000000000114 ) ;
#10552 = VECTOR ( 'NONE', #3814, 1000.000000000000000 ) ;
#10553 = VECTOR ( 'NONE', #11278, 1000.000000000000000 ) ;
#10554 = AXIS2_PLACEMENT_3D ( 'NONE', #6910, #4767, #11108 ) ;
#10555 = DIRECTION ( 'NONE',  ( 1.000000000000000000, 0.000000000000000000, 0.000000000000000000 ) ) ;
#10556 = CARTESIAN_POINT ( 'NONE',  ( -5.537500000000027178, 0.06250000000000000000, -5.537499999999786482 ) ) ;
#10557 = CARTESIAN_POINT ( 'NONE',  ( 0.5049999999999990052, 0.4780000000000000360, 1.874999999999999556 ) ) ;
#10558 = AXIS2_PLACEMENT_3D ( 'NONE', #6013, #11370, #2890 ) ;
#10559 = ORIENTED_EDGE ( 'NONE', *, *, #3103, .T. ) ;
#10560 = DIRECTION ( 'NONE',  ( 0.000000000000000000, 1.000000000000000000, 0.000000000000000000 ) ) ;
#10561 = VECTOR ( 'NONE', #650, 1000.000000000000000 ) ;
#10562 = LINE ( 'NONE', #7652, #3928 ) ;
#10563 = CARTESIAN_POINT ( 'NONE',  ( -1.642500000000000959, 0.1125000000000000028, -9.724999999999999645 ) ) ;
#10564 = CARTESIAN_POINT ( 'NONE',  ( -0.05000000000000012768, 0.06250000000000000000, -2.403000000000000025 ) ) ;
#10565 = FACE_OUTER_BOUND ( 'NONE', #2025, .T. ) ;
#10566 = EDGE_LOOP ( 'NONE', ( #5105, #548, #9465, #7830 ) ) ;
#10567 = ORIENTED_EDGE ( 'NONE', *, *, #401, .T. ) ;
#10568 = ORIENTED_EDGE ( 'NONE', *, *, #303, .T. ) ;
#10569 = VECTOR ( 'NONE', #8253, 1000.000000000000000 ) ;
#10570 = PRESENTATION_LAYER_ASSIGNMENT (  '', '', ( #1976 ) ) ;
#10571 = CARTESIAN_POINT ( 'NONE',  ( 1.150000000000004796, 0.06250000000000000000, -9.025000000000000355 ) ) ;
#10572 = CARTESIAN_POINT ( 'NONE',  ( 2.350000000000000089, 0.2530000000000000027, -9.074999999999999289 ) ) ;
#10573 = ORIENTED_EDGE ( 'NONE', *, *, #9256, .F. ) ;
#10574 = LINE ( 'NONE', #939, #4820 ) ;
#10575 = DIRECTION ( 'NONE',  ( 0.000000000000000000, 0.000000000000000000, 1.000000000000000000 ) ) ;
#10576 = DIRECTION ( 'NONE',  ( 1.000000000000000000, 0.000000000000000000, 0.000000000000000000 ) ) ;
#10577 = EDGE_CURVE ( 'NONE', #8387, #2540, #4813, .T. ) ;
#10578 = DIRECTION ( 'NONE',  ( 1.000000000000000000, 0.000000000000000000, -2.942203995890121985E-16 ) ) ;
#10579 = EDGE_CURVE ( 'NONE', #10107, #275, #8948, .T. ) ;
#10580 = ORIENTED_EDGE ( 'NONE', *, *, #10329, .T. ) ;
#10581 =( GEOMETRIC_REPRESENTATION_CONTEXT ( 3 ) GLOBAL_UNCERTAINTY_ASSIGNED_CONTEXT ( ( #3013 ) ) GLOBAL_UNIT_ASSIGNED_CONTEXT ( ( #1484, #6789, #8359 ) ) REPRESENTATION_CONTEXT ( 'NONE', 'WORKASPACE' ) );
#10582 = VERTEX_POINT ( 'NONE', #7910 ) ;
#10583 = EDGE_CURVE ( 'NONE', #10640, #7189, #1649, .T. ) ;
#10584 = DIRECTION ( 'NONE',  ( 0.000000000000000000, -1.000000000000000000, 0.000000000000000000 ) ) ;
#10585 = LINE ( 'NONE', #1137, #13569 ) ;
#10586 = ORIENTED_EDGE ( 'NONE', *, *, #10852, .T. ) ;
#10587 = DIRECTION ( 'NONE',  ( -1.000000000000000000, 0.000000000000000000, -0.000000000000000000 ) ) ;
#10588 = VECTOR ( 'NONE', #6102, 1000.000000000000000 ) ;
#10589 = PRESENTATION_LAYER_ASSIGNMENT (  '', '', ( #2218 ) ) ;
#10590 = CARTESIAN_POINT ( 'NONE',  ( 1.425000000000002487, 0.1125000000000000028, -9.070000000000002061 ) ) ;
#10591 = DIRECTION ( 'NONE',  ( 0.7071067811865356934, 0.000000000000000000, -0.7071067811865593411 ) ) ;
#10592 = ADVANCED_FACE ( 'NONE', ( #4679 ), #7772, .T. ) ;
#10593 = LINE ( 'NONE', #2047, #6877 ) ;
#10594 = EDGE_CURVE ( 'NONE', #5201, #13474, #2601, .T. ) ;
#10595 = VERTEX_POINT ( 'NONE', #11974 ) ;
#10596 = CARTESIAN_POINT ( 'NONE',  ( 2.750000000000000000, 0.4780000000000000360, -8.500000000000000000 ) ) ;
#10597 = FACE_OUTER_BOUND ( 'NONE', #1952, .T. ) ;
#10598 = ORIENTED_EDGE ( 'NONE', *, *, #7646, .T. ) ;
#10599 = EDGE_CURVE ( 'NONE', #5755, #1889, #13221, .T. ) ;
#10600 = VECTOR ( 'NONE', #6519, 1000.000000000000000 ) ;
#10601 = PLANE ( 'NONE',  #10391 ) ;
#10602 = FACE_OUTER_BOUND ( 'NONE', #8690, .T. ) ;
#10603 = EDGE_LOOP ( 'NONE', ( #4413, #9497, #7938, #12803 ) ) ;
#10604 = VECTOR ( 'NONE', #3836, 1000.000000000000000 ) ;
#10605 = EDGE_LOOP ( 'NONE', ( #7353, #1310, #6855, #2562 ) ) ;
#10606 = ORIENTED_EDGE ( 'NONE', *, *, #5620, .T. ) ;
#10607 = FILL_AREA_STYLE_COLOUR ( '', #1280 ) ;
#10608 = FACE_OUTER_BOUND ( 'NONE', #13627, .T. ) ;
#10609 = AXIS2_PLACEMENT_3D ( 'NONE', #12020, #2579, #9975 ) ;
#10610 = ORIENTED_EDGE ( 'NONE', *, *, #2979, .T. ) ;
#10611 = EDGE_CURVE ( 'NONE', #8294, #5904, #7985, .T. ) ;
#10612 = ORIENTED_EDGE ( 'NONE', *, *, #2280, .T. ) ;
#10613 = EDGE_CURVE ( 'NONE', #2681, #11614, #12114, .T. ) ;
#10614 = PLANE ( 'NONE',  #3511 ) ;
#10615 = CARTESIAN_POINT ( 'NONE',  ( 0.08499999999999978406, 0.06250000000000000000, -7.653000000000000469 ) ) ;
#10616 = EDGE_LOOP ( 'NONE', ( #6577, #8283, #7673, #1763 ) ) ;
#10617 = ADVANCED_FACE ( 'NONE', ( #6818 ), #9094, .T. ) ;
#10618 = DIRECTION ( 'NONE',  ( -0.000000000000000000, 1.000000000000000000, -0.000000000000000000 ) ) ;
#10619 = FACE_OUTER_BOUND ( 'NONE', #12397, .T. ) ;
#10620 = ORIENTED_EDGE ( 'NONE', *, *, #7304, .T. ) ;
#10621 = DIRECTION ( 'NONE',  ( 0.000000000000000000, 0.000000000000000000, -1.000000000000000000 ) ) ;
#10622 = AXIS2_PLACEMENT_3D ( 'NONE', #8448, #3199, #10587 ) ;
#10623 = DIRECTION ( 'NONE',  ( 0.000000000000000000, 0.000000000000000000, 1.000000000000000000 ) ) ;
#10624 =( LENGTH_UNIT ( ) NAMED_UNIT ( * ) SI_UNIT ( .MILLI., .METRE. ) );
#10625 = FACE_OUTER_BOUND ( 'NONE', #11385, .T. ) ;
#10626 = VECTOR ( 'NONE', #2832, 1000.000000000000000 ) ;
#10627 = ORIENTED_EDGE ( 'NONE', *, *, #12616, .F. ) ;
#10628 = CARTESIAN_POINT ( 'NONE',  ( 0.7799999999999994715, 0.06250000000000000000, 0.000000000000000000 ) ) ;
#10629 = VECTOR ( 'NONE', #7383, 1000.000000000000000 ) ;
#10630 = CARTESIAN_POINT ( 'NONE',  ( -1.575000000000003064, 0.06250000000000000000, -4.242530240160686223E-16 ) ) ;
#10631 = CARTESIAN_POINT ( 'NONE',  ( 2.574999999999998845, 0.4780000000000000360, -8.325000000000001066 ) ) ;
#10632 = ADVANCED_FACE ( 'NONE', ( #13292 ), #11909, .F. ) ;
#10633 = DIRECTION ( 'NONE',  ( 0.000000000000000000, 0.000000000000000000, 1.000000000000000000 ) ) ;
#10634 = LINE ( 'NONE', #6497, #12751 ) ;
#10635 = ORIENTED_EDGE ( 'NONE', *, *, #11216, .F. ) ;
#10636 = ORIENTED_EDGE ( 'NONE', *, *, #5140, .F. ) ;
#10637 = ORIENTED_EDGE ( 'NONE', *, *, #13266, .F. ) ;
#10638 = CARTESIAN_POINT ( 'NONE',  ( -2.150000000000000799, 0.2530000000000000027, -9.074999999999999289 ) ) ;
#10639 = LINE ( 'NONE', #7462, #2544 ) ;
#10640 = VERTEX_POINT ( 'NONE', #412 ) ;
#10641 = FACE_OUTER_BOUND ( 'NONE', #8953, .T. ) ;
#10642 = DIRECTION ( 'NONE',  ( -0.7071067811865584529, 0.000000000000000000, -0.7071067811865365815 ) ) ;
#10643 = CARTESIAN_POINT ( 'NONE',  ( 2.149999999999999467, 1.320000000000000062, 6.299999999999999822 ) ) ;
#10644 = ORIENTED_EDGE ( 'NONE', *, *, #5062, .F. ) ;
#10645 = ORIENTED_EDGE ( 'NONE', *, *, #1761, .T. ) ;
#10646 = CARTESIAN_POINT ( 'NONE',  ( 8.138021506676197859E-15, 0.06250000000000000000, -3.753000000000000114 ) ) ;
#10647 = CARTESIAN_POINT ( 'NONE',  ( 1.867500000000006377, 0.1125000000000000028, -9.799999999999998934 ) ) ;
#10648 = ORIENTED_EDGE ( 'NONE', *, *, #13287, .F. ) ;
#10649 = LINE ( 'NONE', #6451, #4671 ) ;
#10650 = EDGE_CURVE ( 'NONE', #4610, #10849, #13234, .T. ) ;
#10651 = DIRECTION ( 'NONE',  ( 0.7071067811865452413, 0.000000000000000000, 0.7071067811865497932 ) ) ;
#10652 = DIRECTION ( 'NONE',  ( 1.000000000000000000, 0.000000000000000000, 0.000000000000000000 ) ) ;
#10653 = FACE_OUTER_BOUND ( 'NONE', #2397, .T. ) ;
#10654 = DIRECTION ( 'NONE',  ( 1.000000000000000000, 0.000000000000000000, -0.000000000000000000 ) ) ;
#10655 = CARTESIAN_POINT ( 'NONE',  ( -0.5019999999999983364, 2.880000000000000338, 7.799999999999999822 ) ) ;
#10656 = FACE_OUTER_BOUND ( 'NONE', #1981, .T. ) ;
#10657 = CARTESIAN_POINT ( 'NONE',  ( 0.8150000000000000577, 0.1125000000000000028, -7.653000000000000469 ) ) ;
#10658 = ORIENTED_EDGE ( 'NONE', *, *, #6895, .F. ) ;
#10659 = CARTESIAN_POINT ( 'NONE',  ( -0.5019999999999983364, 2.080000000000000071, 7.799999999999999822 ) ) ;
#10660 = ORIENTED_EDGE ( 'NONE', *, *, #4782, .F. ) ;
#10661 = FACE_OUTER_BOUND ( 'NONE', #6103, .T. ) ;
#10662 = DIRECTION ( 'NONE',  ( -0.000000000000000000, 1.000000000000000000, -0.000000000000000000 ) ) ;
#10663 = VERTEX_POINT ( 'NONE', #3636 ) ;
#10664 = ORIENTED_EDGE ( 'NONE', *, *, #11694, .T. ) ;
#10665 = ORIENTED_EDGE ( 'NONE', *, *, #3828, .T. ) ;
#10666 = EDGE_CURVE ( 'NONE', #8785, #4968, #9055, .T. ) ;
#10667 = ADVANCED_FACE ( 'NONE', ( #11017 ), #8806, .F. ) ;
#10668 = CARTESIAN_POINT ( 'NONE',  ( 1.717500000000004912, 0.06250000000000000000, -9.875000000000000000 ) ) ;
#10669 = CARTESIAN_POINT ( 'NONE',  ( -1.950000000000001510, 0.2530000000000000027, -9.799999999999998934 ) ) ;
#10670 = EDGE_CURVE ( 'NONE', #5509, #3640, #9922, .T. ) ;
#10671 = CARTESIAN_POINT ( 'NONE',  ( -0.3019999999999980478, 2.080000000000000071, 8.949999999999999289 ) ) ;
#10672 = EDGE_LOOP ( 'NONE', ( #10541, #283, #13628, #5576 ) ) ;
#10673 = ORIENTED_EDGE ( 'NONE', *, *, #10611, .T. ) ;
#10674 = CARTESIAN_POINT ( 'NONE',  ( 1.425000000000002709, 0.1125000000000000028, -9.875000000000000000 ) ) ;
#10675 = LINE ( 'NONE', #10615, #9226 ) ;
#10676 = ORIENTED_EDGE ( 'NONE', *, *, #6042, .F. ) ;
#10677 = CARTESIAN_POINT ( 'NONE',  ( 8.138021506676188393E-15, 0.06250000000000000000, -3.752999999999996117 ) ) ;
#10678 = DIRECTION ( 'NONE',  ( -2.693669993752817464E-16, 0.000000000000000000, -1.000000000000000000 ) ) ;
#10679 = ORIENTED_EDGE ( 'NONE', *, *, #3066, .T. ) ;
#10680 = CARTESIAN_POINT ( 'NONE',  ( -3.402500000000021174, 0.06250000000000000000, -3.402500000000126867 ) ) ;
#10681 = ADVANCED_FACE ( 'NONE', ( #5788 ), #9992, .T. ) ;
#10682 = LINE ( 'NONE', #9445, #867 ) ;
#10683 = EDGE_CURVE ( 'NONE', #127, #6282, #11420, .T. ) ;
#10684 = SURFACE_SIDE_STYLE ('',( #8746 ) ) ;
#10685 = CARTESIAN_POINT ( 'NONE',  ( 1.020000000000003570, 0.06250000000000000000, -8.424999999999997158 ) ) ;
#10686 = ORIENTED_EDGE ( 'NONE', *, *, #4714, .T. ) ;
#10687 = CARTESIAN_POINT ( 'NONE',  ( -0.000000000000000000, 0.1125000000000000028, -9.875000000000000000 ) ) ;
#10688 = DIRECTION ( 'NONE',  ( 0.000000000000000000, -0.000000000000000000, 1.000000000000000000 ) ) ;
#10689 = CARTESIAN_POINT ( 'NONE',  ( 2.575000000000000178, 0.2530000000000000027, -8.699999999999999289 ) ) ;
#10690 = LINE ( 'NONE', #6696, #11427 ) ;
#10691 = VERTEX_POINT ( 'NONE', #9222 ) ;
#10692 = ORIENTED_EDGE ( 'NONE', *, *, #8009, .T. ) ;
#10693 = ORIENTED_EDGE ( 'NONE', *, *, #4629, .F. ) ;
#10694 = ADVANCED_FACE ( 'NONE', ( #8041 ), #11289, .F. ) ;
#10695 = LINE ( 'NONE', #11527, #12388 ) ;
#10696 = EDGE_CURVE ( 'NONE', #6298, #2499, #9415, .T. ) ;
#10697 = VECTOR ( 'NONE', #7326, 1000.000000000000000 ) ;
#10698 = DIRECTION ( 'NONE',  ( -0.7071067811865356934, 0.000000000000000000, -0.7071067811865594521 ) ) ;
#10699 = ORIENTED_EDGE ( 'NONE', *, *, #10281, .T. ) ;
#10700 = CARTESIAN_POINT ( 'NONE',  ( 0.4500000000000048406, 0.06250000000000000000, -9.724999999999999645 ) ) ;
#10701 = PLANE ( 'NONE',  #7543 ) ;
#10702 = FACE_OUTER_BOUND ( 'NONE', #7359, .T. ) ;
#10703 = EDGE_LOOP ( 'NONE', ( #6297, #8390, #6683, #1028, #8462, #4678 ) ) ;
#10704 = ORIENTED_EDGE ( 'NONE', *, *, #10352, .F. ) ;
#10705 = AXIS2_PLACEMENT_3D ( 'NONE', #4071, #11900, #10489 ) ;
#10706 = CARTESIAN_POINT ( 'NONE',  ( -2.149999999999998135, 7.883090691567329777, 9.299999999999998934 ) ) ;
#10707 = ORIENTED_EDGE ( 'NONE', *, *, #13029, .T. ) ;
#10708 = DIRECTION ( 'NONE',  ( -4.707526393424183343E-15, 0.000000000000000000, -1.000000000000000000 ) ) ;
#10709 = MECHANICAL_DESIGN_GEOMETRIC_PRESENTATION_REPRESENTATION (  '', ( #2347 ), #4774 ) ;
#10710 = CARTESIAN_POINT ( 'NONE',  ( 0.000000000000000000, 0.2530000000000000027, 0.000000000000000000 ) ) ;
#10711 = CARTESIAN_POINT ( 'NONE',  ( -0.5019999999999983364, 2.979999999999999982, 7.724499799839839476 ) ) ;
#10712 = DIRECTION ( 'NONE',  ( 1.000000000000000000, 0.000000000000000000, -2.693669993752817464E-16 ) ) ;
#10713 = DIRECTION ( 'NONE',  ( 1.000000000000000000, 0.000000000000000000, 0.000000000000000000 ) ) ;
#10714 = CARTESIAN_POINT ( 'NONE',  ( 0.08500000000003754552, 0.1125000000000000028, -4.001397434412323245E-16 ) ) ;
#10715 = PLANE ( 'NONE',  #2673 ) ;
#10716 = DIRECTION ( 'NONE',  ( 1.084202172485504828E-15, 0.000000000000000000, -1.000000000000000000 ) ) ;
#10717 = EDGE_LOOP ( 'NONE', ( #8281, #5588, #1129, #2863 ) ) ;
#10718 = PLANE ( 'NONE',  #11452 ) ;
#10719 = LINE ( 'NONE', #3352, #6581 ) ;
#10720 = ORIENTED_EDGE ( 'NONE', *, *, #12070, .F. ) ;
#10721 = CARTESIAN_POINT ( 'NONE',  ( 1.125000000000458966, 0.06250000000000000000, -5.204170427932515236E-14 ) ) ;
#10722 = PRESENTATION_LAYER_ASSIGNMENT (  '', '', ( #10938 ) ) ;
#10723 = LINE ( 'NONE', #7622, #9043 ) ;
#10724 = VERTEX_POINT ( 'NONE', #11489 ) ;
#10725 = ORIENTED_EDGE ( 'NONE', *, *, #1164, .F. ) ;
#10726 = VERTEX_POINT ( 'NONE', #12518 ) ;
#10727 = VERTEX_POINT ( 'NONE', #12322 ) ;
#10728 = DIRECTION ( 'NONE',  ( -0.000000000000000000, 1.000000000000000000, -0.000000000000000000 ) ) ;
#10729 = DIRECTION ( 'NONE',  ( 0.000000000000000000, -0.000000000000000000, -1.000000000000000000 ) ) ;
#10730 = VECTOR ( 'NONE', #2682, 1000.000000000000000 ) ;
#10731 = DIRECTION ( 'NONE',  ( 0.000000000000000000, 1.000000000000000000, 0.000000000000000000 ) ) ;
#10732 = DIRECTION ( 'NONE',  ( -0.7071067811865584529, 0.000000000000000000, -0.7071067811865365815 ) ) ;
#10733 = VERTEX_POINT ( 'NONE', #3075 ) ;
#10734 = ORIENTED_EDGE ( 'NONE', *, *, #159, .T. ) ;
#10735 = FILL_AREA_STYLE_COLOUR ( '', #12 ) ;
#10736 = VECTOR ( 'NONE', #7019, 1000.000000000000000 ) ;
#10737 = DIRECTION ( 'NONE',  ( 1.196361017915039437E-15, 0.000000000000000000, -1.000000000000000000 ) ) ;
#10738 = ADVANCED_FACE ( 'NONE', ( #8192 ), #824, .F. ) ;
#10739 = ORIENTED_EDGE ( 'NONE', *, *, #12614, .T. ) ;
#10740 = EDGE_CURVE ( 'NONE', #5222, #655, #10466, .T. ) ;
#10741 = FACE_OUTER_BOUND ( 'NONE', #9155, .T. ) ;
#10742 = FACE_OUTER_BOUND ( 'NONE', #8038, .T. ) ;
#10743 = ORIENTED_EDGE ( 'NONE', *, *, #3773, .T. ) ;
#10744 = CIRCLE ( 'NONE', #7870, 0.1999999999999998723 ) ;
#10745 = EDGE_CURVE ( 'NONE', #3632, #6154, #4052, .T. ) ;
#10746 = PLANE ( 'NONE',  #6111 ) ;
#10747 = VECTOR ( 'NONE', #8684, 1000.000000000000000 ) ;
#10748 = PLANE ( 'NONE',  #5924 ) ;
#10749 = CIRCLE ( 'NONE', #2382, 0.07550020016016019409 ) ;
#10750 = CARTESIAN_POINT ( 'NONE',  ( -1.799999999999998268, 0.4780000000000000360, -2.128000000000000114 ) ) ;
#10751 = CARTESIAN_POINT ( 'NONE',  ( 1.649999999999999245, 0.4780000000000000360, 3.575000000000000178 ) ) ;
#10752 = CYLINDRICAL_SURFACE ( 'NONE', #419, 1.190000000000000169 ) ;
#10753 = ORIENTED_EDGE ( 'NONE', *, *, #9422, .F. ) ;
#10754 = LINE ( 'NONE', #232, #7243 ) ;
#10755 = CARTESIAN_POINT ( 'NONE',  ( -3.887500000000004174, 0.06250000000000000000, -3.887500000000029043 ) ) ;
#10756 = EDGE_CURVE ( 'NONE', #13006, #1154, #6255, .T. ) ;
#10757 = ADVANCED_FACE ( 'NONE', ( #5996 ), #1018, .T. ) ;
#10758 = CARTESIAN_POINT ( 'NONE',  ( -0.5019999999999983364, 2.880000000000000338, 6.509999999999999787 ) ) ;
#10759 = AXIS2_PLACEMENT_3D ( 'NONE', #10464, #7347, #5508 ) ;
#10760 = DIRECTION ( 'NONE',  ( -0.000000000000000000, 1.000000000000000000, -0.000000000000000000 ) ) ;
#10761 = VECTOR ( 'NONE', #5970, 1000.000000000000000 ) ;
#10762 = ORIENTED_EDGE ( 'NONE', *, *, #7515, .F. ) ;
#10763 = AXIS2_PLACEMENT_3D ( 'NONE', #5708, #475, #13136 ) ;
#10764 = EDGE_CURVE ( 'NONE', #8377, #7998, #12453, .T. ) ;
#10765 = EDGE_CURVE ( 'NONE', #1247, #10156, #13552, .T. ) ;
#10766 = VERTEX_POINT ( 'NONE', #11352 ) ;
#10767 = VECTOR ( 'NONE', #3136, 1000.000000000000000 ) ;
#10768 = DIRECTION ( 'NONE',  ( -0.000000000000000000, 1.000000000000000000, -0.000000000000000000 ) ) ;
#10769 = AXIS2_PLACEMENT_3D ( 'NONE', #4625, #12262, #1601 ) ;
#10770 = LINE ( 'NONE', #2989, #11419 ) ;
#10771 = VECTOR ( 'NONE', #3786, 1000.000000000000000 ) ;
#10772 = VECTOR ( 'NONE', #11178, 1000.000000000000000 ) ;
#10773 = DIRECTION ( 'NONE',  ( -0.000000000000000000, 1.000000000000000000, -0.000000000000000000 ) ) ;
#10774 = CARTESIAN_POINT ( 'NONE',  ( -1.250000000000000222, 0.06250000000000000000, -4.753000000000000114 ) ) ;
#10775 = CARTESIAN_POINT ( 'NONE',  ( 2.149999999999999911, 0.4780000000000000360, -9.074999999999999289 ) ) ;
#10776 = CARTESIAN_POINT ( 'NONE',  ( 2.000000000000000444, 0.4780000000000000360, -2.328000000000001624 ) ) ;
#10777 = EDGE_CURVE ( 'NONE', #9623, #304, #5159, .T. ) ;
#10778 = VERTEX_POINT ( 'NONE', #5220 ) ;
#10779 = EDGE_CURVE ( 'NONE', #2346, #386, #11221, .T. ) ;
#10780 = ORIENTED_EDGE ( 'NONE', *, *, #7305, .F. ) ;
#10781 = EDGE_CURVE ( 'NONE', #122, #5999, #10202, .T. ) ;
#10782 = CARTESIAN_POINT ( 'NONE',  ( -0.6499999999999966915, 0.06250000000000000000, -9.025000000000000355 ) ) ;
#10783 = AXIS2_PLACEMENT_3D ( 'NONE', #285, #5234, #11560 ) ;
#10784 = ORIENTED_EDGE ( 'NONE', *, *, #5536, .T. ) ;
#10785 = CARTESIAN_POINT ( 'NONE',  ( 0.6749999999995447419, 0.06250000000000000000, 3.122502256756129787E-14 ) ) ;
#10786 = SURFACE_STYLE_USAGE ( .BOTH. , #2762 ) ;
#10787 = DIRECTION ( 'NONE',  ( 1.000000000000000000, -0.000000000000000000, 0.000000000000000000 ) ) ;
#10788 = AXIS2_PLACEMENT_3D ( 'NONE', #9493, #59, #4257 ) ;
#10789 = LINE ( 'NONE', #11807, #3347 ) ;
#10790 = LINE ( 'NONE', #12788, #11854 ) ;
#10791 = CIRCLE ( 'NONE', #8373, 0.2000000000000005107 ) ;
#10792 = DIRECTION ( 'NONE',  ( 2.942203995890114589E-16, 0.000000000000000000, -1.000000000000000000 ) ) ;
#10793 = CARTESIAN_POINT ( 'NONE',  ( -0.8249999999999999556, 0.06250000000000000000, -9.875000000000000000 ) ) ;
#10794 = CARTESIAN_POINT ( 'NONE',  ( -3.689539992968170011E-15, 0.1125000000000000028, -3.402999999999998249 ) ) ;
#10795 = EDGE_LOOP ( 'NONE', ( #11105, #6916, #3638, #562 ) ) ;
#10796 = VERTEX_POINT ( 'NONE', #9290 ) ;
#10797 = EDGE_CURVE ( 'NONE', #11770, #8721, #13347, .T. ) ;
#10798 = LINE ( 'NONE', #2310, #2236 ) ;
#10799 = DIRECTION ( 'NONE',  ( 0.000000000000000000, 1.000000000000000000, 0.000000000000000000 ) ) ;
#10800 = ORIENTED_EDGE ( 'NONE', *, *, #2108, .F. ) ;
#10801 = ORIENTED_EDGE ( 'NONE', *, *, #2979, .F. ) ;
#10802 = EDGE_LOOP ( 'NONE', ( #3323, #4077, #8976, #3384 ) ) ;
#10803 = CIRCLE ( 'NONE', #6192, 0.09999999999999939493 ) ;
#10804 = ORIENTED_EDGE ( 'NONE', *, *, #6274, .T. ) ;
#10805 = VECTOR ( 'NONE', #7161, 1000.000000000000000 ) ;
#10806 = LINE ( 'NONE', #4800, #12270 ) ;
#10807 = PLANE ( 'NONE',  #2184 ) ;
#10808 = CARTESIAN_POINT ( 'NONE',  ( 1.125000000000005329, 0.1125000000000000028, -9.799999999999998934 ) ) ;
#10809 = CARTESIAN_POINT ( 'NONE',  ( 1.350000000000000755, 0.06250000000000000000, -3.753000000000000114 ) ) ;
#10810 = ORIENTED_EDGE ( 'NONE', *, *, #778, .T. ) ;
#10811 = VECTOR ( 'NONE', #5000, 1000.000000000000000 ) ;
#10812 = ORIENTED_EDGE ( 'NONE', *, *, #12511, .F. ) ;
#10813 = DIRECTION ( 'NONE',  ( 0.7071067811865584529, 0.000000000000000000, -0.7071067811865365815 ) ) ;
#10814 = AXIS2_PLACEMENT_3D ( 'NONE', #6947, #5722, #13014 ) ;
#10815 = PLANE ( 'NONE',  #5698 ) ;
#10816 = ORIENTED_EDGE ( 'NONE', *, *, #9995, .T. ) ;
#10817 = CARTESIAN_POINT ( 'NONE',  ( -0.6749999999995426325, 0.1125000000000000028, 3.122502256756119690E-14 ) ) ;
#10818 = DIRECTION ( 'NONE',  ( 2.891205793294662451E-15, 0.000000000000000000, -1.000000000000000000 ) ) ;
#10819 = EDGE_LOOP ( 'NONE', ( #3306, #5880, #6781, #12326 ) ) ;
#10820 = FACE_OUTER_BOUND ( 'NONE', #8814, .T. ) ;
#10821 = AXIS2_PLACEMENT_3D ( 'NONE', #10997, #13066, #1488 ) ;
#10822 = FACE_OUTER_BOUND ( 'NONE', #2617, .T. ) ;
#10823 = EDGE_CURVE ( 'NONE', #1807, #3127, #2872, .T. ) ;
#10824 = SURFACE_STYLE_USAGE ( .BOTH. , #2208 ) ;
#10825 = DIRECTION ( 'NONE',  ( -0.000000000000000000, 1.000000000000000000, -0.000000000000000000 ) ) ;
#10826 = ORIENTED_EDGE ( 'NONE', *, *, #8242, .F. ) ;
#10827 = DIRECTION ( 'NONE',  ( -1.000000000000000000, 0.000000000000000000, 0.000000000000000000 ) ) ;
#10828 = CARTESIAN_POINT ( 'NONE',  ( -0.000000000000000000, 0.1125000000000000028, -7.653000000000000469 ) ) ;
#10829 = COLOUR_RGB ( '',0.5019607843137254832, 0.5019607843137254832, 0.5019607843137254832 ) ;
#10830 = PLANE ( 'NONE',  #6180 ) ;
#10831 = CARTESIAN_POINT ( 'NONE',  ( -2.575000000000001066, 0.1125000000000000028, -8.500000000000000000 ) ) ;
#10832 = AXIS2_PLACEMENT_3D ( 'NONE', #5345, #3190, #9674 ) ;
#10833 = AXIS2_PLACEMENT_3D ( 'NONE', #10516, #1272, #12782 ) ;
#10834 = ORIENTED_EDGE ( 'NONE', *, *, #3178, .T. ) ;
#10835 = ORIENTED_EDGE ( 'NONE', *, *, #13526, .T. ) ;
#10836 = CARTESIAN_POINT ( 'NONE',  ( -2.350000000000000977, 0.4780000000000000360, -8.325000000000001066 ) ) ;
#10837 = EDGE_CURVE ( 'NONE', #8945, #1002, #9352, .T. ) ;
#10838 = VECTOR ( 'NONE', #11112, 1000.000000000000000 ) ;
#10839 = EDGE_CURVE ( 'NONE', #2711, #7530, #11686, .T. ) ;
#10840 = CARTESIAN_POINT ( 'NONE',  ( -2.200000000000000622, -0.2250000000000000056, 0.3499999999999987566 ) ) ;
#10841 = VECTOR ( 'NONE', #11929, 1000.000000000000000 ) ;
#10842 = ADVANCED_FACE ( 'NONE', ( #10661 ), #7492, .F. ) ;
#10843 = DIRECTION ( 'NONE',  ( 1.084202172485504434E-16, 0.000000000000000000, -1.000000000000000000 ) ) ;
#10844 = CARTESIAN_POINT ( 'NONE',  ( -0.8019999999999979368, 1.089999999999999414, 9.150000000000000355 ) ) ;
#10845 = FACE_OUTER_BOUND ( 'NONE', #5660, .T. ) ;
#10846 = VERTEX_POINT ( 'NONE', #5433 ) ;
#10847 = ORIENTED_EDGE ( 'NONE', *, *, #8560, .F. ) ;
#10848 = DIRECTION ( 'NONE',  ( 0.000000000000000000, 0.000000000000000000, -1.000000000000000000 ) ) ;
#10849 = VERTEX_POINT ( 'NONE', #9697 ) ;
#10850 = CARTESIAN_POINT ( 'NONE',  ( -1.274999999999999911, 0.1125000000000000028, -9.875000000000000000 ) ) ;
#10851 = EDGE_CURVE ( 'NONE', #3460, #4628, #11816, .T. ) ;
#10852 = EDGE_CURVE ( 'NONE', #11477, #2973, #1287, .T. ) ;
#10853 = CARTESIAN_POINT ( 'NONE',  ( 0.3750000000000012212, 0.06250000000000000000, -9.070000000000003837 ) ) ;
#10854 = EDGE_CURVE ( 'NONE', #10054, #1492, #9620, .T. ) ;
#10855 = CARTESIAN_POINT ( 'NONE',  ( -2.149999999999998135, 1.089999999999999414, 9.299999999999998934 ) ) ;
#10856 =( LENGTH_UNIT ( ) NAMED_UNIT ( * ) SI_UNIT ( .MILLI., .METRE. ) );
#10857 = PLANE ( 'NONE',  #11403 ) ;
#10858 = DIRECTION ( 'NONE',  ( 0.000000000000000000, -0.000000000000000000, -1.000000000000000000 ) ) ;
#10859 = CARTESIAN_POINT ( 'NONE',  ( 2.199999999999999734, 0.2530000000000000027, -6.850000000000000533 ) ) ;
#10860 = LINE ( 'NONE', #10794, #11924 ) ;
#10861 = ORIENTED_EDGE ( 'NONE', *, *, #11841, .T. ) ;
#10862 = SURFACE_SIDE_STYLE ('',( #3407 ) ) ;
#10863 = ORIENTED_EDGE ( 'NONE', *, *, #257, .T. ) ;
#10864 = LINE ( 'NONE', #4793, #12137 ) ;
#10865 = DIRECTION ( 'NONE',  ( -0.7071067811865584529, 0.000000000000000000, -0.7071067811865365815 ) ) ;
#10866 = EDGE_LOOP ( 'NONE', ( #61, #3699, #4371, #11147 ) ) ;
#10867 = VERTEX_POINT ( 'NONE', #270 ) ;
#10868 = ORIENTED_EDGE ( 'NONE', *, *, #12425, .T. ) ;
#10869 = ORIENTED_EDGE ( 'NONE', *, *, #8170, .F. ) ;
#10870 = CARTESIAN_POINT ( 'NONE',  ( -1.867500000000000826, 0.1125000000000000028, -9.875000000000000000 ) ) ;
#10871 = CARTESIAN_POINT ( 'NONE',  ( 0.1799999999999989664, 0.06250000000000000000, -8.424999999999997158 ) ) ;
#10872 = EDGE_CURVE ( 'NONE', #7704, #3366, #11616, .T. ) ;
#10873 = DIRECTION ( 'NONE',  ( -2.942203995890114589E-16, 0.000000000000000000, -1.000000000000000000 ) ) ;
#10874 = CARTESIAN_POINT ( 'NONE',  ( 3.637499999999995293, 0.06250000000000000000, -3.637499999999973532 ) ) ;
#10875 = ORIENTED_EDGE ( 'NONE', *, *, #1776, .T. ) ;
#10876 = ORIENTED_EDGE ( 'NONE', *, *, #8830, .T. ) ;
#10877 = SURFACE_STYLE_USAGE ( .BOTH. , #4740 ) ;
#10878 = DIRECTION ( 'NONE',  ( 0.000000000000000000, 0.000000000000000000, -1.000000000000000000 ) ) ;
#10879 = VERTEX_POINT ( 'NONE', #8658 ) ;
#10880 = DIRECTION ( 'NONE',  ( 0.000000000000000000, 1.000000000000000000, 0.000000000000000000 ) ) ;
#10881 = CARTESIAN_POINT ( 'NONE',  ( 0.000000000000000000, 0.000000000000000000, -6.460000000000000853 ) ) ;
#10882 = ORIENTED_EDGE ( 'NONE', *, *, #828, .T. ) ;
#10883 = DIRECTION ( 'NONE',  ( 1.000000000000000000, 0.000000000000000000, 1.084202172485504828E-15 ) ) ;
#10884 = FACE_OUTER_BOUND ( 'NONE', #4148, .T. ) ;
#10885 = LINE ( 'NONE', #13232, #822 ) ;
#10886 = CARTESIAN_POINT ( 'NONE',  ( -1.799999999999999600, 0.4780000000000000360, -2.328000000000000291 ) ) ;
#10887 = ORIENTED_EDGE ( 'NONE', *, *, #3592, .F. ) ;
#10888 = LINE ( 'NONE', #5939, #10771 ) ;
#10889 = LINE ( 'NONE', #7785, #4372 ) ;
#10890 = FACE_OUTER_BOUND ( 'NONE', #1768, .T. ) ;
#10891 = DIRECTION ( 'NONE',  ( -0.000000000000000000, 1.000000000000000000, -0.000000000000000000 ) ) ;
#10892 = ORIENTED_EDGE ( 'NONE', *, *, #5511, .T. ) ;
#10893 = EDGE_CURVE ( 'NONE', #4635, #3740, #4442, .T. ) ;
#10894 = ORIENTED_EDGE ( 'NONE', *, *, #1010, .T. ) ;
#10895 = DIRECTION ( 'NONE',  ( -0.000000000000000000, 1.000000000000000000, -0.000000000000000000 ) ) ;
#10896 = PLANE ( 'NONE',  #10554 ) ;
#10897 = DIRECTION ( 'NONE',  ( 0.000000000000000000, 0.000000000000000000, -1.000000000000000000 ) ) ;
#10898 = ORIENTED_EDGE ( 'NONE', *, *, #2744, .T. ) ;
#10899 = DIRECTION ( 'NONE',  ( -0.000000000000000000, 1.000000000000000000, -0.000000000000000000 ) ) ;
#10900 = CARTESIAN_POINT ( 'NONE',  ( -2.200000000000000178, 0.1125000000000000028, -5.012999999999999901 ) ) ;
#10901 = DIRECTION ( 'NONE',  ( 1.000000000000000000, 0.000000000000000000, 2.693669993752817464E-16 ) ) ;
#10902 = ORIENTED_EDGE ( 'NONE', *, *, #12767, .F. ) ;
#10903 = ORIENTED_EDGE ( 'NONE', *, *, #3592, .T. ) ;
#10904 = ADVANCED_FACE ( 'NONE', ( #11753 ), #7349, .F. ) ;
#10905 = EDGE_CURVE ( 'NONE', #8191, #7708, #2185, .T. ) ;
#10906 = DIRECTION ( 'NONE',  ( 0.000000000000000000, 0.000000000000000000, -1.000000000000000000 ) ) ;
#10907 = EDGE_LOOP ( 'NONE', ( #8592, #1405, #2374, #11581 ) ) ;
#10908 = EDGE_CURVE ( 'NONE', #767, #8265, #8593, .T. ) ;
#10909 = AXIS2_PLACEMENT_3D ( 'NONE', #4358, #11588, #12695 ) ;
#10910 = LINE ( 'NONE', #6852, #7744 ) ;
#10911 = LINE ( 'NONE', #3396, #7852 ) ;
#10912 = CIRCLE ( 'NONE', #592, 1.289999999999999591 ) ;
#10913 = CARTESIAN_POINT ( 'NONE',  ( 1.649999999999999467, 0.4780000000000000360, 3.899999999999999911 ) ) ;
#10914 = CARTESIAN_POINT ( 'NONE',  ( -2.149999999999998579, 0.2530000000000000027, 10.00000000000000000 ) ) ;
#10915 = CARTESIAN_POINT ( 'NONE',  ( -1.950000000000001510, 0.2530000000000000027, -9.799999999999998934 ) ) ;
#10916 = LINE ( 'NONE', #4574, #5463 ) ;
#10917 = CARTESIAN_POINT ( 'NONE',  ( 2.149999999999999023, 0.000000000000000000, 10.00000000000000000 ) ) ;
#10918 = CARTESIAN_POINT ( 'NONE',  ( -1.742500000000000826, 0.1125000000000000028, -9.025000000000000355 ) ) ;
#10919 = VECTOR ( 'NONE', #6940, 1000.000000000000000 ) ;
#10920 = ORIENTED_EDGE ( 'NONE', *, *, #7631, .F. ) ;
#10921 = FILL_AREA_STYLE ('',( #3547 ) ) ;
#10922 = VERTEX_POINT ( 'NONE', #6394 ) ;
#10923 = EDGE_CURVE ( 'NONE', #8901, #5300, #10798, .T. ) ;
#10924 = DIRECTION ( 'NONE',  ( -1.000000000000000000, 0.000000000000000000, 0.000000000000000000 ) ) ;
#10925 = EDGE_CURVE ( 'NONE', #2498, #608, #3354, .T. ) ;
#10926 = FACE_OUTER_BOUND ( 'NONE', #5727, .T. ) ;
#10927 = VERTEX_POINT ( 'NONE', #13624 ) ;
#10928 = ORIENTED_EDGE ( 'NONE', *, *, #5716, .T. ) ;
#10929 = ORIENTED_EDGE ( 'NONE', *, *, #3689, .T. ) ;
#10930 = ADVANCED_FACE ( 'NONE', ( #6526 ), #12590, .F. ) ;
#10931 = VERTEX_POINT ( 'NONE', #12722 ) ;
#10932 = CARTESIAN_POINT ( 'NONE',  ( 2.750000000000000000, 0.2530000000000000027, -8.500000000000000000 ) ) ;
#10933 = DIRECTION ( 'NONE',  ( 1.084202172485504828E-15, 0.000000000000000000, -1.000000000000000000 ) ) ;
#10934 = CARTESIAN_POINT ( 'NONE',  ( 0.8500000000000003109, 0.1125000000000000028, -3.402999999999999581 ) ) ;
#10935 = VECTOR ( 'NONE', #1004, 1000.000000000000000 ) ;
#10936 = CARTESIAN_POINT ( 'NONE',  ( -4.041249999999995346, 0.06250000000000000000, -4.041249999999983800 ) ) ;
#10937 = ORIENTED_EDGE ( 'NONE', *, *, #4893, .T. ) ;
#10938 = STYLED_ITEM ( 'NONE', ( #4172 ), #5013 ) ;
#10939 = ORIENTED_EDGE ( 'NONE', *, *, #4465, .F. ) ;
#10940 = CARTESIAN_POINT ( 'NONE',  ( 0.4200000000000030376, 0.06250000000000000000, -9.025000000000000355 ) ) ;
#10941 = CARTESIAN_POINT ( 'NONE',  ( -0.4300000000000007705, 0.2530000000000000027, 2.694999999999999840 ) ) ;
#10942 = ORIENTED_EDGE ( 'NONE', *, *, #6639, .F. ) ;
#10943 = DIRECTION ( 'NONE',  ( 1.000000000000000000, 0.000000000000000000, 0.000000000000000000 ) ) ;
#10944 = EDGE_CURVE ( 'NONE', #6402, #3043, #5297, .T. ) ;
#10945 = LINE ( 'NONE', #9923, #5284 ) ;
#10946 = ADVANCED_FACE ( 'NONE', ( #3210 ), #10601, .T. ) ;
#10947 = ORIENTED_EDGE ( 'NONE', *, *, #3193, .T. ) ;
#10948 = EDGE_CURVE ( 'NONE', #13591, #3698, #8523, .T. ) ;
#10949 = LINE ( 'NONE', #4684, #13367 ) ;
#10950 = ORIENTED_EDGE ( 'NONE', *, *, #10948, .F. ) ;
#10951 = VECTOR ( 'NONE', #7514, 1000.000000000000000 ) ;
#10952 = PLANE ( 'NONE',  #3269 ) ;
#10953 = VECTOR ( 'NONE', #3219, 1000.000000000000114 ) ;
#10954 = DIRECTION ( 'NONE',  ( 1.000000000000000000, 1.379254074752367376E-16, -0.000000000000000000 ) ) ;
#10955 = CARTESIAN_POINT ( 'NONE',  ( 1.274999999999545164, 0.06250000000000000000, 5.898059818319007255E-14 ) ) ;
#10956 = ORIENTED_EDGE ( 'NONE', *, *, #12027, .T. ) ;
#10957 = ORIENTED_EDGE ( 'NONE', *, *, #9325, .T. ) ;
#10958 = LINE ( 'NONE', #11984, #2194 ) ;
#10959 = CARTESIAN_POINT ( 'NONE',  ( 0.04999999999999839295, 0.06250000000000000000, -9.025000000000000355 ) ) ;
#10960 = VECTOR ( 'NONE', #12807, 1000.000000000000000 ) ;
#10961 = FACE_OUTER_BOUND ( 'NONE', #411, .T. ) ;
#10962 = LINE ( 'NONE', #1531, #12971 ) ;
#10963 = VERTEX_POINT ( 'NONE', #6466 ) ;
#10964 = VERTEX_POINT ( 'NONE', #6792 ) ;
#10965 = AXIS2_PLACEMENT_3D ( 'NONE', #10886, #2539, #1449 ) ;
#10966 = DIRECTION ( 'NONE',  ( -4.186108774075308113E-16, 0.000000000000000000, 1.000000000000000000 ) ) ;
#10967 = DIRECTION ( 'NONE',  ( 1.000000000000000000, 0.000000000000000000, 0.000000000000000000 ) ) ;
#10968 = DIRECTION ( 'NONE',  ( -0.000000000000000000, -0.000000000000000000, -1.000000000000000000 ) ) ;
#10969 = VECTOR ( 'NONE', #566, 1000.000000000000000 ) ;
#10970 = VERTEX_POINT ( 'NONE', #13127 ) ;
#10971 = CARTESIAN_POINT ( 'NONE',  ( -1.585000000000000853, 0.06250000000000000000, -7.653000000000000469 ) ) ;
#10972 = VECTOR ( 'NONE', #7878, 1000.000000000000000 ) ;
#10973 = LINE ( 'NONE', #4496, #3692 ) ;
#10974 = CIRCLE ( 'NONE', #5256, 0.2000000000000005107 ) ;
#10975 = ORIENTED_EDGE ( 'NONE', *, *, #2504, .T. ) ;
#10976 = CARTESIAN_POINT ( 'NONE',  ( 1.284999999999999254, 0.06250000000000000000, -8.389999999999998792 ) ) ;
#10977 = VECTOR ( 'NONE', #4918, 1000.000000000000000 ) ;
#10978 = ORIENTED_EDGE ( 'NONE', *, *, #4303, .F. ) ;
#10979 = CARTESIAN_POINT ( 'NONE',  ( 1.380000000000003224, 0.06250000000000000000, -9.025000000000000355 ) ) ;
#10980 = EDGE_LOOP ( 'NONE', ( #13505, #7800, #4528, #96 ) ) ;
#10981 = VECTOR ( 'NONE', #12495, 1000.000000000000000 ) ;
#10982 = AXIS2_PLACEMENT_3D ( 'NONE', #2267, #8408, #9507 ) ;
#10983 = VECTOR ( 'NONE', #9938, 1000.000000000000000 ) ;
#10984 = CARTESIAN_POINT ( 'NONE',  ( 1.500000000000000666, 0.1125000000000000028, 0.000000000000000000 ) ) ;
#10985 = CIRCLE ( 'NONE', #11640, 0.1999999999999996503 ) ;
#10986 = EDGE_CURVE ( 'NONE', #3286, #4988, #4516, .T. ) ;
#10987 = DIRECTION ( 'NONE',  ( 0.000000000000000000, 0.000000000000000000, 1.000000000000000000 ) ) ;
#10988 = ORIENTED_EDGE ( 'NONE', *, *, #2916, .F. ) ;
#10989 = LINE ( 'NONE', #9064, #10972 ) ;
#10990 = CARTESIAN_POINT ( 'NONE',  ( -1.999999999999999556, 0.4780000000000000360, -2.328000000000001624 ) ) ;
#10991 = LINE ( 'NONE', #4864, #4153 ) ;
#10992 = PRESENTATION_STYLE_ASSIGNMENT (( #9068 ) ) ;
#10993 = ORIENTED_EDGE ( 'NONE', *, *, #10374, .T. ) ;
#10994 = VECTOR ( 'NONE', #2216, 1000.000000000000000 ) ;
#10995 = SURFACE_STYLE_USAGE ( .BOTH. , #10862 ) ;
#10996 = ORIENTED_EDGE ( 'NONE', *, *, #9631, .F. ) ;
#10997 = CARTESIAN_POINT ( 'NONE',  ( 2.149999999999999911, 0.4780000000000000360, -6.987373870972730217 ) ) ;
#10998 = CARTESIAN_POINT ( 'NONE',  ( -0.4499999999999921285, 0.06250000000000000000, 4.878909776184686137E-16 ) ) ;
#10999 = ORIENTED_EDGE ( 'NONE', *, *, #11585, .T. ) ;
#11000 = EDGE_LOOP ( 'NONE', ( #4600, #7395, #11349, #2923 ) ) ;
#11001 = EDGE_LOOP ( 'NONE', ( #8472, #1327, #62, #4164 ) ) ;
#11002 = VERTEX_POINT ( 'NONE', #3756 ) ;
#11003 = AXIS2_PLACEMENT_3D ( 'NONE', #5789, #9993, #554 ) ;
#11004 = PLANE ( 'NONE',  #3922 ) ;
#11005 = DIRECTION ( 'NONE',  ( -0.000000000000000000, 0.000000000000000000, 1.000000000000000000 ) ) ;
#11006 = EDGE_CURVE ( 'NONE', #8733, #4185, #8866, .T. ) ;
#11007 = EDGE_CURVE ( 'NONE', #7294, #12857, #390, .T. ) ;
#11008 =( NAMED_UNIT ( * ) PLANE_ANGLE_UNIT ( ) SI_UNIT ( $, .RADIAN. ) );
#11009 = SURFACE_STYLE_FILL_AREA ( #4880 ) ;
#11010 = DIRECTION ( 'NONE',  ( -0.000000000000000000, 1.000000000000000000, -0.000000000000000000 ) ) ;
#11011 = EDGE_CURVE ( 'NONE', #10206, #2576, #11130, .T. ) ;
#11012 = ORIENTED_EDGE ( 'NONE', *, *, #8833, .T. ) ;
#11013 = ORIENTED_EDGE ( 'NONE', *, *, #13556, .F. ) ;
#11014 = FILL_AREA_STYLE ('',( #6740 ) ) ;
#11015 = DIRECTION ( 'NONE',  ( 1.000000000000000000, 0.000000000000000000, 1.172110456741086074E-16 ) ) ;
#11016 = ORIENTED_EDGE ( 'NONE', *, *, #5447, .T. ) ;
#11017 = FACE_OUTER_BOUND ( 'NONE', #7604, .T. ) ;
#11018 = FACE_OUTER_BOUND ( 'NONE', #8225, .T. ) ;
#11019 = ORIENTED_EDGE ( 'NONE', *, *, #7304, .F. ) ;
#11020 = LINE ( 'NONE', #8812, #8086 ) ;
#11021 = ORIENTED_EDGE ( 'NONE', *, *, #7148, .F. ) ;
#11022 = DIRECTION ( 'NONE',  ( 3.614007241618349757E-16, 0.000000000000000000, -1.000000000000000000 ) ) ;
#11023 = VECTOR ( 'NONE', #11471, 1000.000000000000000 ) ;
#11024 = ADVANCED_FACE ( 'NONE', ( #3475 ), #5834, .F. ) ;
#11025 = FILL_AREA_STYLE_COLOUR ( '', #1253 ) ;
#11026 = EDGE_CURVE ( 'NONE', #8613, #10480, #4728, .T. ) ;
#11027 = VECTOR ( 'NONE', #12056, 1000.000000000000000 ) ;
#11028 = LINE ( 'NONE', #1594, #1948 ) ;
#11029 = UNCERTAINTY_MEASURE_WITH_UNIT (LENGTH_MEASURE( 1.000000000000000082E-05 ), #11662, 'distance_accuracy_value', 'NONE');
#11030 = ADVANCED_FACE ( 'NONE', ( #11889 ), #6668, .T. ) ;
#11031 = EDGE_LOOP ( 'NONE', ( #2512, #11723, #8361, #9763 ) ) ;
#11032 = ORIENTED_EDGE ( 'NONE', *, *, #1525, .T. ) ;
#11033 = LINE ( 'NONE', #4621, #879 ) ;
#11034 = CARTESIAN_POINT ( 'NONE',  ( -0.08499999999999588440, 0.1125000000000000028, -8.389999999999998792 ) ) ;
#11035 = CARTESIAN_POINT ( 'NONE',  ( 0.3750000000000012212, 0.06250000000000000000, -9.070000000000003837 ) ) ;
#11036 = CARTESIAN_POINT ( 'NONE',  ( 0.7799999999999994715, 0.06250000000000000000, -8.424999999999997158 ) ) ;
#11037 = ORIENTED_EDGE ( 'NONE', *, *, #10599, .T. ) ;
#11038 = CLOSED_SHELL ( 'NONE', ( #846, #5585, #6474, #9655, #8047, #9387 ) ) ;
#11039 = CIRCLE ( 'NONE', #9280, 0.2000000000000005107 ) ;
#11040 = EDGE_LOOP ( 'NONE', ( #8249, #5823, #9792, #12334 ) ) ;
#11041 = CARTESIAN_POINT ( 'NONE',  ( 0.000000000000000000, 0.06250000000000000000, -2.403000000000000025 ) ) ;
#11042 = DIRECTION ( 'NONE',  ( 1.000000000000000000, 0.000000000000000000, -0.000000000000000000 ) ) ;
#11043 = EDGE_CURVE ( 'NONE', #3192, #731, #4580, .T. ) ;
#11044 = CARTESIAN_POINT ( 'NONE',  ( -0.5019999999999983364, 0.9799999999999999822, 7.724499799839839476 ) ) ;
#11045 = VECTOR ( 'NONE', #1643, 1000.000000000000000 ) ;
#11046 = ORIENTED_EDGE ( 'NONE', *, *, #3162, .T. ) ;
#11047 = CARTESIAN_POINT ( 'NONE',  ( 0.5500000000000042633, 0.1125000000000000028, 0.000000000000000000 ) ) ;
#11048 = VECTOR ( 'NONE', #8252, 1000.000000000000000 ) ;
#11049 = CARTESIAN_POINT ( 'NONE',  ( -0.4200000000000015388, 0.1125000000000000028, -9.025000000000000355 ) ) ;
#11050 = LINE ( 'NONE', #2708, #12940 ) ;
#11051 = ORIENTED_EDGE ( 'NONE', *, *, #2490, .F. ) ;
#11052 = CARTESIAN_POINT ( 'NONE',  ( 0.5150000000000045652, 0.06250000000000000000, -8.389999999999998792 ) ) ;
#11053 = ORIENTED_EDGE ( 'NONE', *, *, #11990, .F. ) ;
#11054 = DIRECTION ( 'NONE',  ( 0.000000000000000000, 1.000000000000000000, 0.000000000000000000 ) ) ;
#11055 = VERTEX_POINT ( 'NONE', #9759 ) ;
#11056 = AXIS2_PLACEMENT_3D ( 'NONE', #4046, #12446, #7199 ) ;
#11057 = VECTOR ( 'NONE', #9814, 1000.000000000000000 ) ;
#11058 = VECTOR ( 'NONE', #7339, 1000.000000000000000 ) ;
#11059 = PLANE ( 'NONE',  #505 ) ;
#11060 = CARTESIAN_POINT ( 'NONE',  ( 0.4200000000000030376, 0.06250000000000000000, -8.424999999999997158 ) ) ;
#11061 = EDGE_LOOP ( 'NONE', ( #11361, #297, #5718, #9883 ) ) ;
#11062 = CARTESIAN_POINT ( 'NONE',  ( -1.230000000000000870, 0.4780000000000000360, 2.694999999999999840 ) ) ;
#11063 = CARTESIAN_POINT ( 'NONE',  ( -0.3019999999999982143, 2.979999999999999982, 9.330000000000000071 ) ) ;
#11064 = CARTESIAN_POINT ( 'NONE',  ( 1.020000000000003570, 0.06250000000000000000, -8.424999999999997158 ) ) ;
#11065 = AXIS2_PLACEMENT_3D ( 'NONE', #8697, #12900, #3869 ) ;
#11066 = DIRECTION ( 'NONE',  ( -1.000000000000000000, -0.000000000000000000, -0.000000000000000000 ) ) ;
#11067 = VECTOR ( 'NONE', #12373, 1000.000000000000000 ) ;
#11068 = VERTEX_POINT ( 'NONE', #8932 ) ;
#11069 = ORIENTED_EDGE ( 'NONE', *, *, #12173, .T. ) ;
#11070 = CARTESIAN_POINT ( 'NONE',  ( 0.3750000000000012212, 0.06250000000000000000, -9.070000000000003837 ) ) ;
#11071 = DIRECTION ( 'NONE',  ( 0.000000000000000000, 0.000000000000000000, -1.000000000000000000 ) ) ;
#11072 = ORIENTED_EDGE ( 'NONE', *, *, #7895, .T. ) ;
#11073 = VERTEX_POINT ( 'NONE', #12996 ) ;
#11074 = EDGE_CURVE ( 'NONE', #10294, #11288, #3620, .T. ) ;
#11075 = ORIENTED_EDGE ( 'NONE', *, *, #2089, .T. ) ;
#11076 = ORIENTED_EDGE ( 'NONE', *, *, #10310, .T. ) ;
#11077 = CARTESIAN_POINT ( 'NONE',  ( -0.5019999999999983364, 1.089999999999999414, 7.799999999999999822 ) ) ;
#11078 = DIRECTION ( 'NONE',  ( 0.000000000000000000, 0.000000000000000000, -1.000000000000000000 ) ) ;
#11079 = DIRECTION ( 'NONE',  ( 0.000000000000000000, 0.000000000000000000, -1.000000000000000000 ) ) ;
#11080 = CARTESIAN_POINT ( 'NONE',  ( -1.799999999999999600, 0.4780000000000000360, -2.328000000000000291 ) ) ;
#11081 = CARTESIAN_POINT ( 'NONE',  ( -2.150000000000000799, 0.2530000000000000027, -8.125000000000000000 ) ) ;
#11082 = EDGE_LOOP ( 'NONE', ( #5488, #6868, #9156, #3588 ) ) ;
#11083 = CARTESIAN_POINT ( 'NONE',  ( 1.429999999999998828, 0.4780000000000000360, 2.494999999999999662 ) ) ;
#11084 = EDGE_LOOP ( 'NONE', ( #6679, #3969, #53, #272, #4973, #11087, #8821, #10804, #6051, #8166, #13549, #450 ) ) ;
#11085 = CARTESIAN_POINT ( 'NONE',  ( -2.200000000000000622, -0.2250000000000000056, 0.3499999999999987566 ) ) ;
#11086 = CARTESIAN_POINT ( 'NONE',  ( -1.950000000000001510, 0.1125000000000000028, -10.00000000000000000 ) ) ;
#11087 = ORIENTED_EDGE ( 'NONE', *, *, #6037, .T. ) ;
#11088 = ADVANCED_FACE ( 'NONE', ( #12921 ), #5769, .F. ) ;
#11089 = CARTESIAN_POINT ( 'NONE',  ( -1.999999999999999112, 0.4780000000000000360, -4.797999999999998266 ) ) ;
#11090 = EDGE_CURVE ( 'NONE', #1237, #8733, #2722, .T. ) ;
#11091 = ORIENTED_EDGE ( 'NONE', *, *, #176, .T. ) ;
#11092 = EDGE_CURVE ( 'NONE', #3619, #13418, #10864, .T. ) ;
#11093 = FACE_OUTER_BOUND ( 'NONE', #6748, .T. ) ;
#11094 = CARTESIAN_POINT ( 'NONE',  ( 0.9500000000000005107, 0.2530000000000000027, -1.543000000000000149 ) ) ;
#11095 = CARTESIAN_POINT ( 'NONE',  ( 2.199999999999999734, 0.2530000000000000027, -6.850000000000000533 ) ) ;
#11096 = ORIENTED_EDGE ( 'NONE', *, *, #11934, .T. ) ;
#11097 = ORIENTED_EDGE ( 'NONE', *, *, #2453, .F. ) ;
#11098 = DIRECTION ( 'NONE',  ( -2.693669993752811547E-16, 0.000000000000000000, -1.000000000000000000 ) ) ;
#11099 = LINE ( 'NONE', #1029, #865 ) ;
#11100 = CARTESIAN_POINT ( 'NONE',  ( -4.122499999999987175, 0.1125000000000000028, -4.122499999999849507 ) ) ;
#11101 = PLANE ( 'NONE',  #9239 ) ;
#11102 = ORIENTED_EDGE ( 'NONE', *, *, #10872, .T. ) ;
#11103 = EDGE_CURVE ( 'NONE', #7822, #7322, #7817, .T. ) ;
#11104 = EDGE_CURVE ( 'NONE', #3876, #13054, #3549, .T. ) ;
#11105 = ORIENTED_EDGE ( 'NONE', *, *, #5065, .F. ) ;
#11106 = EDGE_CURVE ( 'NONE', #13, #2786, #4658, .T. ) ;
#11107 = DIRECTION ( 'NONE',  ( -3.937276258624512481E-16, -0.000000000000000000, -1.000000000000000000 ) ) ;
#11108 = DIRECTION ( 'NONE',  ( 0.000000000000000000, 0.000000000000000000, 1.000000000000000000 ) ) ;
#11109 = LINE ( 'NONE', #1674, #11368 ) ;
#11110 = ORIENTED_EDGE ( 'NONE', *, *, #9172, .T. ) ;
#11111 = CARTESIAN_POINT ( 'NONE',  ( 0.000000000000000000, 0.1125000000000000028, 0.000000000000000000 ) ) ;
#11112 = DIRECTION ( 'NONE',  ( -0.000000000000000000, -1.000000000000000000, -0.000000000000000000 ) ) ;
#11113 = CARTESIAN_POINT ( 'NONE',  ( 0.2250000000000008105, 0.06250000000000000000, -9.070000000000003837 ) ) ;
#11114 = EDGE_LOOP ( 'NONE', ( #11097, #7760, #7280, #10241 ) ) ;
#11115 = DIRECTION ( 'NONE',  ( 0.7071067811865485719, 0.000000000000000000, -0.7071067811865465735 ) ) ;
#11116 = ORIENTED_EDGE ( 'NONE', *, *, #6144, .T. ) ;
#11117 = CARTESIAN_POINT ( 'NONE',  ( -1.642500000000000293, 0.1125000000000000028, -9.125000000000000000 ) ) ;
#11118 = EDGE_CURVE ( 'NONE', #5963, #11288, #9954, .T. ) ;
#11119 = ORIENTED_EDGE ( 'NONE', *, *, #6056, .F. ) ;
#11120 = EDGE_CURVE ( 'NONE', #1017, #8674, #7084, .T. ) ;
#11121 = DIRECTION ( 'NONE',  ( 0.000000000000000000, -0.000000000000000000, -1.000000000000000000 ) ) ;
#11122 = DIRECTION ( 'NONE',  ( 0.000000000000000000, 1.000000000000000000, 0.000000000000000000 ) ) ;
#11123 = ORIENTED_EDGE ( 'NONE', *, *, #2916, .T. ) ;
#11124 = CARTESIAN_POINT ( 'NONE',  ( 1.642500000000001403, 0.1125000000000000028, 5.936006894358143679E-16 ) ) ;
#11125 = DIRECTION ( 'NONE',  ( 0.000000000000000000, -0.000000000000000000, 1.000000000000000000 ) ) ;
#11126 = LINE ( 'NONE', #3544, #4818 ) ;
#11127 = CARTESIAN_POINT ( 'NONE',  ( -1.250000000000000000, 0.06250000000000000000, -9.025000000000000355 ) ) ;
#11128 = ORIENTED_EDGE ( 'NONE', *, *, #7709, .T. ) ;
#11129 = ORIENTED_EDGE ( 'NONE', *, *, #6454, .T. ) ;
#11130 = LINE ( 'NONE', #11070, #6866 ) ;
#11131 = VECTOR ( 'NONE', #9118, 1000.000000000000000 ) ;
#11132 = DIRECTION ( 'NONE',  ( 0.000000000000000000, 0.000000000000000000, -1.000000000000000000 ) ) ;
#11133 = ORIENTED_EDGE ( 'NONE', *, *, #13182, .T. ) ;
#11134 = VERTEX_POINT ( 'NONE', #538 ) ;
#11135 = ORIENTED_EDGE ( 'NONE', *, *, #4276, .F. ) ;
#11136 = DIRECTION ( 'NONE',  ( 0.000000000000000000, 0.000000000000000000, 1.000000000000000000 ) ) ;
#11137 = LINE ( 'NONE', #3972, #6584 ) ;
#11138 = VECTOR ( 'NONE', #7201, 1000.000000000000000 ) ;
#11139 = CARTESIAN_POINT ( 'NONE',  ( -0.5150000000000024558, 0.06250000000000000000, -8.389999999999998792 ) ) ;
#11140 = PRESENTATION_STYLE_ASSIGNMENT (( #9014 ) ) ;
#11141 = CARTESIAN_POINT ( 'NONE',  ( 0.8250000000000010658, 0.1125000000000000028, -9.070000000000003837 ) ) ;
#11142 = ORIENTED_EDGE ( 'NONE', *, *, #6530, .T. ) ;
#11143 = ORIENTED_EDGE ( 'NONE', *, *, #8745, .T. ) ;
#11144 = SURFACE_STYLE_USAGE ( .BOTH. , #689 ) ;
#11145 = DIRECTION ( 'NONE',  ( -0.000000000000000000, 1.000000000000000000, -0.000000000000000000 ) ) ;
#11146 = STYLED_ITEM ( 'NONE', ( #902 ), #5387 ) ;
#11147 = ORIENTED_EDGE ( 'NONE', *, *, #13556, .T. ) ;
#11148 = DIRECTION ( 'NONE',  ( -0.000000000000000000, -0.000000000000000000, -1.000000000000000000 ) ) ;
#11149 = CARTESIAN_POINT ( 'NONE',  ( -1.500000000000000444, 0.06250000000000000000, 0.000000000000000000 ) ) ;
#11150 = ORIENTED_EDGE ( 'NONE', *, *, #12330, .F. ) ;
#11151 = CARTESIAN_POINT ( 'NONE',  ( -0.5500000000000005995, 0.2530000000000000027, 3.294999999999999929 ) ) ;
#11152 = ORIENTED_EDGE ( 'NONE', *, *, #6242, .F. ) ;
#11153 = CARTESIAN_POINT ( 'NONE',  ( -0.7000000000000002887, 0.1125000000000000028, -0.000000000000000000 ) ) ;
#11154 = AXIS2_PLACEMENT_3D ( 'NONE', #13111, #10848, #6850 ) ;
#11155 = CARTESIAN_POINT ( 'NONE',  ( 2.200000000000001510, 0.1125000000000000028, -2.142999999999999794 ) ) ;
#11156 = FACE_OUTER_BOUND ( 'NONE', #6219, .T. ) ;
#11157 = UNCERTAINTY_MEASURE_WITH_UNIT (LENGTH_MEASURE( 1.000000000000000082E-05 ), #1820, 'distance_accuracy_value', 'NONE');
#11158 = EDGE_CURVE ( 'NONE', #12938, #1838, #9276, .T. ) ;
#11159 = EDGE_LOOP ( 'NONE', ( #6522, #639, #2663, #12652 ) ) ;
#11160 = EDGE_CURVE ( 'NONE', #336, #12041, #10108, .T. ) ;
#11161 = ORIENTED_EDGE ( 'NONE', *, *, #12856, .F. ) ;
#11162 = DIRECTION ( 'NONE',  ( -0.000000000000000000, 1.000000000000000000, -0.000000000000000000 ) ) ;
#11163 = DIRECTION ( 'NONE',  ( -0.000000000000000000, 1.000000000000000000, -0.000000000000000000 ) ) ;
#11164 = EDGE_CURVE ( 'NONE', #3, #6952, #4887, .T. ) ;
#11165 = DIRECTION ( 'NONE',  ( -0.000000000000000000, -1.000000000000000000, -0.000000000000000000 ) ) ;
#11166 = CARTESIAN_POINT ( 'NONE',  ( -0.1499999999999964972, 0.06250000000000000000, -9.124999999999998224 ) ) ;
#11167 = EDGE_LOOP ( 'NONE', ( #149, #5646 ) ) ;
#11168 = EDGE_LOOP ( 'NONE', ( #4777, #7869, #739, #2231 ) ) ;
#11169 = DIRECTION ( 'NONE',  ( 0.000000000000000000, 0.000000000000000000, -1.000000000000000000 ) ) ;
#11170 = PRESENTATION_STYLE_ASSIGNMENT (( #10786 ) ) ;
#11171 = DIRECTION ( 'NONE',  ( 0.000000000000000000, 0.000000000000000000, -1.000000000000000000 ) ) ;
#11172 = VECTOR ( 'NONE', #2385, 1000.000000000000000 ) ;
#11173 = EDGE_CURVE ( 'NONE', #12690, #3166, #12302, .T. ) ;
#11174 = ADVANCED_FACE ( 'NONE', ( #9204 ), #13331, .T. ) ;
#11175 = CARTESIAN_POINT ( 'NONE',  ( 1.575000000000003064, 0.06250000000000000000, -9.070000000000003837 ) ) ;
#11176 = ORIENTED_EDGE ( 'NONE', *, *, #10872, .F. ) ;
#11177 = PLANE ( 'NONE',  #5493 ) ;
#11178 = DIRECTION ( 'NONE',  ( 1.000000000000000000, 0.000000000000000000, -1.084202172485504631E-15 ) ) ;
#11179 = EDGE_CURVE ( 'NONE', #11193, #8191, #2020, .T. ) ;
#11180 = ADVANCED_FACE ( 'NONE', ( #676 ), #12228, .T. ) ;
#11181 = ORIENTED_EDGE ( 'NONE', *, *, #10923, .F. ) ;
#11182 = LINE ( 'NONE', #5959, #3293 ) ;
#11183 = AXIS2_PLACEMENT_3D ( 'NONE', #12353, #653, #5957 ) ;
#11184 = EDGE_LOOP ( 'NONE', ( #8314, #5265, #9772, #12661 ) ) ;
#11185 = LINE ( 'NONE', #1754, #4131 ) ;
#11186 = ORIENTED_EDGE ( 'NONE', *, *, #3195, .F. ) ;
#11187 = CARTESIAN_POINT ( 'NONE',  ( -2.350000000000000977, 0.2530000000000000027, -8.875000000000000000 ) ) ;
#11188 = VECTOR ( 'NONE', #1117, 1000.000000000000000 ) ;
#11189 = VECTOR ( 'NONE', #5567, 1000.000000000000000 ) ;
#11190 = VECTOR ( 'NONE', #1795, 1000.000000000000000 ) ;
#11191 = EDGE_CURVE ( 'NONE', #173, #6298, #10182, .T. ) ;
#11192 = LINE ( 'NONE', #2972, #10484 ) ;
#11193 = VERTEX_POINT ( 'NONE', #5080 ) ;
#11194 = EDGE_CURVE ( 'NONE', #4502, #11396, #1841, .T. ) ;
#11195 = DIRECTION ( 'NONE',  ( -4.707526393424183343E-15, 0.000000000000000000, -1.000000000000000000 ) ) ;
#11196 = DIRECTION ( 'NONE',  ( -0.000000000000000000, 0.000000000000000000, -1.000000000000000000 ) ) ;
#11197 = LINE ( 'NONE', #10239, #10981 ) ;
#11198 = EDGE_CURVE ( 'NONE', #4530, #13591, #2860, .T. ) ;
#11199 = EDGE_LOOP ( 'NONE', ( #8770, #11895, #12979, #810 ) ) ;
#11200 = EDGE_LOOP ( 'NONE', ( #1222, #6479, #4872, #5766 ) ) ;
#11201 = DIRECTION ( 'NONE',  ( -0.000000000000000000, 1.000000000000000000, -0.000000000000000000 ) ) ;
#11202 = VECTOR ( 'NONE', #135, 1000.000000000000000 ) ;
#11203 = LINE ( 'NONE', #3821, #8818 ) ;
#11204 = ORIENTED_EDGE ( 'NONE', *, *, #1197, .F. ) ;
#11205 = VECTOR ( 'NONE', #6571, 1000.000000000000000 ) ;
#11206 = ORIENTED_EDGE ( 'NONE', *, *, #12781, .T. ) ;
#11207 = AXIS2_PLACEMENT_3D ( 'NONE', #12808, #8798, #1367 ) ;
#11208 = VECTOR ( 'NONE', #365, 1000.000000000000000 ) ;
#11209 =( NAMED_UNIT ( * ) PLANE_ANGLE_UNIT ( ) SI_UNIT ( $, .RADIAN. ) );
#11210 = DIRECTION ( 'NONE',  ( -0.000000000000000000, 0.000000000000000000, 1.000000000000000000 ) ) ;
#11211 = CARTESIAN_POINT ( 'NONE',  ( -0.7799999999999979172, 0.06250000000000000000, -8.424999999999997158 ) ) ;
#11212 = VECTOR ( 'NONE', #4848, 1000.000000000000000 ) ;
#11213 = SURFACE_SIDE_STYLE ('',( #11009 ) ) ;
#11214 = VECTOR ( 'NONE', #8751, 1000.000000000000000 ) ;
#11215 = CARTESIAN_POINT ( 'NONE',  ( 3.937500000000006217, 0.06250000000000000000, -3.937500000000127454 ) ) ;
#11216 = EDGE_CURVE ( 'NONE', #6912, #11336, #7130, .T. ) ;
#11217 = ORIENTED_EDGE ( 'NONE', *, *, #2190, .T. ) ;
#11218 = VERTEX_POINT ( 'NONE', #8238 ) ;
#11219 = FACE_BOUND ( 'NONE', #11267, .T. ) ;
#11220 = EDGE_LOOP ( 'NONE', ( #2536, #13278, #11016, #4521, #2705, #2235, #12256, #11886 ) ) ;
#11221 = LINE ( 'NONE', #1916, #12357 ) ;
#11222 = CARTESIAN_POINT ( 'NONE',  ( 0.000000000000000000, 0.1125000000000000028, 0.000000000000000000 ) ) ;
#11223 = ORIENTED_EDGE ( 'NONE', *, *, #380, .F. ) ;
#11224 = ORIENTED_EDGE ( 'NONE', *, *, #13137, .F. ) ;
#11225 = VECTOR ( 'NONE', #2734, 1000.000000000000000 ) ;
#11226 = CARTESIAN_POINT ( 'NONE',  ( 1.707500000000004015, 0.06250000000000000000, -7.653000000000000469 ) ) ;
#11227 = FACE_OUTER_BOUND ( 'NONE', #10603, .T. ) ;
#11228 = FILL_AREA_STYLE ('',( #1 ) ) ;
#11229 = LINE ( 'NONE', #2747, #8542 ) ;
#11230 = ORIENTED_EDGE ( 'NONE', *, *, #8657, .T. ) ;
#11231 = EDGE_LOOP ( 'NONE', ( #2799, #39, #6651, #12435, #3603, #8723 ) ) ;
#11232 = PRESENTATION_STYLE_ASSIGNMENT (( #3018 ) ) ;
#11233 = MECHANICAL_DESIGN_GEOMETRIC_PRESENTATION_REPRESENTATION (  '', ( #17 ), #10581 ) ;
#11234 = DIRECTION ( 'NONE',  ( -0.000000000000000000, -0.000000000000000000, -1.000000000000000000 ) ) ;
#11235 = CARTESIAN_POINT ( 'NONE',  ( 0.9849999999999817790, 0.06250000000000000000, 2.608263842356538548E-15 ) ) ;
#11236 = LINE ( 'NONE', #11036, #2844 ) ;
#11237 = ORIENTED_EDGE ( 'NONE', *, *, #5965, .T. ) ;
#11238 = EDGE_CURVE ( 'NONE', #9936, #8054, #8297, .T. ) ;
#11239 = CIRCLE ( 'NONE', #13001, 0.2000000000000005107 ) ;
#11240 =( GEOMETRIC_REPRESENTATION_CONTEXT ( 3 ) GLOBAL_UNCERTAINTY_ASSIGNED_CONTEXT ( ( #11435 ) ) GLOBAL_UNIT_ASSIGNED_CONTEXT ( ( #6280, #11851, #4487 ) ) REPRESENTATION_CONTEXT ( 'NONE', 'WORKASPACE' ) );
#11241 = CARTESIAN_POINT ( 'NONE',  ( 0.2000000000000000944, 0.06250000000000000000, 0.000000000000000000 ) ) ;
#11242 = SURFACE_STYLE_FILL_AREA ( #379 ) ;
#11243 = DIRECTION ( 'NONE',  ( 0.000000000000000000, 0.000000000000000000, 1.000000000000000000 ) ) ;
#11244 = FACE_OUTER_BOUND ( 'NONE', #10431, .T. ) ;
#11245 = DIRECTION ( 'NONE',  ( -0.000000000000000000, -1.000000000000000000, -0.000000000000000000 ) ) ;
#11246 = ORIENTED_EDGE ( 'NONE', *, *, #13086, .F. ) ;
#11247 = CARTESIAN_POINT ( 'NONE',  ( -1.999999999999999556, 0.2530000000000000027, -2.328000000000001624 ) ) ;
#11248 = CARTESIAN_POINT ( 'NONE',  ( 2.150000000000000799, 0.2530000000000000027, -10.00000000000000000 ) ) ;
#11249 = LINE ( 'NONE', #13256, #8758 ) ;
#11250 = LINE ( 'NONE', #1545, #2828 ) ;
#11251 = VECTOR ( 'NONE', #2128, 1000.000000000000000 ) ;
#11252 = EDGE_LOOP ( 'NONE', ( #1675, #3910 ) ) ;
#11253 = CARTESIAN_POINT ( 'NONE',  ( 1.050000000000004929, 0.06250000000000000000, -9.125000000000000000 ) ) ;
#11254 = ORIENTED_EDGE ( 'NONE', *, *, #5309, .F. ) ;
#11255 = EDGE_CURVE ( 'NONE', #11827, #5171, #13476, .T. ) ;
#11256 = ADVANCED_FACE ( 'NONE', ( #3820 ), #12498, .T. ) ;
#11257 = CYLINDRICAL_SURFACE ( 'NONE', #3574, 0.1999999999999996503 ) ;
#11258 = EDGE_CURVE ( 'NONE', #4439, #1755, #3057, .T. ) ;
#11259 = CLOSED_SHELL ( 'NONE', ( #9816, #10448, #4764, #9835, #11180, #7370 ) ) ;
#11260 = VECTOR ( 'NONE', #3334, 1000.000000000000000 ) ;
#11261 = LINE ( 'NONE', #2848, #1673 ) ;
#11262 = ORIENTED_EDGE ( 'NONE', *, *, #8927, .F. ) ;
#11263 = CARTESIAN_POINT ( 'NONE',  ( -1.585000000000000853, 0.1125000000000000028, -7.653000000000000469 ) ) ;
#11264 = CARTESIAN_POINT ( 'NONE',  ( -2.200000000000000622, 0.2530000000000000027, 10.00000000000000000 ) ) ;
#11265 = LINE ( 'NONE', #13328, #10376 ) ;
#11266 = CARTESIAN_POINT ( 'NONE',  ( 2.199999999999999734, -0.2250000000000000056, 0.3499999999999987566 ) ) ;
#11267 = EDGE_LOOP ( 'NONE', ( #3458, #2755 ) ) ;
#11268 = ORIENTED_EDGE ( 'NONE', *, *, #225, .T. ) ;
#11269 = DIRECTION ( 'NONE',  ( -0.000000000000000000, -1.000000000000000000, -0.000000000000000000 ) ) ;
#11270 = VECTOR ( 'NONE', #6313, 1000.000000000000000 ) ;
#11271 = CARTESIAN_POINT ( 'NONE',  ( 2.350000000000000089, 0.2530000000000000027, -8.125000000000000000 ) ) ;
#11272 = VECTOR ( 'NONE', #3106, 1000.000000000000000 ) ;
#11273 = ORIENTED_EDGE ( 'NONE', *, *, #7478, .T. ) ;
#11274 = ADVANCED_FACE ( 'NONE', ( #7264 ), #749, .T. ) ;
#11275 = EDGE_CURVE ( 'NONE', #10963, #6952, #6043, .T. ) ;
#11276 = ADVANCED_FACE ( 'NONE', ( #11399 ), #5145, .F. ) ;
#11277 = CARTESIAN_POINT ( 'NONE',  ( 8.138021506676204170E-15, 0.06250000000000000000, -3.753000000000003222 ) ) ;
#11278 = DIRECTION ( 'NONE',  ( 1.000000000000000000, 0.000000000000000000, 0.000000000000000000 ) ) ;
#11279 = AXIS2_PLACEMENT_3D ( 'NONE', #370, #1402, #9673 ) ;
#11280 = LINE ( 'NONE', #4103, #3253 ) ;
#11281 = VECTOR ( 'NONE', #11395, 1000.000000000000000 ) ;
#11282 =( NAMED_UNIT ( * ) SI_UNIT ( $, .STERADIAN. ) SOLID_ANGLE_UNIT ( ) );
#11283 = VECTOR ( 'NONE', #3955, 1000.000000000000000 ) ;
#11284 = FACE_OUTER_BOUND ( 'NONE', #6795, .T. ) ;
#11285 = CARTESIAN_POINT ( 'NONE',  ( -0.5019999999999983364, 2.979999999999999982, 8.799999999999998934 ) ) ;
#11286 = ORIENTED_EDGE ( 'NONE', *, *, #4002, .T. ) ;
#11287 = DIRECTION ( 'NONE',  ( 0.000000000000000000, -1.000000000000000000, 0.000000000000000000 ) ) ;
#11288 = VERTEX_POINT ( 'NONE', #2233 ) ;
#11289 = PLANE ( 'NONE',  #10164 ) ;
#11290 = CARTESIAN_POINT ( 'NONE',  ( 0.07499999999999867883, 0.1125000000000000028, -9.799999999999998934 ) ) ;
#11291 = ORIENTED_EDGE ( 'NONE', *, *, #1319, .F. ) ;
#11292 = ORIENTED_EDGE ( 'NONE', *, *, #2946, .T. ) ;
#11293 = EDGE_CURVE ( 'NONE', #8030, #8922, #9603, .T. ) ;
#11294 = EDGE_CURVE ( 'NONE', #5504, #4386, #7335, .T. ) ;
#11295 = CARTESIAN_POINT ( 'NONE',  ( 0.7000000000000002887, 0.1125000000000000028, 0.000000000000000000 ) ) ;
#11296 = CARTESIAN_POINT ( 'NONE',  ( 1.248578643762691787, 1.261421356237309999, 6.299999999999999822 ) ) ;
#11297 = SURFACE_SIDE_STYLE ('',( #2881 ) ) ;
#11298 = CARTESIAN_POINT ( 'NONE',  ( -0.8019999999999979368, 2.979999999999999982, 8.949999999999999289 ) ) ;
#11299 = ORIENTED_EDGE ( 'NONE', *, *, #347, .F. ) ;
#11300 =( GEOMETRIC_REPRESENTATION_CONTEXT ( 3 ) GLOBAL_UNCERTAINTY_ASSIGNED_CONTEXT ( ( #5230 ) ) GLOBAL_UNIT_ASSIGNED_CONTEXT ( ( #10856, #6587, #9611 ) ) REPRESENTATION_CONTEXT ( 'NONE', 'WORKASPACE' ) );
#11301 = ORIENTED_EDGE ( 'NONE', *, *, #9358, .F. ) ;
#11302 = LINE ( 'NONE', #7225, #1313 ) ;
#11303 = CYLINDRICAL_SURFACE ( 'NONE', #12731, 0.2000000000000005107 ) ;
#11304 = DIRECTION ( 'NONE',  ( 0.000000000000000000, 0.000000000000000000, -1.000000000000000000 ) ) ;
#11305 = DIRECTION ( 'NONE',  ( -1.000000000000000000, 0.000000000000000000, 0.000000000000000000 ) ) ;
#11306 = LINE ( 'NONE', #6075, #10540 ) ;
#11307 = CARTESIAN_POINT ( 'NONE',  ( -1.799999999999999600, 0.2530000000000000027, -4.798000000000000043 ) ) ;
#11308 = CYLINDRICAL_SURFACE ( 'NONE', #6145, 0.2000000000000005107 ) ;
#11309 = LINE ( 'NONE', #12415, #9296 ) ;
#11310 = DIRECTION ( 'NONE',  ( -0.000000000000000000, 1.000000000000000000, -0.000000000000000000 ) ) ;
#11311 = VERTEX_POINT ( 'NONE', #13603 ) ;
#11312 = CARTESIAN_POINT ( 'NONE',  ( 2.149999999999999911, 0.2530000000000000027, 6.299999999999999822 ) ) ;
#11313 = DIRECTION ( 'NONE',  ( -7.709882115452468306E-16, 0.000000000000000000, 1.000000000000000000 ) ) ;
#11314 = LINE ( 'NONE', #1880, #1056 ) ;
#11315 = EDGE_CURVE ( 'NONE', #7387, #9756, #12572, .T. ) ;
#11316 = LINE ( 'NONE', #9725, #12117 ) ;
#11317 = DIRECTION ( 'NONE',  ( -0.7071067811865505703, 0.000000000000000000, 0.7071067811865444641 ) ) ;
#11318 = ORIENTED_EDGE ( 'NONE', *, *, #5470, .T. ) ;
#11319 = CARTESIAN_POINT ( 'NONE',  ( -0.6499999999999964695, 0.06250000000000000000, -8.424999999999997158 ) ) ;
#11320 = ORIENTED_EDGE ( 'NONE', *, *, #2548, .F. ) ;
#11321 = ORIENTED_EDGE ( 'NONE', *, *, #7894, .T. ) ;
#11322 = DIRECTION ( 'NONE',  ( 0.000000000000000000, 0.000000000000000000, -1.000000000000000000 ) ) ;
#11323 = LINE ( 'NONE', #166, #9593 ) ;
#11324 = EDGE_LOOP ( 'NONE', ( #1524, #2431, #9187, #4188 ) ) ;
#11325 = CARTESIAN_POINT ( 'NONE',  ( 5.022500000000019504, 0.06250000000000000000, -5.022499999999850750 ) ) ;
#11326 = DIRECTION ( 'NONE',  ( -0.000000000000000000, -1.000000000000000000, -0.000000000000000000 ) ) ;
#11327 = DIRECTION ( 'NONE',  ( -1.084202172485504828E-15, 0.000000000000000000, -1.000000000000000000 ) ) ;
#11328 = EDGE_CURVE ( 'NONE', #12520, #211, #11536, .T. ) ;
#11329 = DIRECTION ( 'NONE',  ( -2.942203995890121985E-16, 0.000000000000000000, -1.000000000000000000 ) ) ;
#11330 = ADVANCED_FACE ( 'NONE', ( #5276 ), #5417, .F. ) ;
#11331 = EDGE_LOOP ( 'NONE', ( #3482, #3563, #4982, #6890 ) ) ;
#11332 = EDGE_LOOP ( 'NONE', ( #8022, #11565, #3077, #2459, #13110, #4599, #679, #12118, #13361, #7727, #6252, #3582, #9619, #688, #219, #10869 ) ) ;
#11333 = EDGE_CURVE ( 'NONE', #12742, #11218, #9473, .T. ) ;
#11334 = CARTESIAN_POINT ( 'NONE',  ( 4.422499999999998543, 0.1125000000000000028, -4.422499999999850218 ) ) ;
#11335 = CARTESIAN_POINT ( 'NONE',  ( 0.000000000000000000, 0.2530000000000000027, 0.000000000000000000 ) ) ;
#11336 = VERTEX_POINT ( 'NONE', #2036 ) ;
#11337 = SURFACE_STYLE_FILL_AREA ( #7003 ) ;
#11338 = DIRECTION ( 'NONE',  ( -1.000000000000000000, 0.000000000000000000, 0.000000000000000000 ) ) ;
#11339 = CARTESIAN_POINT ( 'NONE',  ( 0.7499999999999983347, 0.06250000000000000000, -9.724999999999999645 ) ) ;
#11340 = CARTESIAN_POINT ( 'NONE',  ( 2.149999999999999911, 0.4780000000000000360, -6.987373870972730217 ) ) ;
#11341 = PLANE ( 'NONE',  #10488 ) ;
#11342 = ADVANCED_FACE ( 'NONE', ( #2163 ), #2100, .T. ) ;
#11343 = DIRECTION ( 'NONE',  ( -1.000000000000000000, 0.000000000000000000, 0.000000000000000000 ) ) ;
#11344 = VECTOR ( 'NONE', #9610, 1000.000000000000000 ) ;
#11345 = ADVANCED_FACE ( 'NONE', ( #9398 ), #4166, .T. ) ;
#11346 = ORIENTED_EDGE ( 'NONE', *, *, #4589, .F. ) ;
#11347 = SURFACE_SIDE_STYLE ('',( #10399 ) ) ;
#11348 = CARTESIAN_POINT ( 'NONE',  ( -4.337499999999995914, 0.06250000000000000000, -4.337499999999982592 ) ) ;
#11349 = ORIENTED_EDGE ( 'NONE', *, *, #11074, .F. ) ;
#11350 = EDGE_CURVE ( 'NONE', #4185, #32, #10509, .T. ) ;
#11351 = ADVANCED_FACE ( 'NONE', ( #3130 ), #9540, .T. ) ;
#11352 = CARTESIAN_POINT ( 'NONE',  ( 0.7000000000000002887, 0.06250000000000000000, -4.753000000000000114 ) ) ;
#11353 = CARTESIAN_POINT ( 'NONE',  ( -0.3750000000000003331, 0.06250000000000000000, -9.070000000000003837 ) ) ;
#11354 = EDGE_LOOP ( 'NONE', ( #5370, #1744, #12776, #12452 ) ) ;
#11355 = ORIENTED_EDGE ( 'NONE', *, *, #2398, .T. ) ;
#11356 = CIRCLE ( 'NONE', #9369, 0.3999999999999995226 ) ;
#11357 = LINE ( 'NONE', #11495, #11831 ) ;
#11358 = CARTESIAN_POINT ( 'NONE',  ( 1.415000000000002700, 0.1125000000000000028, -7.653000000000000469 ) ) ;
#11359 = DIRECTION ( 'NONE',  ( -2.647983596301103229E-15, 0.000000000000000000, -1.000000000000000000 ) ) ;
#11360 = LINE ( 'NONE', #1923, #6131 ) ;
#11361 = ORIENTED_EDGE ( 'NONE', *, *, #10579, .T. ) ;
#11362 = EDGE_CURVE ( 'NONE', #11073, #167, #108, .T. ) ;
#11363 = ORIENTED_EDGE ( 'NONE', *, *, #11006, .T. ) ;
#11364 = ADVANCED_FACE ( 'NONE', ( #8445 ), #3263, .T. ) ;
#11365 = PLANE ( 'NONE',  #5520 ) ;
#11366 = CARTESIAN_POINT ( 'NONE',  ( 0.5150000000000045652, 0.06250000000000000000, -8.389999999999998792 ) ) ;
#11367 = EDGE_CURVE ( 'NONE', #9601, #8556, #4300, .T. ) ;
#11368 = VECTOR ( 'NONE', #10081, 1000.000000000000000 ) ;
#11369 = CARTESIAN_POINT ( 'NONE',  ( -0.4500000000000026756, 0.1125000000000000028, -9.724999999999999645 ) ) ;
#11370 = DIRECTION ( 'NONE',  ( 1.000000000000000000, 0.000000000000000000, -2.942203995890114589E-16 ) ) ;
#11371 = DIRECTION ( 'NONE',  ( 1.000000000000000000, 0.000000000000000000, 2.942203995890114589E-16 ) ) ;
#11372 = DIRECTION ( 'NONE',  ( 1.000000000000000000, 0.000000000000000000, 0.000000000000000000 ) ) ;
#11373 = DIRECTION ( 'NONE',  ( 1.000000000000000000, 0.000000000000000000, 0.000000000000000000 ) ) ;
#11374 = CARTESIAN_POINT ( 'NONE',  ( -2.575000000000001066, 0.4780000000000000360, -8.699999999999999289 ) ) ;
#11375 = PLANE ( 'NONE',  #9158 ) ;
#11376 = VERTEX_POINT ( 'NONE', #4978 ) ;
#11377 = DIRECTION ( 'NONE',  ( 0.7071067811865365815, 0.000000000000000000, -0.7071067811865584529 ) ) ;
#11378 = DIRECTION ( 'NONE',  ( 0.000000000000000000, 0.000000000000000000, -1.000000000000000000 ) ) ;
#11379 = DIRECTION ( 'NONE',  ( -0.000000000000000000, 1.000000000000000000, -0.000000000000000000 ) ) ;
#11380 = EDGE_CURVE ( 'NONE', #8191, #1899, #10282, .T. ) ;
#11381 = LINE ( 'NONE', #856, #7064 ) ;
#11382 = CARTESIAN_POINT ( 'NONE',  ( -5.237499999999998934, 0.06250000000000000000, -5.237499999999984723 ) ) ;
#11383 = VERTEX_POINT ( 'NONE', #849 ) ;
#11384 = VERTEX_POINT ( 'NONE', #4137 ) ;
#11385 = EDGE_LOOP ( 'NONE', ( #1567, #8187, #2272, #11143 ) ) ;
#11386 = LINE ( 'NONE', #10571, #13487 ) ;
#11387 = VECTOR ( 'NONE', #6518, 1000.000000000000000 ) ;
#11388 = COLOUR_RGB ( '',1.000000000000000000, 0.8117647058823529438, 0.5019607843137254832 ) ;
#11389 = LINE ( 'NONE', #5894, #8273 ) ;
#11390 = VERTEX_POINT ( 'NONE', #4006 ) ;
#11391 = CARTESIAN_POINT ( 'NONE',  ( 3.341250000000079545, 0.06250000000000000000, -3.341250000000389964 ) ) ;
#11392 = VECTOR ( 'NONE', #5183, 1000.000000000000000 ) ;
#11393 = SURFACE_STYLE_FILL_AREA ( #2975 ) ;
#11394 = LINE ( 'NONE', #6993, #7900 ) ;
#11395 = DIRECTION ( 'NONE',  ( -1.000000000000000000, -0.000000000000000000, -0.000000000000000000 ) ) ;
#11396 = VERTEX_POINT ( 'NONE', #7106 ) ;
#11397 = VECTOR ( 'NONE', #8585, 1000.000000000000000 ) ;
#11398 = ORIENTED_EDGE ( 'NONE', *, *, #6715, .T. ) ;
#11399 = FACE_OUTER_BOUND ( 'NONE', #3554, .T. ) ;
#11400 = CARTESIAN_POINT ( 'NONE',  ( 1.350000000000000755, 0.06250000000000000000, -3.753000000000000114 ) ) ;
#11401 = ORIENTED_EDGE ( 'NONE', *, *, #3788, .F. ) ;
#11402 = AXIS2_PLACEMENT_3D ( 'NONE', #5170, #2888, #4970 ) ;
#11403 = AXIS2_PLACEMENT_3D ( 'NONE', #12989, #12914, #3277 ) ;
#11404 = EDGE_CURVE ( 'NONE', #10254, #8063, #3864, .T. ) ;
#11405 = AXIS2_PLACEMENT_3D ( 'NONE', #7164, #3932, #917 ) ;
#11406 = LINE ( 'NONE', #4877, #10073 ) ;
#11407 = PLANE ( 'NONE',  #5495 ) ;
#11408 = EDGE_CURVE ( 'NONE', #175, #3887, #8272, .T. ) ;
#11409 = CARTESIAN_POINT ( 'NONE',  ( 0.000000000000000000, 0.06250000000000000000, 0.000000000000000000 ) ) ;
#11410 = FILL_AREA_STYLE_COLOUR ( '', #7972 ) ;
#11411 = FACE_OUTER_BOUND ( 'NONE', #3225, .T. ) ;
#11412 = CARTESIAN_POINT ( 'NONE',  ( -1.250000000000000222, 0.1125000000000000028, -0.000000000000000000 ) ) ;
#11413 = VERTEX_POINT ( 'NONE', #5178 ) ;
#11414 = AXIS2_PLACEMENT_3D ( 'NONE', #9839, #2677, #617 ) ;
#11415 = DIRECTION ( 'NONE',  ( 0.000000000000000000, 0.000000000000000000, 1.000000000000000000 ) ) ;
#11416 = VECTOR ( 'NONE', #3401, 1000.000000000000000 ) ;
#11417 = CARTESIAN_POINT ( 'NONE',  ( -0.7019999999999980700, 1.289999999999999591, 8.949999999999999289 ) ) ;
#11418 = ORIENTED_EDGE ( 'NONE', *, *, #7644, .T. ) ;
#11419 = VECTOR ( 'NONE', #7195, 1000.000000000000000 ) ;
#11420 = LINE ( 'NONE', #1982, #2443 ) ;
#11421 = LINE ( 'NONE', #8318, #6616 ) ;
#11422 = AXIS2_PLACEMENT_3D ( 'NONE', #573, #3591, #10967 ) ;
#11423 = ORIENTED_EDGE ( 'NONE', *, *, #3103, .F. ) ;
#11424 = EDGE_LOOP ( 'NONE', ( #8095, #506, #1988, #8173 ) ) ;
#11425 = EDGE_CURVE ( 'NONE', #11729, #237, #3935, .T. ) ;
#11426 = EDGE_CURVE ( 'NONE', #2296, #2198, #4012, .T. ) ;
#11427 = VECTOR ( 'NONE', #8689, 1000.000000000000000 ) ;
#11428 = CARTESIAN_POINT ( 'NONE',  ( -2.575000000000001066, 0.2530000000000000027, -8.500000000000000000 ) ) ;
#11429 = VECTOR ( 'NONE', #5397, 1000.000000000000000 ) ;
#11430 = CARTESIAN_POINT ( 'NONE',  ( 1.500000000000000666, 0.06250000000000000000, -2.403000000000000025 ) ) ;
#11431 = VECTOR ( 'NONE', #769, 1000.000000000000000 ) ;
#11432 = ADVANCED_FACE ( 'NONE', ( #11244 ), #13514, .F. ) ;
#11433 = CARTESIAN_POINT ( 'NONE',  ( -1.799999999999998268, 0.2530000000000000027, -4.998000000000000220 ) ) ;
#11434 = CARTESIAN_POINT ( 'NONE',  ( -0.8149999999999971712, 0.06250000000000000000, -8.389999999999998792 ) ) ;
#11435 = UNCERTAINTY_MEASURE_WITH_UNIT (LENGTH_MEASURE( 1.000000000000000082E-05 ), #6280, 'distance_accuracy_value', 'NONE');
#11436 = VERTEX_POINT ( 'NONE', #2074 ) ;
#11437 = ORIENTED_EDGE ( 'NONE', *, *, #8560, .T. ) ;
#11438 =( LENGTH_UNIT ( ) NAMED_UNIT ( * ) SI_UNIT ( .MILLI., .METRE. ) );
#11439 = FACE_OUTER_BOUND ( 'NONE', #10616, .T. ) ;
#11440 = ORIENTED_EDGE ( 'NONE', *, *, #9256, .T. ) ;
#11441 = CARTESIAN_POINT ( 'NONE',  ( 1.350000000000000089, 0.2530000000000000027, -1.542999999999999927 ) ) ;
#11442 = VECTOR ( 'NONE', #12280, 1000.000000000000000 ) ;
#11443 = DIRECTION ( 'NONE',  ( 0.7071067811865804353, 0.000000000000000000, -0.7071067811865147101 ) ) ;
#11444 = AXIS2_PLACEMENT_3D ( 'NONE', #6943, #1506, #4601 ) ;
#11445 = EDGE_CURVE ( 'NONE', #517, #32, #12475, .T. ) ;
#11446 = EDGE_CURVE ( 'NONE', #11134, #10724, #13446, .T. ) ;
#11447 = DIRECTION ( 'NONE',  ( 0.000000000000000000, 1.000000000000000000, 0.000000000000000000 ) ) ;
#11448 = EDGE_CURVE ( 'NONE', #8458, #7157, #11309, .T. ) ;
#11449 = FACE_OUTER_BOUND ( 'NONE', #4894, .T. ) ;
#11450 = VECTOR ( 'NONE', #4606, 1000.000000000000000 ) ;
#11451 = PLANE ( 'NONE',  #2840 ) ;
#11452 = AXIS2_PLACEMENT_3D ( 'NONE', #8655, #9549, #12653 ) ;
#11453 = DIRECTION ( 'NONE',  ( 0.000000000000000000, 0.000000000000000000, -1.000000000000000000 ) ) ;
#11454 = CARTESIAN_POINT ( 'NONE',  ( 5.322500000000060183, 0.06250000000000000000, -5.322499999999675602 ) ) ;
#11455 = ORIENTED_EDGE ( 'NONE', *, *, #10893, .F. ) ;
#11456 = CARTESIAN_POINT ( 'NONE',  ( -1.380000000000000115, 0.06250000000000000000, 0.000000000000000000 ) ) ;
#11457 = LINE ( 'NONE', #11248, #9519 ) ;
#11458 = CARTESIAN_POINT ( 'NONE',  ( -1.620000000000000773, 0.1125000000000000028, -8.424999999999997158 ) ) ;
#11459 = DIRECTION ( 'NONE',  ( 0.000000000000000000, 0.000000000000000000, -1.000000000000000000 ) ) ;
#11460 = EDGE_LOOP ( 'NONE', ( #6338, #5783, #712, #11321 ) ) ;
#11461 = CIRCLE ( 'NONE', #5534, 0.09999999999999939493 ) ;
#11462 = ORIENTED_EDGE ( 'NONE', *, *, #13272, .T. ) ;
#11463 = ORIENTED_EDGE ( 'NONE', *, *, #1860, .T. ) ;
#11464 = CARTESIAN_POINT ( 'NONE',  ( 0.2250000000000008105, 0.06250000000000000000, -9.070000000000003837 ) ) ;
#11465 = ADVANCED_FACE ( 'NONE', ( #1875 ), #6273, .F. ) ;
#11466 = PLANE ( 'NONE',  #2333 ) ;
#11467 = EDGE_LOOP ( 'NONE', ( #9709, #5573, #6264, #9994 ) ) ;
#11468 = DIRECTION ( 'NONE',  ( -0.7071067811865356934, 0.000000000000000000, -0.7071067811865593411 ) ) ;
#11469 = AXIS2_PLACEMENT_3D ( 'NONE', #11441, #6209, #3096 ) ;
#11470 = CARTESIAN_POINT ( 'NONE',  ( -1.584999999999998632, 0.06250000000000000000, 4.663393333485827270E-16 ) ) ;
#11471 = DIRECTION ( 'NONE',  ( 0.000000000000000000, 0.000000000000000000, -1.000000000000000000 ) ) ;
#11472 = DIRECTION ( 'NONE',  ( -2.693669993752817464E-16, 0.000000000000000000, -1.000000000000000000 ) ) ;
#11473 = VERTEX_POINT ( 'NONE', #10427 ) ;
#11474 = VERTEX_POINT ( 'NONE', #7043 ) ;
#11475 = CARTESIAN_POINT ( 'NONE',  ( 0.5149999999999700373, 0.06250000000000000000, 2.121329081036649084E-15 ) ) ;
#11476 = LINE ( 'NONE', #6178, #11894 ) ;
#11477 = VERTEX_POINT ( 'NONE', #2897 ) ;
#11478 = VECTOR ( 'NONE', #8789, 1000.000000000000000 ) ;
#11479 = DIRECTION ( 'NONE',  ( 1.000000000000000000, 0.000000000000000000, 0.000000000000000000 ) ) ;
#11480 = CARTESIAN_POINT ( 'NONE',  ( -0.000000000000000000, 0.1125000000000000028, -9.875000000000000000 ) ) ;
#11481 = DIRECTION ( 'NONE',  ( -0.000000000000000000, -1.000000000000000000, -0.000000000000000000 ) ) ;
#11482 = LINE ( 'NONE', #10459, #364 ) ;
#11483 = CARTESIAN_POINT ( 'NONE',  ( 2.575000000000000178, 0.4780000000000000360, -8.500000000000000000 ) ) ;
#11484 = ORIENTED_EDGE ( 'NONE', *, *, #5730, .F. ) ;
#11485 = VECTOR ( 'NONE', #9312, 1000.000000000000000 ) ;
#11486 = PLANE ( 'NONE',  #7459 ) ;
#11487 = ADVANCED_FACE ( 'NONE', ( #1812 ), #6077, .T. ) ;
#11488 = ORIENTED_EDGE ( 'NONE', *, *, #442, .F. ) ;
#11489 = CARTESIAN_POINT ( 'NONE',  ( 0.4500000000000042299, 0.06250000000000000000, -9.124999999999998224 ) ) ;
#11490 = DIRECTION ( 'NONE',  ( 0.000000000000000000, -1.000000000000000000, 0.000000000000000000 ) ) ;
#11491 = VERTEX_POINT ( 'NONE', #12548 ) ;
#11492 = VERTEX_POINT ( 'NONE', #1937 ) ;
#11493 = ORIENTED_EDGE ( 'NONE', *, *, #1224, .T. ) ;
#11494 = MECHANICAL_DESIGN_GEOMETRIC_PRESENTATION_REPRESENTATION (  '', ( #3789 ), #7310 ) ;
#11495 = CARTESIAN_POINT ( 'NONE',  ( -1.149999999999998579, 0.06250000000000000000, -8.424999999999997158 ) ) ;
#11496 = AXIS2_PLACEMENT_3D ( 'NONE', #11583, #7790, #4763 ) ;
#11497 = CARTESIAN_POINT ( 'NONE',  ( 1.575000000000003064, 0.1125000000000000028, -9.070000000000003837 ) ) ;
#11498 = FACE_OUTER_BOUND ( 'NONE', #1097, .T. ) ;
#11499 = ORIENTED_EDGE ( 'NONE', *, *, #10839, .F. ) ;
#11500 = ORIENTED_EDGE ( 'NONE', *, *, #12241, .F. ) ;
#11501 = LINE ( 'NONE', #3920, #674 ) ;
#11502 = CARTESIAN_POINT ( 'NONE',  ( -1.149999999999999467, 0.1125000000000000028, -0.000000000000000000 ) ) ;
#11503 = EDGE_CURVE ( 'NONE', #2087, #7169, #4919, .T. ) ;
#11504 = VERTEX_POINT ( 'NONE', #9117 ) ;
#11505 = EDGE_CURVE ( 'NONE', #3246, #3127, #9076, .T. ) ;
#11506 = DIRECTION ( 'NONE',  ( 2.942203995890114589E-16, 0.000000000000000000, -1.000000000000000000 ) ) ;
#11507 = MECHANICAL_DESIGN_GEOMETRIC_PRESENTATION_REPRESENTATION (  '', ( #10420 ), #2055 ) ;
#11508 = FACE_OUTER_BOUND ( 'NONE', #6432, .T. ) ;
#11509 = ORIENTED_EDGE ( 'NONE', *, *, #3270, .F. ) ;
#11510 = EDGE_CURVE ( 'NONE', #10254, #2499, #2823, .T. ) ;
#11511 = CARTESIAN_POINT ( 'NONE',  ( 0.000000000000000000, 0.06250000000000000000, -2.403000000000000025 ) ) ;
#11512 = DIRECTION ( 'NONE',  ( 0.7071067811865465735, 0.000000000000000000, -0.7071067811865485719 ) ) ;
#11513 = CARTESIAN_POINT ( 'NONE',  ( 1.942500000000004112, 0.06250000000000000000, -7.653000000000000469 ) ) ;
#11514 = DIRECTION ( 'NONE',  ( 0.000000000000000000, 1.000000000000000000, 0.000000000000000000 ) ) ;
#11515 = CARTESIAN_POINT ( 'NONE',  ( -1.642499999999990301, 0.06250000000000000000, 1.780802068307431172E-15 ) ) ;
#11516 = ORIENTED_EDGE ( 'NONE', *, *, #5065, .T. ) ;
#11517 = PLANE ( 'NONE',  #5507 ) ;
#11518 = CARTESIAN_POINT ( 'NONE',  ( 0.000000000000000000, 0.06250000000000000000, -4.753000000000000114 ) ) ;
#11519 = PLANE ( 'NONE',  #2405 ) ;
#11520 = EDGE_CURVE ( 'NONE', #7175, #4208, #10222, .T. ) ;
#11521 = EDGE_CURVE ( 'NONE', #1404, #3640, #5494, .T. ) ;
#11522 = PLANE ( 'NONE',  #4167 ) ;
#11523 = ORIENTED_EDGE ( 'NONE', *, *, #3923, .T. ) ;
#11524 = EDGE_CURVE ( 'NONE', #5318, #1017, #8646, .T. ) ;
#11525 = ORIENTED_EDGE ( 'NONE', *, *, #1528, .T. ) ;
#11526 = ORIENTED_EDGE ( 'NONE', *, *, #9928, .T. ) ;
#11527 = CARTESIAN_POINT ( 'NONE',  ( -4.637499999999996625, 0.06250000000000000000, -4.637499999999983302 ) ) ;
#11528 = LINE ( 'NONE', #6291, #12460 ) ;
#11529 = VERTEX_POINT ( 'NONE', #5355 ) ;
#11530 = FACE_BOUND ( 'NONE', #11167, .T. ) ;
#11531 = CARTESIAN_POINT ( 'NONE',  ( 0.4500000000000001221, 0.06250000000000000000, -4.753000000000000114 ) ) ;
#11532 = ORIENTED_EDGE ( 'NONE', *, *, #7661, .F. ) ;
#11533 = EDGE_CURVE ( 'NONE', #9382, #11701, #9608, .T. ) ;
#11534 = VERTEX_POINT ( 'NONE', #9746 ) ;
#11535 = EDGE_CURVE ( 'NONE', #6399, #7704, #2237, .T. ) ;
#11536 = LINE ( 'NONE', #11668, #725 ) ;
#11537 = CARTESIAN_POINT ( 'NONE',  ( 0.000000000000000000, 0.06250000000000000000, 0.000000000000000000 ) ) ;
#11538 = ORIENTED_EDGE ( 'NONE', *, *, #892, .T. ) ;
#11539 = DIRECTION ( 'NONE',  ( -1.000000000000000000, 0.000000000000000000, 1.355252715606880296E-16 ) ) ;
#11540 = CARTESIAN_POINT ( 'NONE',  ( -0.3019999999999980478, 2.080000000000000071, 8.949999999999999289 ) ) ;
#11541 = LINE ( 'NONE', #5213, #3914 ) ;
#11542 = DIRECTION ( 'NONE',  ( -0.7071067811865584529, 0.000000000000000000, -0.7071067811865365815 ) ) ;
#11543 = CARTESIAN_POINT ( 'NONE',  ( 1.749999999999999778, 0.2530000000000000027, -1.542999999999999927 ) ) ;
#11544 =( LENGTH_UNIT ( ) NAMED_UNIT ( * ) SI_UNIT ( .MILLI., .METRE. ) );
#11545 = ORIENTED_EDGE ( 'NONE', *, *, #5356, .F. ) ;
#11546 = DIRECTION ( 'NONE',  ( -1.000000000000000000, 0.000000000000000000, 0.000000000000000000 ) ) ;
#11547 = CARTESIAN_POINT ( 'NONE',  ( -0.4200000000000019829, 0.1125000000000000028, -8.424999999999997158 ) ) ;
#11548 = ORIENTED_EDGE ( 'NONE', *, *, #13102, .T. ) ;
#11549 = DIRECTION ( 'NONE',  ( 0.000000000000000000, 0.000000000000000000, -1.000000000000000000 ) ) ;
#11550 = CARTESIAN_POINT ( 'NONE',  ( 1.620000000000003881, 0.1125000000000000028, -8.424999999999997158 ) ) ;
#11551 = ORIENTED_EDGE ( 'NONE', *, *, #5791, .F. ) ;
#11552 = ORIENTED_EDGE ( 'NONE', *, *, #2492, .T. ) ;
#11553 = EDGE_LOOP ( 'NONE', ( #8060, #3209, #12541, #996 ) ) ;
#11554 = EDGE_LOOP ( 'NONE', ( #2843, #7865, #11983, #11757 ) ) ;
#11555 = DIRECTION ( 'NONE',  ( 1.000000000000000000, 0.000000000000000000, 0.000000000000000000 ) ) ;
#11556 = DIRECTION ( 'NONE',  ( 1.000000000000000000, 0.000000000000000000, 0.000000000000000000 ) ) ;
#11557 = DIRECTION ( 'NONE',  ( 0.000000000000000000, 0.000000000000000000, -1.000000000000000000 ) ) ;
#11558 = ORIENTED_EDGE ( 'NONE', *, *, #8833, .F. ) ;
#11559 = EDGE_LOOP ( 'NONE', ( #9070, #6380, #7504, #5675 ) ) ;
#11560 = DIRECTION ( 'NONE',  ( 0.7071067811865584529, 0.000000000000000000, -0.7071067811865365815 ) ) ;
#11561 = CARTESIAN_POINT ( 'NONE',  ( -0.3019999999999981033, 1.289999999999999591, 9.150000000000000355 ) ) ;
#11562 = ORIENTED_EDGE ( 'NONE', *, *, #9422, .T. ) ;
#11563 = LINE ( 'NONE', #2202, #7281 ) ;
#11564 = LINE ( 'NONE', #6544, #1769 ) ;
#11565 = ORIENTED_EDGE ( 'NONE', *, *, #6563, .F. ) ;
#11566 = DIRECTION ( 'NONE',  ( 0.000000000000000000, -1.000000000000000000, 0.000000000000000000 ) ) ;
#11567 = VECTOR ( 'NONE', #11310, 1000.000000000000000 ) ;
#11568 = CARTESIAN_POINT ( 'NONE',  ( -3.689539992968177900E-15, 0.06250000000000000000, -3.403000000000001357 ) ) ;
#11569 = ADVANCED_FACE ( 'NONE', ( #11673 ), #1068, .F. ) ;
#11570 = CARTESIAN_POINT ( 'NONE',  ( -0.5019999999999983364, 2.880000000000000338, 7.799999999999999822 ) ) ;
#11571 = LINE ( 'NONE', #10751, #5934 ) ;
#11572 = LINE ( 'NONE', #5324, #10747 ) ;
#11573 = VECTOR ( 'NONE', #8800, 1000.000000000000000 ) ;
#11574 = ORIENTED_EDGE ( 'NONE', *, *, #3517, .T. ) ;
#11575 = CARTESIAN_POINT ( 'NONE',  ( -1.500000000000000444, 0.06250000000000000000, -4.753000000000000114 ) ) ;
#11576 = LINE ( 'NONE', #1324, #1732 ) ;
#11577 = LINE ( 'NONE', #9583, #2808 ) ;
#11578 = FILL_AREA_STYLE ('',( #10290 ) ) ;
#11579 = CARTESIAN_POINT ( 'NONE',  ( -1.500000000000000444, 0.06250000000000000000, -3.752999999999999226 ) ) ;
#11580 = EDGE_LOOP ( 'NONE', ( #6776, #9826, #9773, #13346 ) ) ;
#11581 = ORIENTED_EDGE ( 'NONE', *, *, #2191, .T. ) ;
#11582 = EDGE_LOOP ( 'NONE', ( #12627, #2770, #13019, #11398 ) ) ;
#11583 = CARTESIAN_POINT ( 'NONE',  ( -2.150000000000000799, 0.4780000000000000360, -8.125000000000000000 ) ) ;
#11584 = EDGE_CURVE ( 'NONE', #5347, #10778, #255, .T. ) ;
#11585 = EDGE_CURVE ( 'NONE', #2189, #3408, #318, .T. ) ;
#11586 = VECTOR ( 'NONE', #7803, 1000.000000000000000 ) ;
#11587 = EDGE_CURVE ( 'NONE', #9413, #10691, #9543, .T. ) ;
#11588 = DIRECTION ( 'NONE',  ( -1.000000000000000000, 1.204669080539449837E-16, 0.000000000000000000 ) ) ;
#11589 = ORIENTED_EDGE ( 'NONE', *, *, #3615, .T. ) ;
#11590 = LINE ( 'NONE', #3124, #9659 ) ;
#11591 = SURFACE_STYLE_FILL_AREA ( #9198 ) ;
#11592 = CARTESIAN_POINT ( 'NONE',  ( -0.8019999999999980478, 1.089999999999999414, 8.951564153662312506 ) ) ;
#11593 = CARTESIAN_POINT ( 'NONE',  ( 1.649999999999999245, 0.2530000000000000027, 3.174999999999999822 ) ) ;
#11594 = ORIENTED_EDGE ( 'NONE', *, *, #10189, .T. ) ;
#11595 = EDGE_LOOP ( 'NONE', ( #9077, #5775, #12441, #5855 ) ) ;
#11596 = DIRECTION ( 'NONE',  ( 0.000000000000000000, 0.000000000000000000, 1.000000000000000000 ) ) ;
#11597 = DIRECTION ( 'NONE',  ( 0.000000000000000000, -0.000000000000000000, -1.000000000000000000 ) ) ;
#11598 = VERTEX_POINT ( 'NONE', #5421 ) ;
#11599 = VECTOR ( 'NONE', #5455, 1000.000000000000000 ) ;
#11600 = AXIS2_PLACEMENT_3D ( 'NONE', #9371, #12543, #3104 ) ;
#11601 = DIRECTION ( 'NONE',  ( 2.693669993752817464E-16, 0.000000000000000000, -1.000000000000000000 ) ) ;
#11602 = ADVANCED_FACE ( 'NONE', ( #11738 ), #1139, .F. ) ;
#11603 = EDGE_CURVE ( 'NONE', #5703, #8598, #3395, .T. ) ;
#11604 = CARTESIAN_POINT ( 'NONE',  ( 4.537499999999988098, 0.06250000000000000000, -4.537500000000128431 ) ) ;
#11605 = EDGE_CURVE ( 'NONE', #2597, #8454, #5561, .T. ) ;
#11606 = CARTESIAN_POINT ( 'NONE',  ( 0.04999999999999839295, 0.06250000000000000000, 0.000000000000000000 ) ) ;
#11607 = LINE ( 'NONE', #1144, #4229 ) ;
#11608 = VECTOR ( 'NONE', #7879, 1000.000000000000000 ) ;
#11609 = CARTESIAN_POINT ( 'NONE',  ( -1.717500000000000249, 0.06250000000000000000, -9.799999999999998934 ) ) ;
#11610 = CARTESIAN_POINT ( 'NONE',  ( -3.637500000000013944, 0.06250000000000000000, -3.637500000000126299 ) ) ;
#11611 = ORIENTED_EDGE ( 'NONE', *, *, #7580, .F. ) ;
#11612 = CARTESIAN_POINT ( 'NONE',  ( 0.000000000000000000, 0.06250000000000000000, -7.653000000000000469 ) ) ;
#11613 = DIRECTION ( 'NONE',  ( 0.000000000000000000, 1.000000000000000000, 0.000000000000000000 ) ) ;
#11614 = VERTEX_POINT ( 'NONE', #9476 ) ;
#11615 = AXIS2_PLACEMENT_3D ( 'NONE', #6586, #12849, #10521 ) ;
#11616 = LINE ( 'NONE', #3409, #10400 ) ;
#11617 = CARTESIAN_POINT ( 'NONE',  ( -0.4500000000000001221, 0.1125000000000000028, -3.402999999999999581 ) ) ;
#11618 = ORIENTED_EDGE ( 'NONE', *, *, #13468, .F. ) ;
#11619 = VECTOR ( 'NONE', #8422, 1000.000000000000000 ) ;
#11620 = VERTEX_POINT ( 'NONE', #2297 ) ;
#11621 = ORIENTED_EDGE ( 'NONE', *, *, #2774, .T. ) ;
#11622 = DIRECTION ( 'NONE',  ( 0.000000000000000000, 0.000000000000000000, 1.000000000000000000 ) ) ;
#11623 = DIRECTION ( 'NONE',  ( 0.000000000000000000, 1.000000000000000000, 0.000000000000000000 ) ) ;
#11624 = ADVANCED_FACE ( 'NONE', ( #8512 ), #3134, .F. ) ;
#11625 = LINE ( 'NONE', #10671, #5471 ) ;
#11626 = VECTOR ( 'NONE', #10737, 1000.000000000000000 ) ;
#11627 = AXIS2_PLACEMENT_3D ( 'NONE', #8820, #2615, #9783 ) ;
#11628 = AXIS2_PLACEMENT_3D ( 'NONE', #4277, #11447, #224 ) ;
#11629 = ORIENTED_EDGE ( 'NONE', *, *, #2548, .T. ) ;
#11630 = EDGE_LOOP ( 'NONE', ( #13302, #1718, #368, #6711 ) ) ;
#11631 = VECTOR ( 'NONE', #9311, 1000.000000000000000 ) ;
#11632 = DIRECTION ( 'NONE',  ( 0.000000000000000000, -0.000000000000000000, -1.000000000000000000 ) ) ;
#11633 = ORIENTED_EDGE ( 'NONE', *, *, #8591, .F. ) ;
#11634 = CARTESIAN_POINT ( 'NONE',  ( -0.6849999999999963896, 0.1125000000000000028, -8.389999999999998792 ) ) ;
#11635 = PLANE ( 'NONE',  #9685 ) ;
#11636 = EDGE_LOOP ( 'NONE', ( #7980, #198, #2649, #9824 ) ) ;
#11637 = DIRECTION ( 'NONE',  ( 0.7071067811865584529, 0.000000000000000000, -0.7071067811865365815 ) ) ;
#11638 = VECTOR ( 'NONE', #10878, 1000.000000000000000 ) ;
#11639 = AXIS2_PLACEMENT_3D ( 'NONE', #8023, #6856, #1627 ) ;
#11640 = AXIS2_PLACEMENT_3D ( 'NONE', #9297, #12729, #12527 ) ;
#11641 = CARTESIAN_POINT ( 'NONE',  ( 1.750000000000000666, 0.06250000000000000000, -3.752999999999999226 ) ) ;
#11642 = SURFACE_STYLE_FILL_AREA ( #7439 ) ;
#11643 = PRESENTATION_STYLE_ASSIGNMENT (( #7440 ) ) ;
#11644 = CARTESIAN_POINT ( 'NONE',  ( 2.149999999999999911, 0.1125000000000000028, -8.125000000000000000 ) ) ;
#11645 = VECTOR ( 'NONE', #504, 1000.000000000000000 ) ;
#11646 = ORIENTED_EDGE ( 'NONE', *, *, #2503, .F. ) ;
#11647 = LINE ( 'NONE', #11575, #11429 ) ;
#11648 = VECTOR ( 'NONE', #11919, 1000.000000000000000 ) ;
#11649 = CARTESIAN_POINT ( 'NONE',  ( -2.200000000000000178, 0.1125000000000000028, -5.012999999999999901 ) ) ;
#11650 = FACE_OUTER_BOUND ( 'NONE', #4054, .T. ) ;
#11651 = DIRECTION ( 'NONE',  ( 1.000000000000000000, 0.000000000000000000, 0.000000000000000000 ) ) ;
#11652 = PLANE ( 'NONE',  #11863 ) ;
#11653 = ORIENTED_EDGE ( 'NONE', *, *, #10435, .F. ) ;
#11654 = ADVANCED_FACE ( 'NONE', ( #5281 ), #4443, .F. ) ;
#11655 = ORIENTED_EDGE ( 'NONE', *, *, #10851, .F. ) ;
#11656 = ORIENTED_EDGE ( 'NONE', *, *, #3422, .F. ) ;
#11657 = VECTOR ( 'NONE', #7364, 1000.000000000000000 ) ;
#11658 = LINE ( 'NONE', #11727, #6666 ) ;
#11659 = DIRECTION ( 'NONE',  ( 0.000000000000000000, 1.000000000000000000, 0.000000000000000000 ) ) ;
#11660 = ORIENTED_EDGE ( 'NONE', *, *, #4215, .T. ) ;
#11661 = LINE ( 'NONE', #168, #651 ) ;
#11662 =( LENGTH_UNIT ( ) NAMED_UNIT ( * ) SI_UNIT ( .MILLI., .METRE. ) );
#11663 = DIRECTION ( 'NONE',  ( -1.000000000000000000, 0.000000000000000000, 0.000000000000000000 ) ) ;
#11664 = CARTESIAN_POINT ( 'NONE',  ( -3.887500000000004174, 0.06250000000000000000, -3.887500000000029043 ) ) ;
#11665 = ORIENTED_EDGE ( 'NONE', *, *, #6052, .F. ) ;
#11666 = ORIENTED_EDGE ( 'NONE', *, *, #992, .T. ) ;
#11667 = ADVANCED_FACE ( 'NONE', ( #3341 ), #6303, .F. ) ;
#11668 = CARTESIAN_POINT ( 'NONE',  ( -2.200000000000000622, 0.2530000000000000027, 6.300000000000001599 ) ) ;
#11669 = ADVANCED_FACE ( 'NONE', ( #2170 ), #6382, .F. ) ;
#11670 = DIRECTION ( 'NONE',  ( -0.000000000000000000, 1.000000000000000000, -0.000000000000000000 ) ) ;
#11671 = ORIENTED_EDGE ( 'NONE', *, *, #641, .T. ) ;
#11672 = EDGE_CURVE ( 'NONE', #11504, #7820, #10649, .T. ) ;
#11673 = FACE_OUTER_BOUND ( 'NONE', #9053, .T. ) ;
#11674 = DIRECTION ( 'NONE',  ( -0.7071067811865584529, 0.000000000000000000, -0.7071067811865365815 ) ) ;
#11675 = VECTOR ( 'NONE', #3179, 1000.000000000000000 ) ;
#11676 = CARTESIAN_POINT ( 'NONE',  ( 2.574999999999998845, 0.2530000000000000027, -8.875000000000000000 ) ) ;
#11677 =( LENGTH_UNIT ( ) NAMED_UNIT ( * ) SI_UNIT ( .MILLI., .METRE. ) );
#11678 = CARTESIAN_POINT ( 'NONE',  ( -1.114999999999999547, 0.1125000000000000028, -0.000000000000000000 ) ) ;
#11679 = PLANE ( 'NONE',  #1728 ) ;
#11680 = CARTESIAN_POINT ( 'NONE',  ( -2.150000000000001688, 0.2530000000000000027, -9.799999999999998934 ) ) ;
#11681 = CARTESIAN_POINT ( 'NONE',  ( -2.575000000000001066, 0.2530000000000000027, -8.500000000000000000 ) ) ;
#11682 = VERTEX_POINT ( 'NONE', #4646 ) ;
#11683 = DIRECTION ( 'NONE',  ( -1.000000000000000000, 0.000000000000000000, 0.000000000000000000 ) ) ;
#11684 = DIRECTION ( 'NONE',  ( -0.000000000000000000, -1.000000000000000000, -0.000000000000000000 ) ) ;
#11685 = ORIENTED_EDGE ( 'NONE', *, *, #9397, .F. ) ;
#11686 = LINE ( 'NONE', #1358, #2892 ) ;
#11687 = EDGE_CURVE ( 'NONE', #3368, #8922, #8919, .T. ) ;
#11688 = CLOSED_SHELL ( 'NONE', ( #8163, #9745, #11602, #1060, #3845, #7756 ) ) ;
#11689 = CARTESIAN_POINT ( 'NONE',  ( -2.200000000000000622, 0.2530000000000000027, 10.00000000000000000 ) ) ;
#11690 = EDGE_CURVE ( 'NONE', #7931, #9601, #5758, .T. ) ;
#11691 = ORIENTED_EDGE ( 'NONE', *, *, #9931, .F. ) ;
#11692 = AXIS2_PLACEMENT_3D ( 'NONE', #7101, #5237, #6012 ) ;
#11693 = ORIENTED_EDGE ( 'NONE', *, *, #5860, .F. ) ;
#11694 = EDGE_CURVE ( 'NONE', #1407, #13522, #10028, .T. ) ;
#11695 = ORIENTED_EDGE ( 'NONE', *, *, #5040, .T. ) ;
#11696 = CARTESIAN_POINT ( 'NONE',  ( 0.9943145750507611513, 1.089999999999999858, 9.299999999999998934 ) ) ;
#11697 = CARTESIAN_POINT ( 'NONE',  ( -2.150000000000000799, 0.2530000000000000027, -6.987373870972730217 ) ) ;
#11698 = FACE_OUTER_BOUND ( 'NONE', #4097, .T. ) ;
#11699 = VECTOR ( 'NONE', #12107, 1000.000000000000000 ) ;
#11700 = VECTOR ( 'NONE', #8098, 1000.000000000000000 ) ;
#11701 = VERTEX_POINT ( 'NONE', #3462 ) ;
#11702 = EDGE_LOOP ( 'NONE', ( #10036, #4607, #8203, #10165 ) ) ;
#11703 = DIRECTION ( 'NONE',  ( -0.000000000000000000, 0.000000000000000000, 1.000000000000000000 ) ) ;
#11704 = CARTESIAN_POINT ( 'NONE',  ( 0.7799999999999994715, 0.1125000000000000028, -8.424999999999997158 ) ) ;
#11705 = ORIENTED_EDGE ( 'NONE', *, *, #6057, .T. ) ;
#11706 = DIRECTION ( 'NONE',  ( 0.000000000000000000, 0.000000000000000000, -1.000000000000000000 ) ) ;
#11707 = CARTESIAN_POINT ( 'NONE',  ( 0.1500000000000083489, 0.06250000000000000000, -1.626303258728347617E-16 ) ) ;
#11708 = EDGE_CURVE ( 'NONE', #8606, #2296, #5683, .T. ) ;
#11709 = ORIENTED_EDGE ( 'NONE', *, *, #12188, .F. ) ;
#11710 = ADVANCED_FACE ( 'NONE', ( #7805 ), #3672, .F. ) ;
#11711 = PLANE ( 'NONE',  #3450 ) ;
#11712 = AXIS2_PLACEMENT_3D ( 'NONE', #4374, #11539, #4503 ) ;
#11713 = DIRECTION ( 'NONE',  ( 0.000000000000000000, -0.000000000000000000, -1.000000000000000000 ) ) ;
#11714 =( NAMED_UNIT ( * ) SI_UNIT ( $, .STERADIAN. ) SOLID_ANGLE_UNIT ( ) );
#11715 = DIRECTION ( 'NONE',  ( 1.000000000000000000, 0.000000000000000000, 2.693669993752817464E-16 ) ) ;
#11716 = ORIENTED_EDGE ( 'NONE', *, *, #9093, .T. ) ;
#11717 = CARTESIAN_POINT ( 'NONE',  ( 1.829999999999999183, 0.4780000000000000360, 1.695000000000000062 ) ) ;
#11718 = VECTOR ( 'NONE', #6031, 1000.000000000000000 ) ;
#11719 = CARTESIAN_POINT ( 'NONE',  ( -1.620000000000000773, 0.06250000000000000000, -8.424999999999997158 ) ) ;
#11720 = DIRECTION ( 'NONE',  ( 0.7071067811865497932, 0.000000000000000000, -0.7071067811865452413 ) ) ;
#11721 = PLANE ( 'NONE',  #2435 ) ;
#11722 = FACE_OUTER_BOUND ( 'NONE', #773, .T. ) ;
#11723 = ORIENTED_EDGE ( 'NONE', *, *, #10006, .F. ) ;
#11724 = VERTEX_POINT ( 'NONE', #10850 ) ;
#11725 = ORIENTED_EDGE ( 'NONE', *, *, #1325, .F. ) ;
#11726 = MECHANICAL_DESIGN_GEOMETRIC_PRESENTATION_REPRESENTATION (  '', ( #524 ), #11943 ) ;
#11727 = CARTESIAN_POINT ( 'NONE',  ( 1.867500000000004823, 0.06250000000000000000, 0.000000000000000000 ) ) ;
#11728 = LINE ( 'NONE', #6503, #7384 ) ;
#11729 = VERTEX_POINT ( 'NONE', #7745 ) ;
#11730 = DIRECTION ( 'NONE',  ( 1.000000000000000000, 0.000000000000000000, 0.000000000000000000 ) ) ;
#11731 =( NAMED_UNIT ( * ) SI_UNIT ( $, .STERADIAN. ) SOLID_ANGLE_UNIT ( ) );
#11732 = DIRECTION ( 'NONE',  ( 0.000000000000000000, 1.000000000000000000, 0.000000000000000000 ) ) ;
#11733 = ORIENTED_EDGE ( 'NONE', *, *, #3581, .T. ) ;
#11734 = VERTEX_POINT ( 'NONE', #11946 ) ;
#11735 = CARTESIAN_POINT ( 'NONE',  ( -2.150000000000000799, 0.000000000000000000, -8.125000000000000000 ) ) ;
#11736 = CARTESIAN_POINT ( 'NONE',  ( 1.429999999999998828, 0.2530000000000000027, 1.694999999999999840 ) ) ;
#11737 = ORIENTED_EDGE ( 'NONE', *, *, #7131, .T. ) ;
#11738 = FACE_OUTER_BOUND ( 'NONE', #9520, .T. ) ;
#11739 = CARTESIAN_POINT ( 'NONE',  ( -0.2249999999999995060, 0.1125000000000000028, -9.875000000000000000 ) ) ;
#11740 = ADVANCED_FACE ( 'NONE', ( #9886 ), #13114, .F. ) ;
#11741 = ADVANCED_FACE ( 'NONE', ( #3536 ), #529, .T. ) ;
#11742 = LINE ( 'NONE', #6455, #13383 ) ;
#11743 = CARTESIAN_POINT ( 'NONE',  ( 0.2000000000000000944, 0.06250000000000000000, -3.402999999999999581 ) ) ;
#11744 = FACE_OUTER_BOUND ( 'NONE', #12696, .T. ) ;
#11745 = DIRECTION ( 'NONE',  ( 0.7071067811865628938, 0.000000000000000000, 0.7071067811865321406 ) ) ;
#11746 = LINE ( 'NONE', #2176, #9060 ) ;
#11747 = ADVANCED_FACE ( 'NONE', ( #8776 ), #6778, .T. ) ;
#11748 = FILL_AREA_STYLE ('',( #7557 ) ) ;
#11749 = VERTEX_POINT ( 'NONE', #12080 ) ;
#11750 = FILL_AREA_STYLE ('',( #2307 ) ) ;
#11751 = DIRECTION ( 'NONE',  ( -1.000000000000000000, 0.000000000000000000, 0.000000000000000000 ) ) ;
#11752 = VERTEX_POINT ( 'NONE', #6714 ) ;
#11753 = FACE_OUTER_BOUND ( 'NONE', #6508, .T. ) ;
#11754 = CARTESIAN_POINT ( 'NONE',  ( 1.742500000000004379, 0.06250000000000000000, -9.025000000000002132 ) ) ;
#11755 = ORIENTED_EDGE ( 'NONE', *, *, #7478, .F. ) ;
#11756 = ORIENTED_EDGE ( 'NONE', *, *, #974, .T. ) ;
#11757 = ORIENTED_EDGE ( 'NONE', *, *, #6701, .T. ) ;
#11758 = DIRECTION ( 'NONE',  ( -0.000000000000000000, -1.000000000000000000, -0.000000000000000000 ) ) ;
#11759 = LINE ( 'NONE', #7570, #11856 ) ;
#11760 = EDGE_CURVE ( 'NONE', #2780, #5847, #10910, .T. ) ;
#11761 = EDGE_CURVE ( 'NONE', #13200, #10388, #7949, .T. ) ;
#11762 = SURFACE_SIDE_STYLE ('',( #6475 ) ) ;
#11763 = DIRECTION ( 'NONE',  ( 0.000000000000000000, 1.000000000000000000, 0.000000000000000000 ) ) ;
#11764 = ADVANCED_FACE ( 'NONE', ( #1410 ), #11059, .T. ) ;
#11765 = ADVANCED_FACE ( 'NONE', ( #5892 ), #5621, .F. ) ;
#11766 = ORIENTED_EDGE ( 'NONE', *, *, #11408, .F. ) ;
#11767 = ORIENTED_EDGE ( 'NONE', *, *, #8848, .F. ) ;
#11768 = CARTESIAN_POINT ( 'NONE',  ( 0.000000000000000000, 0.06250000000000000000, -4.753000000000000114 ) ) ;
#11769 = LINE ( 'NONE', #3426, #10551 ) ;
#11770 = VERTEX_POINT ( 'NONE', #12153 ) ;
#11771 = DIRECTION ( 'NONE',  ( 0.000000000000000000, 0.000000000000000000, -1.000000000000000000 ) ) ;
#11772 = LINE ( 'NONE', #5451, #12764 ) ;
#11773 = ORIENTED_EDGE ( 'NONE', *, *, #7884, .F. ) ;
#11774 = CARTESIAN_POINT ( 'NONE',  ( -0.4500000000000001221, 0.06250000000000000000, -2.403000000000000025 ) ) ;
#11775 = DIRECTION ( 'NONE',  ( -0.000000000000000000, -0.000000000000000000, 1.000000000000000000 ) ) ;
#11776 = ADVANCED_FACE ( 'NONE', ( #2714 ), #1687, .T. ) ;
#11777 =( NAMED_UNIT ( * ) PLANE_ANGLE_UNIT ( ) SI_UNIT ( $, .RADIAN. ) );
#11778 = CARTESIAN_POINT ( 'NONE',  ( 2.199999999999999734, 0.4780000000000000360, -6.850000000000000533 ) ) ;
#11779 = EDGE_CURVE ( 'NONE', #1822, #453, #377, .T. ) ;
#11780 = DIRECTION ( 'NONE',  ( -0.000000000000000000, 1.000000000000000000, -0.000000000000000000 ) ) ;
#11781 = EDGE_CURVE ( 'NONE', #6667, #6846, #2027, .T. ) ;
#11782 = ORIENTED_EDGE ( 'NONE', *, *, #3828, .F. ) ;
#11783 = CARTESIAN_POINT ( 'NONE',  ( 1.250000000000000222, 0.06250000000000000000, 0.000000000000000000 ) ) ;
#11784 = DIRECTION ( 'NONE',  ( -1.000000000000000000, -0.000000000000000000, 3.469446951953515108E-14 ) ) ;
#11785 = VECTOR ( 'NONE', #3881, 1000.000000000000000 ) ;
#11786 = CARTESIAN_POINT ( 'NONE',  ( 0.7499999999999988898, 0.06250000000000000000, -9.124999999999998224 ) ) ;
#11787 = LINE ( 'NONE', #3382, #13629 ) ;
#11788 = EDGE_LOOP ( 'NONE', ( #9105, #606, #4806, #715 ) ) ;
#11789 = ORIENTED_EDGE ( 'NONE', *, *, #11687, .F. ) ;
#11790 = CARTESIAN_POINT ( 'NONE',  ( -0.3750000000000003331, 0.1125000000000000028, -9.070000000000003837 ) ) ;
#11791 = VECTOR ( 'NONE', #7139, 1000.000000000000000 ) ;
#11792 = CARTESIAN_POINT ( 'NONE',  ( 4.787499999999999645, 0.1125000000000000028, -4.787500000000030731 ) ) ;
#11793 = EDGE_CURVE ( 'NONE', #2189, #3698, #9059, .T. ) ;
#11794 = CARTESIAN_POINT ( 'NONE',  ( 1.050000000000005373, 0.06250000000000000000, -9.724999999999999645 ) ) ;
#11795 = FACE_OUTER_BOUND ( 'NONE', #10717, .T. ) ;
#11796 = CARTESIAN_POINT ( 'NONE',  ( -0.3019999999999982143, 2.080000000000000071, 9.330000000000000071 ) ) ;
#11797 = CARTESIAN_POINT ( 'NONE',  ( -0.5150000000000006795, 0.06250000000000000000, -7.653000000000000469 ) ) ;
#11798 = VECTOR ( 'NONE', #6826, 1000.000000000000000 ) ;
#11799 = VERTEX_POINT ( 'NONE', #7179 ) ;
#11800 = VERTEX_POINT ( 'NONE', #13394 ) ;
#11801 = AXIS2_PLACEMENT_3D ( 'NONE', #7045, #4981, #13378 ) ;
#11802 = LINE ( 'NONE', #10025, #7633 ) ;
#11803 = ORIENTED_EDGE ( 'NONE', *, *, #4947, .T. ) ;
#11804 = DIRECTION ( 'NONE',  ( -0.000000000000000000, -1.000000000000000000, -0.000000000000000000 ) ) ;
#11805 = DIRECTION ( 'NONE',  ( -0.3420201433256688239, 0.000000000000000000, 0.9396926207859083169 ) ) ;
#11806 = LINE ( 'NONE', #2365, #3641 ) ;
#11807 = CARTESIAN_POINT ( 'NONE',  ( 0.6850000000000002753, 0.06250000000000000000, -7.653000000000000469 ) ) ;
#11808 = DIRECTION ( 'NONE',  ( 0.000000000000000000, 0.000000000000000000, 1.000000000000000000 ) ) ;
#11809 = DIRECTION ( 'NONE',  ( 0.7071067811865465735, 0.000000000000000000, -0.7071067811865485719 ) ) ;
#11810 = DIRECTION ( 'NONE',  ( -0.7071067811865804353, 0.000000000000000000, -0.7071067811865147101 ) ) ;
#11811 = CARTESIAN_POINT ( 'NONE',  ( -2.150000000000000799, 0.000000000000000000, -7.653000000000000469 ) ) ;
#11812 = ORIENTED_EDGE ( 'NONE', *, *, #7301, .F. ) ;
#11813 = CARTESIAN_POINT ( 'NONE',  ( 2.350000000000000089, 0.2530000000000000027, -8.125000000000000000 ) ) ;
#11814 = VECTOR ( 'NONE', #4565, 1000.000000000000000 ) ;
#11815 = ORIENTED_EDGE ( 'NONE', *, *, #1668, .F. ) ;
#11816 = LINE ( 'NONE', #4256, #7733 ) ;
#11817 = LINE ( 'NONE', #12657, #1111 ) ;
#11818 = EDGE_LOOP ( 'NONE', ( #3322, #8494, #6545, #2644 ) ) ;
#11819 = ORIENTED_EDGE ( 'NONE', *, *, #11875, .T. ) ;
#11820 = ADVANCED_FACE ( 'NONE', ( #796 ), #11257, .T. ) ;
#11821 = ORIENTED_EDGE ( 'NONE', *, *, #260, .F. ) ;
#11822 = ORIENTED_EDGE ( 'NONE', *, *, #8417, .F. ) ;
#11823 = ADVANCED_FACE ( 'NONE', ( #12487 ), #935, .T. ) ;
#11824 = PLANE ( 'NONE',  #9859 ) ;
#11825 = FACE_OUTER_BOUND ( 'NONE', #12536, .T. ) ;
#11826 = FACE_OUTER_BOUND ( 'NONE', #4036, .T. ) ;
#11827 = VERTEX_POINT ( 'NONE', #13265 ) ;
#11828 = COLOUR_RGB ( '',1.000000000000000000, 0.8117647058823529438, 0.5019607843137254832 ) ;
#11829 = ORIENTED_EDGE ( 'NONE', *, *, #313, .T. ) ;
#11830 = PLANE ( 'NONE',  #9680 ) ;
#11831 = VECTOR ( 'NONE', #8258, 1000.000000000000000 ) ;
#11832 = PLANE ( 'NONE',  #10333 ) ;
#11833 = ORIENTED_EDGE ( 'NONE', *, *, #13035, .T. ) ;
#11834 = DIRECTION ( 'NONE',  ( -1.000000000000000000, 0.000000000000000000, -0.000000000000000000 ) ) ;
#11835 = CARTESIAN_POINT ( 'NONE',  ( -1.125000000000028644, 0.06250000000000000000, -3.252606517456577594E-15 ) ) ;
#11836 = EDGE_LOOP ( 'NONE', ( #13599, #5403, #1256, #4398 ) ) ;
#11837 = AXIS2_PLACEMENT_3D ( 'NONE', #12915, #3469, #10858 ) ;
#11838 = EDGE_CURVE ( 'NONE', #11799, #5969, #3878, .T. ) ;
#11839 = LINE ( 'NONE', #4414, #7200 ) ;
#11840 = ADVANCED_FACE ( 'NONE', ( #2778 ), #7254, .T. ) ;
#11841 = EDGE_CURVE ( 'NONE', #5335, #8878, #3811, .T. ) ;
#11842 = AXIS2_PLACEMENT_3D ( 'NONE', #3019, #7226, #1306 ) ;
#11843 = VECTOR ( 'NONE', #13300, 1000.000000000000000 ) ;
#11844 = CARTESIAN_POINT ( 'NONE',  ( -0.5250000000000011324, 0.06250000000000000000, -9.799999999999998934 ) ) ;
#11845 = AXIS2_PLACEMENT_3D ( 'NONE', #11511, #1035, #8418 ) ;
#11846 =( LENGTH_UNIT ( ) NAMED_UNIT ( * ) SI_UNIT ( .MILLI., .METRE. ) );
#11847 = LINE ( 'NONE', #5459, #5685 ) ;
#11848 = VERTEX_POINT ( 'NONE', #13463 ) ;
#11849 = DIRECTION ( 'NONE',  ( 1.000000000000000000, 0.000000000000000000, 0.000000000000000000 ) ) ;
#11850 = PLANE ( 'NONE',  #2609 ) ;
#11851 =( NAMED_UNIT ( * ) PLANE_ANGLE_UNIT ( ) SI_UNIT ( $, .RADIAN. ) );
#11852 = VECTOR ( 'NONE', #2638, 1000.000000000000000 ) ;
#11853 = FACE_OUTER_BOUND ( 'NONE', #5666, .T. ) ;
#11854 = VECTOR ( 'NONE', #4449, 1000.000000000000000 ) ;
#11855 = ORIENTED_EDGE ( 'NONE', *, *, #4783, .F. ) ;
#11856 = VECTOR ( 'NONE', #4468, 1000.000000000000000 ) ;
#11857 = EDGE_CURVE ( 'NONE', #989, #11978, #13527, .T. ) ;
#11858 = EDGE_CURVE ( 'NONE', #9299, #13118, #12362, .T. ) ;
#11859 = ORIENTED_EDGE ( 'NONE', *, *, #6791, .F. ) ;
#11860 = VECTOR ( 'NONE', #9177, 1000.000000000000000 ) ;
#11861 = ADVANCED_FACE ( 'NONE', ( #4857 ), #6986, .F. ) ;
#11862 = CARTESIAN_POINT ( 'NONE',  ( -0.9750000000000026423, 0.1125000000000000028, -2.626328243909004028E-16 ) ) ;
#11863 = AXIS2_PLACEMENT_3D ( 'NONE', #5604, #5541, #12892 ) ;
#11864 = CARTESIAN_POINT ( 'NONE',  ( -1.942500000000000115, 0.06250000000000000000, -9.724999999999999645 ) ) ;
#11865 = CIRCLE ( 'NONE', #7687, 0.3999999999999995226 ) ;
#11866 = LINE ( 'NONE', #6841, #8048 ) ;
#11867 = DIRECTION ( 'NONE',  ( 1.000000000000000000, 0.000000000000000000, 0.000000000000000000 ) ) ;
#11868 = DIRECTION ( 'NONE',  ( 0.000000000000000000, 1.000000000000000000, 0.000000000000000000 ) ) ;
#11869 = CARTESIAN_POINT ( 'NONE',  ( -4.602499999999984936, 0.06250000000000000000, -4.602500000000127045 ) ) ;
#11870 = VERTEX_POINT ( 'NONE', #1758 ) ;
#11871 = VERTEX_POINT ( 'NONE', #10296 ) ;
#11872 = VECTOR ( 'NONE', #11, 1000.000000000000000 ) ;
#11873 = DIRECTION ( 'NONE',  ( 0.000000000000000000, 1.000000000000000000, 0.000000000000000000 ) ) ;
#11874 = ORIENTED_EDGE ( 'NONE', *, *, #5824, .F. ) ;
#11875 = EDGE_CURVE ( 'NONE', #11055, #2296, #12218, .T. ) ;
#11876 = DIRECTION ( 'NONE',  ( 8.673617379884033007E-17, 0.000000000000000000, 1.000000000000000000 ) ) ;
#11877 = FACE_OUTER_BOUND ( 'NONE', #11836, .T. ) ;
#11878 = CARTESIAN_POINT ( 'NONE',  ( 0.8499999999999995337, 0.4780000000000000360, 4.299999999999999822 ) ) ;
#11879 = AXIS2_PLACEMENT_3D ( 'NONE', #2311, #392, #1490 ) ;
#11880 =( NAMED_UNIT ( * ) SI_UNIT ( $, .STERADIAN. ) SOLID_ANGLE_UNIT ( ) );
#11881 = LINE ( 'NONE', #320, #12951 ) ;
#11882 = VECTOR ( 'NONE', #8388, 1000.000000000000000 ) ;
#11883 = LINE ( 'NONE', #1351, #7433 ) ;
#11884 = CARTESIAN_POINT ( 'NONE',  ( 0.000000000000000000, 0.06250000000000000000, -2.403000000000000025 ) ) ;
#11885 = LINE ( 'NONE', #12855, #1149 ) ;
#11886 = ORIENTED_EDGE ( 'NONE', *, *, #1197, .T. ) ;
#11887 = PRESENTATION_STYLE_ASSIGNMENT (( #7686 ) ) ;
#11888 = ORIENTED_EDGE ( 'NONE', *, *, #11425, .F. ) ;
#11889 = FACE_OUTER_BOUND ( 'NONE', #11958, .T. ) ;
#11890 = CARTESIAN_POINT ( 'NONE',  ( -0.4200000000000015388, 0.1125000000000000028, -0.000000000000000000 ) ) ;
#11891 = ORIENTED_EDGE ( 'NONE', *, *, #4851, .T. ) ;
#11892 = VERTEX_POINT ( 'NONE', #737 ) ;
#11893 = ORIENTED_EDGE ( 'NONE', *, *, #9258, .T. ) ;
#11894 = VECTOR ( 'NONE', #13277, 1000.000000000000000 ) ;
#11895 = ORIENTED_EDGE ( 'NONE', *, *, #5270, .F. ) ;
#11896 = AXIS2_PLACEMENT_3D ( 'NONE', #13305, #1665, #1599 ) ;
#11897 = CARTESIAN_POINT ( 'NONE',  ( -0.08500000000003044009, 0.1125000000000000028, -3.501222755110490344E-16 ) ) ;
#11898 = FACE_OUTER_BOUND ( 'NONE', #3783, .T. ) ;
#11899 = ADVANCED_FACE ( 'NONE', ( #9128 ), #13323, .F. ) ;
#11900 = DIRECTION ( 'NONE',  ( 1.000000000000000000, 0.000000000000000000, -0.000000000000000000 ) ) ;
#11901 = VERTEX_POINT ( 'NONE', #2846 ) ;
#11902 = AXIS2_PLACEMENT_3D ( 'NONE', #5693, #2719, #4788 ) ;
#11903 = CLOSED_SHELL ( 'NONE', ( #10167, #4198, #5562, #7971, #6, #1147 ) ) ;
#11904 = VERTEX_POINT ( 'NONE', #7056 ) ;
#11905 = PLANE ( 'NONE',  #11444 ) ;
#11906 = AXIS2_PLACEMENT_3D ( 'NONE', #10546, #5528, #11706 ) ;
#11907 = LINE ( 'NONE', #2469, #4819 ) ;
#11908 = ORIENTED_EDGE ( 'NONE', *, *, #975, .T. ) ;
#11909 = PLANE ( 'NONE',  #5544 ) ;
#11910 = DIRECTION ( 'NONE',  ( 1.000000000000000000, 0.000000000000000000, 0.000000000000000000 ) ) ;
#11911 = ORIENTED_EDGE ( 'NONE', *, *, #5207, .F. ) ;
#11912 = CARTESIAN_POINT ( 'NONE',  ( -4.722500000000008136, 0.06250000000000000000, -4.722499999999850040 ) ) ;
#11913 = VECTOR ( 'NONE', #6598, 1000.000000000000000 ) ;
#11914 = LINE ( 'NONE', #4541, #6133 ) ;
#11915 = PLANE ( 'NONE',  #10965 ) ;
#11916 = EDGE_CURVE ( 'NONE', #8101, #8255, #2915, .T. ) ;
#11917 = EDGE_CURVE ( 'NONE', #5373, #13036, #863, .T. ) ;
#11918 = VERTEX_POINT ( 'NONE', #12428 ) ;
#11919 = DIRECTION ( 'NONE',  ( -0.000000000000000000, 1.000000000000000000, -0.000000000000000000 ) ) ;
#11920 = FACE_OUTER_BOUND ( 'NONE', #4553, .T. ) ;
#11921 = STYLED_ITEM ( 'NONE', ( #940 ), #805 ) ;
#11922 = EDGE_CURVE ( 'NONE', #13192, #6788, #11386, .T. ) ;
#11923 = CARTESIAN_POINT ( 'NONE',  ( 0.000000000000000000, 0.06250000000000000000, 0.000000000000000000 ) ) ;
#11924 = VECTOR ( 'NONE', #9692, 1000.000000000000000 ) ;
#11925 = DIRECTION ( 'NONE',  ( 1.000000000000000000, -0.000000000000000000, 2.710505431213760099E-16 ) ) ;
#11926 = AXIS2_PLACEMENT_3D ( 'NONE', #1550, #4719, #11876 ) ;
#11927 = ORIENTED_EDGE ( 'NONE', *, *, #3333, .F. ) ;
#11928 = ORIENTED_EDGE ( 'NONE', *, *, #10062, .T. ) ;
#11929 = DIRECTION ( 'NONE',  ( -0.000000000000000000, -0.000000000000000000, -1.000000000000000000 ) ) ;
#11930 = VECTOR ( 'NONE', #1747, 1000.000000000000000 ) ;
#11931 = CARTESIAN_POINT ( 'NONE',  ( 2.149999999999999911, 0.2530000000000000027, 6.299999999999999822 ) ) ;
#11932 = AXIS2_PLACEMENT_3D ( 'NONE', #4704, #8903, #3656 ) ;
#11933 = EDGE_CURVE ( 'NONE', #8965, #11729, #10695, .T. ) ;
#11934 = EDGE_CURVE ( 'NONE', #12833, #13057, #7103, .T. ) ;
#11935 = CARTESIAN_POINT ( 'NONE',  ( 0.8499999999999995337, 0.4780000000000000360, 4.299999999999999822 ) ) ;
#11936 = ORIENTED_EDGE ( 'NONE', *, *, #5045, .T. ) ;
#11937 = CARTESIAN_POINT ( 'NONE',  ( -0.8019999999999982698, 2.880000000000000338, 9.054631419979587648 ) ) ;
#11938 = CARTESIAN_POINT ( 'NONE',  ( 0.4499999999999942935, 0.06250000000000000000, 4.878909776184709802E-16 ) ) ;
#11939 = FACE_OUTER_BOUND ( 'NONE', #5161, .T. ) ;
#11940 = ADVANCED_FACE ( 'NONE', ( #990 ), #7597, .F. ) ;
#11941 = ORIENTED_EDGE ( 'NONE', *, *, #10925, .T. ) ;
#11942 = ORIENTED_EDGE ( 'NONE', *, *, #8726, .F. ) ;
#11943 =( GEOMETRIC_REPRESENTATION_CONTEXT ( 3 ) GLOBAL_UNCERTAINTY_ASSIGNED_CONTEXT ( ( #9360 ) ) GLOBAL_UNIT_ASSIGNED_CONTEXT ( ( #1782, #5780, #11282 ) ) REPRESENTATION_CONTEXT ( 'NONE', 'WORKASPACE' ) );
#11944 = CARTESIAN_POINT ( 'NONE',  ( -1.125000000000000222, 0.06250000000000000000, -9.799999999999998934 ) ) ;
#11945 = ORIENTED_EDGE ( 'NONE', *, *, #5449, .F. ) ;
#11946 = CARTESIAN_POINT ( 'NONE',  ( 0.5500000000000035971, 0.06250000000000000000, -8.424999999999997158 ) ) ;
#11947 =( LENGTH_UNIT ( ) NAMED_UNIT ( * ) SI_UNIT ( .MILLI., .METRE. ) );
#11948 = CARTESIAN_POINT ( 'NONE',  ( -0.7000000000000002887, 0.06250000000000000000, 0.000000000000000000 ) ) ;
#11949 = VECTOR ( 'NONE', #5271, 1000.000000000000000 ) ;
#11950 = EDGE_CURVE ( 'NONE', #2257, #11969, #8629, .T. ) ;
#11951 = CARTESIAN_POINT ( 'NONE',  ( -2.350000000000000977, 0.2530000000000000027, -8.325000000000001066 ) ) ;
#11952 = CARTESIAN_POINT ( 'NONE',  ( -2.200000000000000622, 0.4780000000000000360, -6.850000000000000533 ) ) ;
#11953 = CARTESIAN_POINT ( 'NONE',  ( -0.3019999999999989360, 2.080000000000000071, 9.429999999999999716 ) ) ;
#11954 = ADVANCED_FACE ( 'NONE', ( #7532 ), #12835, .F. ) ;
#11955 = CARTESIAN_POINT ( 'NONE',  ( -2.200000000000000178, 0.000000000000000000, -5.012999999999999901 ) ) ;
#11956 = ORIENTED_EDGE ( 'NONE', *, *, #4632, .T. ) ;
#11957 = PLANE ( 'NONE',  #2423 ) ;
#11958 = EDGE_LOOP ( 'NONE', ( #5762, #2205, #2262, #595 ) ) ;
#11959 = DIRECTION ( 'NONE',  ( 0.000000000000000000, 0.000000000000000000, 1.000000000000000000 ) ) ;
#11960 = LINE ( 'NONE', #6932, #3090 ) ;
#11961 = EDGE_LOOP ( 'NONE', ( #13112, #3667, #12052, #1426 ) ) ;
#11962 = ORIENTED_EDGE ( 'NONE', *, *, #1185, .F. ) ;
#11963 = ORIENTED_EDGE ( 'NONE', *, *, #2316, .T. ) ;
#11964 = ORIENTED_EDGE ( 'NONE', *, *, #1986, .T. ) ;
#11965 = DIRECTION ( 'NONE',  ( 2.693669993752811547E-16, 0.000000000000000000, -1.000000000000000000 ) ) ;
#11966 = CARTESIAN_POINT ( 'NONE',  ( -0.5019999999999983364, 2.979999999999999982, 7.875500200160160169 ) ) ;
#11967 = LINE ( 'NONE', #2525, #7208 ) ;
#11968 = CARTESIAN_POINT ( 'NONE',  ( 0.000000000000000000, 0.06250000000000000000, 0.000000000000000000 ) ) ;
#11969 = VERTEX_POINT ( 'NONE', #4427 ) ;
#11970 = ORIENTED_EDGE ( 'NONE', *, *, #8334, .T. ) ;
#11971 = FACE_OUTER_BOUND ( 'NONE', #10406, .T. ) ;
#11972 = DIRECTION ( 'NONE',  ( -1.084202172485504828E-15, 0.000000000000000000, -1.000000000000000000 ) ) ;
#11973 = VERTEX_POINT ( 'NONE', #4152 ) ;
#11974 = CARTESIAN_POINT ( 'NONE',  ( 1.125000000000005329, 0.06250000000000000000, -9.799999999999998934 ) ) ;
#11975 = DIRECTION ( 'NONE',  ( -0.000000000000000000, 0.000000000000000000, -1.000000000000000000 ) ) ;
#11976 = ORIENTED_EDGE ( 'NONE', *, *, #6000, .F. ) ;
#11977 = LINE ( 'NONE', #5725, #9629 ) ;
#11978 = VERTEX_POINT ( 'NONE', #11790 ) ;
#11979 = DIRECTION ( 'NONE',  ( 0.7071067811865485719, 0.000000000000000000, 0.7071067811865465735 ) ) ;
#11980 = CARTESIAN_POINT ( 'NONE',  ( 0.9500000000000005107, 0.2530000000000000027, -1.543000000000000149 ) ) ;
#11981 = CARTESIAN_POINT ( 'NONE',  ( -0.8249999999999999556, 0.06250000000000000000, -9.875000000000000000 ) ) ;
#11982 = ORIENTED_EDGE ( 'NONE', *, *, #6224, .F. ) ;
#11983 = ORIENTED_EDGE ( 'NONE', *, *, #13298, .T. ) ;
#11984 = CARTESIAN_POINT ( 'NONE',  ( -2.200000000000000178, 0.1125000000000000028, -5.012999999999999901 ) ) ;
#11985 = DIRECTION ( 'NONE',  ( 0.7071067811865485719, 0.000000000000000000, 0.7071067811865465735 ) ) ;
#11986 = CARTESIAN_POINT ( 'NONE',  ( -0.8019999999999979368, 1.289999999999999591, 9.150000000000000355 ) ) ;
#11987 = CARTESIAN_POINT ( 'NONE',  ( 1.350000000000000755, 0.06250000000000000000, 0.000000000000000000 ) ) ;
#11988 = VERTEX_POINT ( 'NONE', #9388 ) ;
#11989 = ORIENTED_EDGE ( 'NONE', *, *, #9929, .F. ) ;
#11990 = EDGE_CURVE ( 'NONE', #2360, #4484, #12691, .T. ) ;
#11991 = PLANE ( 'NONE',  #8427 ) ;
#11992 = EDGE_CURVE ( 'NONE', #1443, #1392, #8365, .T. ) ;
#11993 = DIRECTION ( 'NONE',  ( 0.7071067811865356934, 0.000000000000000000, -0.7071067811865594521 ) ) ;
#11994 = DIRECTION ( 'NONE',  ( -2.710505431213760099E-16, 0.000000000000000000, -1.000000000000000000 ) ) ;
#11995 = ORIENTED_EDGE ( 'NONE', *, *, #11179, .T. ) ;
#11996 = DIRECTION ( 'NONE',  ( -0.000000000000000000, 1.000000000000000000, -0.000000000000000000 ) ) ;
#11997 = FACE_OUTER_BOUND ( 'NONE', #3580, .T. ) ;
#11998 = DIRECTION ( 'NONE',  ( 1.000000000000000000, 0.000000000000000000, 0.000000000000000000 ) ) ;
#11999 = ORIENTED_EDGE ( 'NONE', *, *, #4195, .F. ) ;
#12000 = DIRECTION ( 'NONE',  ( -0.000000000000000000, 1.000000000000000000, -0.000000000000000000 ) ) ;
#12001 = ORIENTED_EDGE ( 'NONE', *, *, #5620, .F. ) ;
#12002 = DIRECTION ( 'NONE',  ( 1.000000000000000000, 0.000000000000000000, -1.084202172485504631E-15 ) ) ;
#12003 = EDGE_LOOP ( 'NONE', ( #4159, #12585, #9974, #5695 ) ) ;
#12004 = EDGE_CURVE ( 'NONE', #7845, #160, #3248, .T. ) ;
#12005 = AXIS2_PLACEMENT_3D ( 'NONE', #2917, #11122, #10100 ) ;
#12006 = ADVANCED_FACE ( 'NONE', ( #3385 ), #162, .T. ) ;
#12007 = CARTESIAN_POINT ( 'NONE',  ( 0.000000000000000000, 0.06250000000000000000, 0.000000000000000000 ) ) ;
#12008 = EDGE_CURVE ( 'NONE', #8662, #7322, #5192, .T. ) ;
#12009 = VECTOR ( 'NONE', #6552, 1000.000000000000000 ) ;
#12010 = LINE ( 'NONE', #594, #12449 ) ;
#12011 = EDGE_LOOP ( 'NONE', ( #4368, #12238, #11737, #7596, #12570, #5453, #11493, #8916 ) ) ;
#12012 = DIRECTION ( 'NONE',  ( -2.647983596301103229E-15, 0.000000000000000000, -1.000000000000000000 ) ) ;
#12013 = CARTESIAN_POINT ( 'NONE',  ( -3.689539992968173167E-15, 0.06250000000000000000, -3.403000000000000913 ) ) ;
#12014 = LINE ( 'NONE', #10033, #8186 ) ;
#12015 = CARTESIAN_POINT ( 'NONE',  ( -4.302499999999993996, 0.1125000000000000028, -4.302500000000127223 ) ) ;
#12016 = VECTOR ( 'NONE', #6388, 1000.000000000000000 ) ;
#12017 = ORIENTED_EDGE ( 'NONE', *, *, #7808, .T. ) ;
#12018 = CARTESIAN_POINT ( 'NONE',  ( 0.5250000000000015765, 0.1125000000000000028, -9.875000000000000000 ) ) ;
#12019 = EDGE_LOOP ( 'NONE', ( #11766, #8299, #6800, #931 ) ) ;
#12020 = CARTESIAN_POINT ( 'NONE',  ( -2.575000000000001066, 0.1125000000000000028, -8.699999999999999289 ) ) ;
#12021 = CARTESIAN_POINT ( 'NONE',  ( -1.350000000000000089, 0.06250000000000000000, -9.125000000000000000 ) ) ;
#12022 = ORIENTED_EDGE ( 'NONE', *, *, #3083, .T. ) ;
#12023 = ORIENTED_EDGE ( 'NONE', *, *, #9088, .T. ) ;
#12024 = VERTEX_POINT ( 'NONE', #13587 ) ;
#12025 = EDGE_CURVE ( 'NONE', #8794, #11474, #11658, .T. ) ;
#12026 = EDGE_LOOP ( 'NONE', ( #7144, #12760, #5605, #6636 ) ) ;
#12027 = EDGE_CURVE ( 'NONE', #11336, #9225, #2286, .T. ) ;
#12028 = EDGE_CURVE ( 'NONE', #11848, #2534, #12562, .T. ) ;
#12029 = CARTESIAN_POINT ( 'NONE',  ( 2.199999999999999734, -0.2250000000000000056, 5.349999999999998757 ) ) ;
#12030 = LINE ( 'NONE', #3557, #13410 ) ;
#12031 = VECTOR ( 'NONE', #1108, 1000.000000000000114 ) ;
#12032 = FACE_OUTER_BOUND ( 'NONE', #5557, .T. ) ;
#12033 = VERTEX_POINT ( 'NONE', #10638 ) ;
#12034 = VECTOR ( 'NONE', #3272, 1000.000000000000000 ) ;
#12035 = ORIENTED_EDGE ( 'NONE', *, *, #12045, .T. ) ;
#12036 = LINE ( 'NONE', #10940, #6824 ) ;
#12037 = CARTESIAN_POINT ( 'NONE',  ( 4.837499999999979039, 0.1125000000000000028, -4.837500000000128253 ) ) ;
#12038 = ORIENTED_EDGE ( 'NONE', *, *, #7722, .T. ) ;
#12039 = CARTESIAN_POINT ( 'NONE',  ( 1.742500000000004157, 0.06250000000000000000, 0.000000000000000000 ) ) ;
#12040 = DIRECTION ( 'NONE',  ( -0.000000000000000000, 1.000000000000000000, -0.000000000000000000 ) ) ;
#12041 = VERTEX_POINT ( 'NONE', #7325 ) ;
#12042 = CARTESIAN_POINT ( 'NONE',  ( -0.8500000000000003109, 0.06250000000000000000, -3.752999999999999226 ) ) ;
#12043 = ORIENTED_EDGE ( 'NONE', *, *, #3036, .T. ) ;
#12044 = VECTOR ( 'NONE', #2908, 1000.000000000000000 ) ;
#12045 = EDGE_CURVE ( 'NONE', #11474, #3719, #1195, .T. ) ;
#12046 = VECTOR ( 'NONE', #10279, 1000.000000000000000 ) ;
#12047 = DIRECTION ( 'NONE',  ( -0.000000000000000000, 0.000000000000000000, -1.000000000000000000 ) ) ;
#12048 = AXIS2_PLACEMENT_3D ( 'NONE', #8181, #755, #6182 ) ;
#12049 = VECTOR ( 'NONE', #3842, 1000.000000000000000 ) ;
#12050 = DIRECTION ( 'NONE',  ( 1.000000000000000000, 0.000000000000000000, 0.000000000000000000 ) ) ;
#12051 = VERTEX_POINT ( 'NONE', #6501 ) ;
#12052 = ORIENTED_EDGE ( 'NONE', *, *, #3036, .F. ) ;
#12053 = DIRECTION ( 'NONE',  ( 0.000000000000000000, 0.000000000000000000, -1.000000000000000000 ) ) ;
#12054 = DIRECTION ( 'NONE',  ( 0.000000000000000000, 1.000000000000000000, 0.000000000000000000 ) ) ;
#12055 = AXIS2_PLACEMENT_3D ( 'NONE', #11063, #4723, #2782 ) ;
#12056 = DIRECTION ( 'NONE',  ( 0.7071067811865584529, 0.000000000000000000, -0.7071067811865365815 ) ) ;
#12057 = CARTESIAN_POINT ( 'NONE',  ( -1.020000000000002016, 0.1125000000000000028, -0.000000000000000000 ) ) ;
#12058 = ORIENTED_EDGE ( 'NONE', *, *, #6290, .T. ) ;
#12059 = ORIENTED_EDGE ( 'NONE', *, *, #5489, .T. ) ;
#12060 = VECTOR ( 'NONE', #354, 1000.000000000000000 ) ;
#12061 = CARTESIAN_POINT ( 'NONE',  ( -2.200000000000000622, 0.4780000000000000360, -6.850000000000000533 ) ) ;
#12062 = FACE_OUTER_BOUND ( 'NONE', #4534, .T. ) ;
#12063 = FACE_OUTER_BOUND ( 'NONE', #11788, .T. ) ;
#12064 = VECTOR ( 'NONE', #12197, 1000.000000000000000 ) ;
#12065 = EDGE_LOOP ( 'NONE', ( #9696, #9708, #8341, #2907 ) ) ;
#12066 = CARTESIAN_POINT ( 'NONE',  ( -1.350000000000000533, 0.4780000000000000360, 3.294999999999999041 ) ) ;
#12067 = VECTOR ( 'NONE', #8012, 1000.000000000000000 ) ;
#12068 = DIRECTION ( 'NONE',  ( -0.000000000000000000, -1.000000000000000000, -0.000000000000000000 ) ) ;
#12069 = CARTESIAN_POINT ( 'NONE',  ( 1.049999999999994715, 0.06250000000000000000, 1.138412281109774331E-15 ) ) ;
#12070 = EDGE_CURVE ( 'NONE', #1951, #10727, #5260, .T. ) ;
#12071 = AXIS2_PLACEMENT_3D ( 'NONE', #13443, #5047, #5873 ) ;
#12072 = ORIENTED_EDGE ( 'NONE', *, *, #10745, .T. ) ;
#12073 = DIRECTION ( 'NONE',  ( 1.000000000000000000, 0.000000000000000000, -1.084202172485504631E-15 ) ) ;
#12074 = ORIENTED_EDGE ( 'NONE', *, *, #6072, .F. ) ;
#12075 = DIRECTION ( 'NONE',  ( -0.000000000000000000, 1.000000000000000000, -0.000000000000000000 ) ) ;
#12076 = ORIENTED_EDGE ( 'NONE', *, *, #11445, .F. ) ;
#12077 = AXIS2_PLACEMENT_3D ( 'NONE', #3470, #4724, #9066 ) ;
#12078 = VECTOR ( 'NONE', #2113, 1000.000000000000000 ) ;
#12079 = AXIS2_PLACEMENT_3D ( 'NONE', #8055, #2064, #839 ) ;
#12080 = CARTESIAN_POINT ( 'NONE',  ( -1.020000000000002016, 0.06250000000000000000, -9.025000000000000355 ) ) ;
#12081 = AXIS2_PLACEMENT_3D ( 'NONE', #244, #7268, #12444 ) ;
#12082 = CARTESIAN_POINT ( 'NONE',  ( 1.942500000000000338, 0.1125000000000000028, 8.131516293641288185E-16 ) ) ;
#12083 = ORIENTED_EDGE ( 'NONE', *, *, #2742, .F. ) ;
#12084 = CARTESIAN_POINT ( 'NONE',  ( 0.6000000000000000888, 0.06250000000000000000, 0.000000000000000000 ) ) ;
#12085 = DIRECTION ( 'NONE',  ( -0.000000000000000000, 1.000000000000000000, -0.000000000000000000 ) ) ;
#12086 = DIRECTION ( 'NONE',  ( 1.000000000000000000, 0.000000000000000000, 0.000000000000000000 ) ) ;
#12087 = ADVANCED_FACE ( 'NONE', ( #9462 ), #4228, .F. ) ;
#12088 = SURFACE_STYLE_USAGE ( .BOTH. , #8094 ) ;
#12089 = ADVANCED_FACE ( 'NONE', ( #8692 ), #10013, .F. ) ;
#12090 = VERTEX_POINT ( 'NONE', #12061 ) ;
#12091 = VECTOR ( 'NONE', #2561, 1000.000000000000000 ) ;
#12092 = ORIENTED_EDGE ( 'NONE', *, *, #7628, .T. ) ;
#12093 = EDGE_CURVE ( 'NONE', #9896, #1443, #9793, .T. ) ;
#12094 = CARTESIAN_POINT ( 'NONE',  ( 1.950000000000000400, 0.4780000000000000360, -9.799999999999998934 ) ) ;
#12095 = DIRECTION ( 'NONE',  ( -0.000000000000000000, 1.000000000000000000, -0.000000000000000000 ) ) ;
#12096 = VERTEX_POINT ( 'NONE', #10836 ) ;
#12097 = ORIENTED_EDGE ( 'NONE', *, *, #12694, .T. ) ;
#12098 = ORIENTED_EDGE ( 'NONE', *, *, #6126, .T. ) ;
#12099 = EDGE_LOOP ( 'NONE', ( #6015, #8116, #2056, #5918 ) ) ;
#12100 = VECTOR ( 'NONE', #8738, 1000.000000000000000 ) ;
#12101 = DIRECTION ( 'NONE',  ( -0.000000000000000000, -0.000000000000000000, 1.000000000000000000 ) ) ;
#12102 = VECTOR ( 'NONE', #9898, 1000.000000000000000 ) ;
#12103 = DIRECTION ( 'NONE',  ( 0.3420201433256688239, -0.000000000000000000, -0.9396926207859083169 ) ) ;
#12104 = LINE ( 'NONE', #8799, #9850 ) ;
#12105 = FACE_OUTER_BOUND ( 'NONE', #11082, .T. ) ;
#12106 = FACE_OUTER_BOUND ( 'NONE', #5976, .T. ) ;
#12107 = DIRECTION ( 'NONE',  ( 1.000000000000000000, 0.000000000000000000, 0.000000000000000000 ) ) ;
#12108 = EDGE_CURVE ( 'NONE', #5222, #3074, #7854, .T. ) ;
#12109 = ORIENTED_EDGE ( 'NONE', *, *, #680, .F. ) ;
#12110 = CARTESIAN_POINT ( 'NONE',  ( 0.9049999999999993605, 0.4780000000000000360, 2.674999999999999822 ) ) ;
#12111 = LINE ( 'NONE', #8735, #11638 ) ;
#12112 = ORIENTED_EDGE ( 'NONE', *, *, #5447, .F. ) ;
#12113 = EDGE_CURVE ( 'NONE', #13076, #541, #13168, .T. ) ;
#12114 = LINE ( 'NONE', #692, #12123 ) ;
#12115 = VECTOR ( 'NONE', #12591, 1000.000000000000000 ) ;
#12116 = LINE ( 'NONE', #6819, #6174 ) ;
#12117 = VECTOR ( 'NONE', #10633, 1000.000000000000000 ) ;
#12118 = ORIENTED_EDGE ( 'NONE', *, *, #8493, .T. ) ;
#12119 = DIRECTION ( 'NONE',  ( 0.000000000000000000, 1.000000000000000000, -0.000000000000000000 ) ) ;
#12120 = EDGE_LOOP ( 'NONE', ( #10739, #10091, #5515, #12998 ) ) ;
#12121 = CARTESIAN_POINT ( 'NONE',  ( 2.575000000000000178, 0.2530000000000000027, -8.500000000000000000 ) ) ;
#12122 = DIRECTION ( 'NONE',  ( 0.000000000000000000, 0.000000000000000000, 1.000000000000000000 ) ) ;
#12123 = VECTOR ( 'NONE', #6744, 1000.000000000000000 ) ;
#12124 = DIRECTION ( 'NONE',  ( -0.000000000000000000, -1.000000000000000000, -0.000000000000000000 ) ) ;
#12125 = UNCERTAINTY_MEASURE_WITH_UNIT (LENGTH_MEASURE( 1.000000000000000082E-05 ), #4197, 'distance_accuracy_value', 'NONE');
#12126 = ORIENTED_EDGE ( 'NONE', *, *, #12202, .F. ) ;
#12127 = ORIENTED_EDGE ( 'NONE', *, *, #12784, .T. ) ;
#12128 = EDGE_CURVE ( 'NONE', #1895, #4185, #4631, .T. ) ;
#12129 = FACE_OUTER_BOUND ( 'NONE', #212, .T. ) ;
#12130 = CARTESIAN_POINT ( 'NONE',  ( -4.637499999999996625, 0.06250000000000000000, -4.637499999999983302 ) ) ;
#12131 = ADVANCED_FACE ( 'NONE', ( #3522 ), #5670, .T. ) ;
#12132 = DIRECTION ( 'NONE',  ( 0.000000000000000000, 0.000000000000000000, -1.000000000000000000 ) ) ;
#12133 = DIRECTION ( 'NONE',  ( 0.000000000000000000, 0.000000000000000000, -1.000000000000000000 ) ) ;
#12134 = ORIENTED_EDGE ( 'NONE', *, *, #8602, .F. ) ;
#12135 = AXIS2_PLACEMENT_3D ( 'NONE', #13060, #6660, #13195 ) ;
#12136 = CLOSED_SHELL ( 'NONE', ( #8659, #9340, #12344, #12628, #2810, #12385 ) ) ;
#12137 = VECTOR ( 'NONE', #11959, 1000.000000000000000 ) ;
#12138 = VERTEX_POINT ( 'NONE', #7659 ) ;
#12139 = LINE ( 'NONE', #11041, #9973 ) ;
#12140 = LINE ( 'NONE', #8904, #8345 ) ;
#12141 = DIRECTION ( 'NONE',  ( 1.379254074752367376E-16, -1.000000000000000000, 0.000000000000000000 ) ) ;
#12142 = ORIENTED_EDGE ( 'NONE', *, *, #13596, .F. ) ;
#12143 = LINE ( 'NONE', #10083, #3046 ) ;
#12144 = VECTOR ( 'NONE', #3606, 1000.000000000000000 ) ;
#12145 = CARTESIAN_POINT ( 'NONE',  ( 2.750000000000000000, 0.1125000000000000028, -8.699999999999999289 ) ) ;
#12146 = EDGE_LOOP ( 'NONE', ( #4189, #480, #8558, #4218 ) ) ;
#12147 = LINE ( 'NONE', #3666, #6593 ) ;
#12148 = VERTEX_POINT ( 'NONE', #13037 ) ;
#12149 = CARTESIAN_POINT ( 'NONE',  ( 5.237500000000000711, 0.1125000000000000028, -5.237499999999986500 ) ) ;
#12150 = ORIENTED_EDGE ( 'NONE', *, *, #8745, .F. ) ;
#12151 = VECTOR ( 'NONE', #8587, 1000.000000000000000 ) ;
#12152 = AXIS2_PLACEMENT_3D ( 'NONE', #12708, #3268, #7476 ) ;
#12153 = CARTESIAN_POINT ( 'NONE',  ( 1.380000000000002780, 0.06250000000000000000, -8.424999999999997158 ) ) ;
#12154 = PLANE ( 'NONE',  #1228 ) ;
#12155 = ORIENTED_EDGE ( 'NONE', *, *, #400, .T. ) ;
#12156 = CARTESIAN_POINT ( 'NONE',  ( -2.350000000000000977, 0.2530000000000000027, -8.325000000000001066 ) ) ;
#12157 = PLANE ( 'NONE',  #10092 ) ;
#12158 = DIRECTION ( 'NONE',  ( 0.000000000000000000, 0.000000000000000000, -1.000000000000000000 ) ) ;
#12159 = CARTESIAN_POINT ( 'NONE',  ( 1.950000000000000400, 0.000000000000000000, -10.00000000000000000 ) ) ;
#12160 = COLOUR_RGB ( '',1.000000000000000000, 0.8117647058823529438, 0.5019607843137254832 ) ;
#12161 = ORIENTED_EDGE ( 'NONE', *, *, #8966, .T. ) ;
#12162 = ORIENTED_EDGE ( 'NONE', *, *, #892, .F. ) ;
#12163 = CARTESIAN_POINT ( 'NONE',  ( 0.1499999999999990785, 0.06250000000000000000, -9.125000000000000000 ) ) ;
#12164 = LINE ( 'NONE', #3550, #7278 ) ;
#12165 = ORIENTED_EDGE ( 'NONE', *, *, #4677, .T. ) ;
#12166 = ORIENTED_EDGE ( 'NONE', *, *, #12679, .T. ) ;
#12167 = ORIENTED_EDGE ( 'NONE', *, *, #5314, .T. ) ;
#12168 = EDGE_CURVE ( 'NONE', #7069, #13555, #12139, .T. ) ;
#12169 = EDGE_CURVE ( 'NONE', #3551, #13626, #2424, .T. ) ;
#12170 = VECTOR ( 'NONE', #7342, 1000.000000000000000 ) ;
#12171 = CARTESIAN_POINT ( 'NONE',  ( 0.9943145750507611513, 1.089999999999999858, 9.299999999999998934 ) ) ;
#12172 = DIRECTION ( 'NONE',  ( 0.000000000000000000, -1.000000000000000000, 0.000000000000000000 ) ) ;
#12173 = EDGE_CURVE ( 'NONE', #2961, #6135, #2488, .T. ) ;
#12174 = LINE ( 'NONE', #7974, #3463 ) ;
#12175 = CARTESIAN_POINT ( 'NONE',  ( 0.000000000000000000, 0.06250000000000000000, -7.653000000000000469 ) ) ;
#12176 = CARTESIAN_POINT ( 'NONE',  ( 0.7499999999999983347, 0.06250000000000000000, -9.724999999999999645 ) ) ;
#12177 = DIRECTION ( 'NONE',  ( 0.000000000000000000, -1.000000000000000000, 0.000000000000000000 ) ) ;
#12178 = EDGE_LOOP ( 'NONE', ( #10295, #6603, #3623, #1020 ) ) ;
#12179 = CARTESIAN_POINT ( 'NONE',  ( -0.4200000000000019829, 0.06250000000000000000, -8.424999999999997158 ) ) ;
#12180 = CARTESIAN_POINT ( 'NONE',  ( -1.750000000000000444, 0.1125000000000000028, -2.403000000000000025 ) ) ;
#12181 = ORIENTED_EDGE ( 'NONE', *, *, #9887, .T. ) ;
#12182 = DIRECTION ( 'NONE',  ( -0.000000000000000000, -0.000000000000000000, 1.000000000000000000 ) ) ;
#12183 = DIRECTION ( 'NONE',  ( 1.000000000000000000, 0.000000000000000000, 0.000000000000000000 ) ) ;
#12184 = VERTEX_POINT ( 'NONE', #2629 ) ;
#12185 = LINE ( 'NONE', #3709, #10512 ) ;
#12186 = ORIENTED_EDGE ( 'NONE', *, *, #11173, .T. ) ;
#12187 = EDGE_CURVE ( 'NONE', #1899, #9432, #3132, .T. ) ;
#12188 = EDGE_CURVE ( 'NONE', #2292, #11473, #7728, .T. ) ;
#12189 = DIRECTION ( 'NONE',  ( 0.000000000000000000, 1.000000000000000000, 0.000000000000000000 ) ) ;
#12190 = EDGE_CURVE ( 'NONE', #9432, #4635, #511, .T. ) ;
#12191 = EDGE_CURVE ( 'NONE', #8525, #2458, #2700, .T. ) ;
#12192 = DIRECTION ( 'NONE',  ( 0.000000000000000000, -1.000000000000000000, 0.000000000000000000 ) ) ;
#12193 = CARTESIAN_POINT ( 'NONE',  ( -2.149999999999999023, 0.000000000000000000, 6.299999999999999822 ) ) ;
#12194 = ORIENTED_EDGE ( 'NONE', *, *, #8152, .T. ) ;
#12195 = VERTEX_POINT ( 'NONE', #5608 ) ;
#12196 = DIRECTION ( 'NONE',  ( 0.000000000000000000, 0.000000000000000000, -1.000000000000000000 ) ) ;
#12197 = DIRECTION ( 'NONE',  ( 3.937276258624512481E-16, 0.000000000000000000, 1.000000000000000000 ) ) ;
#12198 = FACE_OUTER_BOUND ( 'NONE', #6531, .T. ) ;
#12199 = CARTESIAN_POINT ( 'NONE',  ( -0.5500000000000020428, 0.06250000000000000000, -9.025000000000000355 ) ) ;
#12200 = ORIENTED_EDGE ( 'NONE', *, *, #7305, .T. ) ;
#12201 = ORIENTED_EDGE ( 'NONE', *, *, #8581, .F. ) ;
#12202 = EDGE_CURVE ( 'NONE', #6241, #2716, #1605, .T. ) ;
#12203 = ADVANCED_FACE ( 'NONE', ( #8834 ), #11991, .T. ) ;
#12204 = LINE ( 'NONE', #9174, #8117 ) ;
#12205 = ADVANCED_FACE ( 'NONE', ( #5744 ), #572, .T. ) ;
#12206 = FILL_AREA_STYLE_COLOUR ( '', #9403 ) ;
#12207 = CARTESIAN_POINT ( 'NONE',  ( -1.620000000000000773, 0.06250000000000000000, 0.000000000000000000 ) ) ;
#12208 = CARTESIAN_POINT ( 'NONE',  ( -1.942500000000000115, 0.1125000000000000028, -9.724999999999999645 ) ) ;
#12209 = EDGE_LOOP ( 'NONE', ( #5721, #13124, #6680, #5180 ) ) ;
#12210 = DIRECTION ( 'NONE',  ( -1.000000000000000000, 0.000000000000000000, 0.000000000000000000 ) ) ;
#12211 = SURFACE_SIDE_STYLE ('',( #13255 ) ) ;
#12212 = CARTESIAN_POINT ( 'NONE',  ( 0.000000000000000000, 0.06250000000000000000, -7.653000000000000469 ) ) ;
#12213 = ORIENTED_EDGE ( 'NONE', *, *, #5137, .T. ) ;
#12214 = DIRECTION ( 'NONE',  ( 0.000000000000000000, 0.000000000000000000, 1.000000000000000000 ) ) ;
#12215 = ORIENTED_EDGE ( 'NONE', *, *, #4851, .F. ) ;
#12216 = DIRECTION ( 'NONE',  ( -0.7071067811865497932, 0.000000000000000000, -0.7071067811865452413 ) ) ;
#12217 = ORIENTED_EDGE ( 'NONE', *, *, #12844, .F. ) ;
#12218 = LINE ( 'NONE', #11187, #7548 ) ;
#12219 = ADVANCED_FACE ( 'NONE', ( #3796 ), #10278, .T. ) ;
#12220 = DIRECTION ( 'NONE',  ( 0.000000000000000000, -1.000000000000000000, 0.000000000000000000 ) ) ;
#12221 = ORIENTED_EDGE ( 'NONE', *, *, #2005, .F. ) ;
#12222 = CARTESIAN_POINT ( 'NONE',  ( 0.08500000000003754552, 0.06250000000000000000, -4.001397434412323245E-16 ) ) ;
#12223 = LINE ( 'NONE', #1692, #9642 ) ;
#12224 = LINE ( 'NONE', #872, #8379 ) ;
#12225 = SURFACE_SIDE_STYLE ('',( #1767 ) ) ;
#12226 = VERTEX_POINT ( 'NONE', #5948 ) ;
#12227 = ORIENTED_EDGE ( 'NONE', *, *, #4509, .F. ) ;
#12228 = PLANE ( 'NONE',  #5772 ) ;
#12229 = LINE ( 'NONE', #13333, #471 ) ;
#12230 = ORIENTED_EDGE ( 'NONE', *, *, #3711, .T. ) ;
#12231 = ORIENTED_EDGE ( 'NONE', *, *, #3182, .T. ) ;
#12232 = LINE ( 'NONE', #12171, #7442 ) ;
#12233 = CARTESIAN_POINT ( 'NONE',  ( -0.6499999999999966915, 0.1125000000000000028, -9.025000000000000355 ) ) ;
#12234 = AXIS2_PLACEMENT_3D ( 'NONE', #11515, #2389, #12476 ) ;
#12235 = DIRECTION ( 'NONE',  ( 0.000000000000000000, 1.000000000000000000, 0.000000000000000000 ) ) ;
#12236 = CARTESIAN_POINT ( 'NONE',  ( 0.8500000000000003109, 0.06250000000000000000, -3.402999999999999581 ) ) ;
#12237 = DIRECTION ( 'NONE',  ( 0.000000000000000000, 1.000000000000000000, 0.000000000000000000 ) ) ;
#12238 = ORIENTED_EDGE ( 'NONE', *, *, #7180, .F. ) ;
#12239 = FILL_AREA_STYLE ('',( #9150 ) ) ;
#12240 = PLANE ( 'NONE',  #5930 ) ;
#12241 = EDGE_CURVE ( 'NONE', #11477, #11614, #4974, .T. ) ;
#12242 = PRESENTATION_LAYER_ASSIGNMENT (  '', '', ( #10063 ) ) ;
#12243 = ORIENTED_EDGE ( 'NONE', *, *, #6400, .F. ) ;
#12244 = ADVANCED_FACE ( 'NONE', ( #845 ), #4001, .F. ) ;
#12245 = DIRECTION ( 'NONE',  ( 1.000000000000000000, 0.000000000000000000, 0.000000000000000000 ) ) ;
#12246 = DIRECTION ( 'NONE',  ( 0.000000000000000000, -0.000000000000000000, -1.000000000000000000 ) ) ;
#12247 = ORIENTED_EDGE ( 'NONE', *, *, #7077, .F. ) ;
#12248 = STYLED_ITEM ( 'NONE', ( #3989 ), #5406 ) ;
#12249 = VERTEX_POINT ( 'NONE', #13309 ) ;
#12250 = CARTESIAN_POINT ( 'NONE',  ( -2.750000000000000888, 0.4780000000000000360, -8.699999999999997513 ) ) ;
#12251 = CARTESIAN_POINT ( 'NONE',  ( 1.248578643762691787, 1.261421356237309999, 9.299999999999998934 ) ) ;
#12252 = VECTOR ( 'NONE', #9802, 1000.000000000000000 ) ;
#12253 = CARTESIAN_POINT ( 'NONE',  ( -0.8019999999999980478, 2.080000000000000071, 9.054631419979587648 ) ) ;
#12254 = DIRECTION ( 'NONE',  ( 0.000000000000000000, -0.000000000000000000, -1.000000000000000000 ) ) ;
#12255 = UNCERTAINTY_MEASURE_WITH_UNIT (LENGTH_MEASURE( 1.000000000000000082E-05 ), #146, 'distance_accuracy_value', 'NONE');
#12256 = ORIENTED_EDGE ( 'NONE', *, *, #8811, .T. ) ;
#12257 = EDGE_LOOP ( 'NONE', ( #468, #13156, #11665, #10903 ) ) ;
#12258 = LINE ( 'NONE', #11366, #8987 ) ;
#12259 = ADVANCED_FACE ( 'NONE', ( #5113 ), #9243, .F. ) ;
#12260 = EDGE_CURVE ( 'NONE', #8011, #1755, #9307, .T. ) ;
#12261 = LINE ( 'NONE', #8002, #6410 ) ;
#12262 = DIRECTION ( 'NONE',  ( 0.000000000000000000, -1.000000000000000000, 0.000000000000000000 ) ) ;
#12263 = ORIENTED_EDGE ( 'NONE', *, *, #4156, .F. ) ;
#12264 = EDGE_CURVE ( 'NONE', #5891, #9322, #4067, .T. ) ;
#12265 = VECTOR ( 'NONE', #8104, 1000.000000000000000 ) ;
#12266 = VECTOR ( 'NONE', #13213, 1000.000000000000000 ) ;
#12267 = CARTESIAN_POINT ( 'NONE',  ( 1.285000000000038556, 0.06250000000000000000, -6.049171415550256694E-15 ) ) ;
#12268 = CYLINDRICAL_SURFACE ( 'NONE', #214, 1.289999999999999591 ) ;
#12269 = DIRECTION ( 'NONE',  ( -4.625929269271459921E-14, 0.000000000000000000, -1.000000000000000000 ) ) ;
#12270 = VECTOR ( 'NONE', #12101, 1000.000000000000000 ) ;
#12271 = CARTESIAN_POINT ( 'NONE',  ( -2.750000000000000888, 0.2530000000000000027, -8.500000000000001776 ) ) ;
#12272 = EDGE_LOOP ( 'NONE', ( #11268, #94, #9472, #1680 ) ) ;
#12273 = DIRECTION ( 'NONE',  ( 0.000000000000000000, -1.000000000000000000, 0.000000000000000000 ) ) ;
#12274 = CARTESIAN_POINT ( 'NONE',  ( 4.837499999999979039, 0.06250000000000000000, -4.837500000000128253 ) ) ;
#12275 = CARTESIAN_POINT ( 'NONE',  ( -1.250000000000000222, 0.06250000000000000000, -8.424999999999997158 ) ) ;
#12276 = AXIS2_PLACEMENT_3D ( 'NONE', #11409, #1781, #9212 ) ;
#12277 = EDGE_CURVE ( 'NONE', #8294, #10342, #12204, .T. ) ;
#12278 = CARTESIAN_POINT ( 'NONE',  ( -2.350000000000000977, 0.2530000000000000027, -8.125000000000000000 ) ) ;
#12279 = EDGE_LOOP ( 'NONE', ( #6462, #7122, #9945, #4681 ) ) ;
#12280 = DIRECTION ( 'NONE',  ( 1.000000000000000000, 0.000000000000000000, 0.000000000000000000 ) ) ;
#12281 = ADVANCED_FACE ( 'NONE', ( #7036 ), #4838, .T. ) ;
#12282 = VECTOR ( 'NONE', #790, 1000.000000000000000 ) ;
#12283 = EDGE_LOOP ( 'NONE', ( #11532, #10127, #6359, #3669 ) ) ;
#12284 = EDGE_CURVE ( 'NONE', #678, #11534, #9045, .T. ) ;
#12285 = DIRECTION ( 'NONE',  ( -0.000000000000000000, 1.000000000000000000, -0.000000000000000000 ) ) ;
#12286 = ORIENTED_EDGE ( 'NONE', *, *, #1428, .T. ) ;
#12287 = AXIS2_PLACEMENT_3D ( 'NONE', #11077, #609, #8873 ) ;
#12288 = DIRECTION ( 'NONE',  ( 1.084202172485504828E-15, 0.000000000000000000, -1.000000000000000000 ) ) ;
#12289 = VECTOR ( 'NONE', #7244, 1000.000000000000000 ) ;
#12290 = AXIS2_PLACEMENT_3D ( 'NONE', #1350, #8650, #11808 ) ;
#12291 = AXIS2_PLACEMENT_3D ( 'NONE', #11296, #9229, #10210 ) ;
#12292 = CARTESIAN_POINT ( 'NONE',  ( 1.707499999999999130, 0.06250000000000000000, 1.004762664596471313E-15 ) ) ;
#12293 = VERTEX_POINT ( 'NONE', #12412 ) ;
#12294 = FACE_OUTER_BOUND ( 'NONE', #8534, .T. ) ;
#12295 = CARTESIAN_POINT ( 'NONE',  ( 5.537500000000001421, 0.06250000000000000000, -5.537499999999986322 ) ) ;
#12296 = CARTESIAN_POINT ( 'NONE',  ( 4.187500000000003553, 0.1125000000000000028, -4.187500000000030198 ) ) ;
#12297 = CARTESIAN_POINT ( 'NONE',  ( 1.350000000000000755, 0.06250000000000000000, -4.753000000000000114 ) ) ;
#12298 = ORIENTED_EDGE ( 'NONE', *, *, #335, .F. ) ;
#12299 = ADVANCED_FACE ( 'NONE', ( #6908 ), #13511, .T. ) ;
#12300 = ORIENTED_EDGE ( 'NONE', *, *, #12781, .F. ) ;
#12301 = ADVANCED_FACE ( 'NONE', ( #1671 ), #9114, .F. ) ;
#12302 = LINE ( 'NONE', #5003, #11700 ) ;
#12303 = VECTOR ( 'NONE', #7833, 1000.000000000000000 ) ;
#12304 = CARTESIAN_POINT ( 'NONE',  ( -0.5500000000000005995, 0.4780000000000000360, 3.294999999999999929 ) ) ;
#12305 = EDGE_LOOP ( 'NONE', ( #12142, #11401, #7506, #12574 ) ) ;
#12306 = AXIS2_PLACEMENT_3D ( 'NONE', #6441, #2289, #6505 ) ;
#12307 = ORIENTED_EDGE ( 'NONE', *, *, #4529, .T. ) ;
#12308 = AXIS2_PLACEMENT_3D ( 'NONE', #5228, #2260, #8465 ) ;
#12309 = VECTOR ( 'NONE', #3377, 1000.000000000000000 ) ;
#12310 = CARTESIAN_POINT ( 'NONE',  ( 1.642500000000004734, 0.06250000000000000000, -9.125000000000000000 ) ) ;
#12311 = PLANE ( 'NONE',  #5933 ) ;
#12312 = CARTESIAN_POINT ( 'NONE',  ( -2.150000000000000799, 0.2530000000000000027, -6.987373870972730217 ) ) ;
#12313 = VECTOR ( 'NONE', #10087, 1000.000000000000000 ) ;
#12314 = SURFACE_SIDE_STYLE ('',( #13340 ) ) ;
#12315 = AXIS2_PLACEMENT_3D ( 'NONE', #5461, #8547, #2277 ) ;
#12316 = CARTESIAN_POINT ( 'NONE',  ( -5.833750000000008207, 0.06250000000000000000, -5.833749999999957581 ) ) ;
#12317 = SURFACE_STYLE_USAGE ( .BOTH. , #8110 ) ;
#12318 = ORIENTED_EDGE ( 'NONE', *, *, #8229, .F. ) ;
#12319 = SURFACE_STYLE_USAGE ( .BOTH. , #2997 ) ;
#12320 = CARTESIAN_POINT ( 'NONE',  ( 2.574999999999998845, 0.4780000000000000360, -8.875000000000000000 ) ) ;
#12321 = ORIENTED_EDGE ( 'NONE', *, *, #6983, .T. ) ;
#12322 = CARTESIAN_POINT ( 'NONE',  ( 1.249999999999999334, 0.06250000000000000000, -9.025000000000000355 ) ) ;
#12323 = DIRECTION ( 'NONE',  ( 0.000000000000000000, -0.000000000000000000, -1.000000000000000000 ) ) ;
#12324 = ORIENTED_EDGE ( 'NONE', *, *, #7661, .T. ) ;
#12325 = AXIS2_PLACEMENT_3D ( 'NONE', #9025, #6886, #7836 ) ;
#12326 = ORIENTED_EDGE ( 'NONE', *, *, #743, .T. ) ;
#12327 =( GEOMETRIC_REPRESENTATION_CONTEXT ( 3 ) GLOBAL_UNCERTAINTY_ASSIGNED_CONTEXT ( ( #1924 ) ) GLOBAL_UNIT_ASSIGNED_CONTEXT ( ( #11438, #1803, #8335 ) ) REPRESENTATION_CONTEXT ( 'NONE', 'WORKASPACE' ) );
#12328 = CARTESIAN_POINT ( 'NONE',  ( -3.822499999999975806, 0.06250000000000000000, -3.822499999999847908 ) ) ;
#12329 = DIRECTION ( 'NONE',  ( 0.000000000000000000, 1.000000000000000000, 0.000000000000000000 ) ) ;
#12330 = EDGE_CURVE ( 'NONE', #5582, #10582, #13373, .T. ) ;
#12331 = CARTESIAN_POINT ( 'NONE',  ( -2.150000000000000799, 0.4780000000000000360, -8.125000000000000000 ) ) ;
#12332 = ORIENTED_EDGE ( 'NONE', *, *, #5060, .F. ) ;
#12333 = AXIS2_PLACEMENT_3D ( 'NONE', #10404, #2874, #9353 ) ;
#12334 = ORIENTED_EDGE ( 'NONE', *, *, #172, .T. ) ;
#12335 = FILL_AREA_STYLE ('',( #10272 ) ) ;
#12336 = STYLED_ITEM ( 'NONE', ( #6187 ), #9803 ) ;
#12337 = DIRECTION ( 'NONE',  ( 0.000000000000000000, 0.000000000000000000, -1.000000000000000000 ) ) ;
#12338 = DIRECTION ( 'NONE',  ( 0.000000000000000000, -1.000000000000000000, 0.000000000000000000 ) ) ;
#12339 = CARTESIAN_POINT ( 'NONE',  ( -0.8019999999999980478, 2.880000000000000338, 8.949999999999999289 ) ) ;
#12340 = AXIS2_PLACEMENT_3D ( 'NONE', #6044, #4941, #10244 ) ;
#12341 =( GEOMETRIC_REPRESENTATION_CONTEXT ( 3 ) GLOBAL_UNCERTAINTY_ASSIGNED_CONTEXT ( ( #1095 ) ) GLOBAL_UNIT_ASSIGNED_CONTEXT ( ( #3945, #1119, #13455 ) ) REPRESENTATION_CONTEXT ( 'NONE', 'WORKASPACE' ) );
#12342 = CARTESIAN_POINT ( 'NONE',  ( 1.742500000000004157, 0.06250000000000000000, 0.000000000000000000 ) ) ;
#12343 = EDGE_CURVE ( 'NONE', #1802, #9586, #716, .T. ) ;
#12344 = ADVANCED_FACE ( 'NONE', ( #3860 ), #8066, .F. ) ;
#12345 = DIRECTION ( 'NONE',  ( -0.000000000000000000, 1.000000000000000000, -0.000000000000000000 ) ) ;
#12346 = CARTESIAN_POINT ( 'NONE',  ( 1.125000000000001998, 0.06250000000000000000, -9.875000000000000000 ) ) ;
#12347 = DIRECTION ( 'NONE',  ( -4.625929269271459921E-14, 0.000000000000000000, -1.000000000000000000 ) ) ;
#12348 = EDGE_CURVE ( 'NONE', #201, #3265, #8140, .T. ) ;
#12349 = CARTESIAN_POINT ( 'NONE',  ( 1.585000000000003739, 0.06250000000000000000, -8.389999999999998792 ) ) ;
#12350 = EDGE_LOOP ( 'NONE', ( #3985, #9956, #6774, #10665 ) ) ;
#12351 = CARTESIAN_POINT ( 'NONE',  ( 2.350000000000000089, 0.2530000000000000027, -8.125000000000000000 ) ) ;
#12352 = DIRECTION ( 'NONE',  ( -7.228014483236656126E-16, 0.000000000000000000, -1.000000000000000000 ) ) ;
#12353 = CARTESIAN_POINT ( 'NONE',  ( -0.3019999999999980478, 2.080000000000000071, 9.150000000000000355 ) ) ;
#12354 = LINE ( 'NONE', #7112, #11675 ) ;
#12355 = CLOSED_SHELL ( 'NONE', ( #1909, #7736, #12697, #2026, #9481, #1905, #11174, #12281, #13052, #7979, #10099, #3674, #9162, #10904, #6211, #13465, #2317, #9556, #1409, #12872, #11776, #6306, #2756, #6641, #12205, #4965, #4003, #5896, #1412, #2351 ) ) ;
#12356 = DIRECTION ( 'NONE',  ( 0.000000000000000000, 0.000000000000000000, -1.000000000000000000 ) ) ;
#12357 = VECTOR ( 'NONE', #1788, 1000.000000000000000 ) ;
#12358 = ORIENTED_EDGE ( 'NONE', *, *, #13047, .F. ) ;
#12359 = CARTESIAN_POINT ( 'NONE',  ( -1.350000000000000533, 0.2530000000000000027, -6.012999999999999901 ) ) ;
#12360 = ORIENTED_EDGE ( 'NONE', *, *, #3162, .F. ) ;
#12361 = ORIENTED_EDGE ( 'NONE', *, *, #5511, .F. ) ;
#12362 = LINE ( 'NONE', #5966, #11283 ) ;
#12363 = EDGE_CURVE ( 'NONE', #7497, #9361, #11306, .T. ) ;
#12364 = EDGE_CURVE ( 'NONE', #11477, #11383, #10098, .T. ) ;
#12365 = VECTOR ( 'NONE', #8944, 1000.000000000000000 ) ;
#12366 = VECTOR ( 'NONE', #1220, 1000.000000000000000 ) ;
#12367 = EDGE_CURVE ( 'NONE', #2264, #6123, #5457, .T. ) ;
#12368 = ADVANCED_FACE ( 'NONE', ( #3231 ), #3102, .T. ) ;
#12369 = DIRECTION ( 'NONE',  ( 0.7071067811865497932, 0.000000000000000000, -0.7071067811865452413 ) ) ;
#12370 = ORIENTED_EDGE ( 'NONE', *, *, #5024, .T. ) ;
#12371 = CARTESIAN_POINT ( 'NONE',  ( -2.574999999999999734, 0.4780000000000000360, -8.325000000000001066 ) ) ;
#12372 = DIRECTION ( 'NONE',  ( 0.000000000000000000, -1.000000000000000000, 0.000000000000000000 ) ) ;
#12373 = DIRECTION ( 'NONE',  ( -0.000000000000000000, -0.000000000000000000, -1.000000000000000000 ) ) ;
#12374 = ORIENTED_EDGE ( 'NONE', *, *, #8032, .T. ) ;
#12375 = ORIENTED_EDGE ( 'NONE', *, *, #2993, .T. ) ;
#12376 = VECTOR ( 'NONE', #9269, 1000.000000000000000 ) ;
#12377 = DIRECTION ( 'NONE',  ( 0.000000000000000000, -0.000000000000000000, -1.000000000000000000 ) ) ;
#12378 = VECTOR ( 'NONE', #2109, 1000.000000000000000 ) ;
#12379 = CARTESIAN_POINT ( 'NONE',  ( 0.000000000000000000, 0.4780000000000000360, 0.000000000000000000 ) ) ;
#12380 = AXIS2_PLACEMENT_3D ( 'NONE', #7400, #44, #4245 ) ;
#12381 = VERTEX_POINT ( 'NONE', #8346 ) ;
#12382 = EDGE_CURVE ( 'NONE', #11749, #1237, #10682, .T. ) ;
#12383 = EDGE_CURVE ( 'NONE', #6470, #4116, #12675, .T. ) ;
#12384 = DIRECTION ( 'NONE',  ( 0.000000000000000000, -1.000000000000000000, 0.000000000000000000 ) ) ;
#12385 = ADVANCED_FACE ( 'NONE', ( #9575 ), #4415, .F. ) ;
#12386 = DIRECTION ( 'NONE',  ( -2.647983596301103229E-15, 0.000000000000000000, -1.000000000000000000 ) ) ;
#12387 = CARTESIAN_POINT ( 'NONE',  ( 2.150000000000000799, 0.4780000000000000360, -9.799999999999998934 ) ) ;
#12388 = VECTOR ( 'NONE', #12766, 1000.000000000000000 ) ;
#12389 = CARTESIAN_POINT ( 'NONE',  ( -0.000000000000000000, 0.1125000000000000028, -7.653000000000000469 ) ) ;
#12390 = EDGE_LOOP ( 'NONE', ( #6596, #12150, #7141, #1785 ) ) ;
#12391 = ORIENTED_EDGE ( 'NONE', *, *, #10666, .T. ) ;
#12392 =( NAMED_UNIT ( * ) PLANE_ANGLE_UNIT ( ) SI_UNIT ( $, .RADIAN. ) );
#12393 = CARTESIAN_POINT ( 'NONE',  ( -0.2019999999999983475, 2.880000000000000338, 9.054631419979587648 ) ) ;
#12394 = ORIENTED_EDGE ( 'NONE', *, *, #3435, .T. ) ;
#12395 = CARTESIAN_POINT ( 'NONE',  ( -1.799999999999998268, 0.4780000000000000360, -2.128000000000000114 ) ) ;
#12396 = FACE_OUTER_BOUND ( 'NONE', #9925, .T. ) ;
#12397 = EDGE_LOOP ( 'NONE', ( #12076, #13097, #537, #1074 ) ) ;
#12398 = VECTOR ( 'NONE', #2594, 1000.000000000000000 ) ;
#12399 = ORIENTED_EDGE ( 'NONE', *, *, #13602, .F. ) ;
#12400 = CARTESIAN_POINT ( 'NONE',  ( 0.3850000000000014522, 0.1125000000000000028, -7.653000000000000469 ) ) ;
#12401 = DIRECTION ( 'NONE',  ( 1.000000000000000000, 0.000000000000000000, -1.084202172485504631E-15 ) ) ;
#12402 = EDGE_CURVE ( 'NONE', #10016, #7372, #9646, .T. ) ;
#12403 = FILL_AREA_STYLE ('',( #3915 ) ) ;
#12404 = DIRECTION ( 'NONE',  ( 0.000000000000000000, -0.000000000000000000, -1.000000000000000000 ) ) ;
#12405 = UNCERTAINTY_MEASURE_WITH_UNIT (LENGTH_MEASURE( 1.000000000000000082E-05 ), #6955, 'distance_accuracy_value', 'NONE');
#12406 = ORIENTED_EDGE ( 'NONE', *, *, #6627, .F. ) ;
#12407 = VERTEX_POINT ( 'NONE', #7233 ) ;
#12408 = DIRECTION ( 'NONE',  ( 0.000000000000000000, 0.000000000000000000, -1.000000000000000000 ) ) ;
#12409 = DIRECTION ( 'NONE',  ( -0.000000000000000000, -1.000000000000000000, -0.000000000000000000 ) ) ;
#12410 = CARTESIAN_POINT ( 'NONE',  ( -1.950000000000001510, 0.4780000000000000360, -9.799999999999998934 ) ) ;
#12411 = CARTESIAN_POINT ( 'NONE',  ( 0.000000000000000000, 0.06250000000000000000, -7.653000000000000469 ) ) ;
#12412 = CARTESIAN_POINT ( 'NONE',  ( -0.5500000000000020428, 0.1125000000000000028, -9.025000000000000355 ) ) ;
#12413 = PLANE ( 'NONE',  #10297 ) ;
#12414 = CARTESIAN_POINT ( 'NONE',  ( 1.749999999999999778, 0.2530000000000000027, -1.542999999999999927 ) ) ;
#12415 = CARTESIAN_POINT ( 'NONE',  ( -1.149999999999999467, 0.06250000000000000000, 0.000000000000000000 ) ) ;
#12416 = CARTESIAN_POINT ( 'NONE',  ( 0.9943145750507611513, 1.089999999999999858, 6.299999999999999822 ) ) ;
#12417 = ORIENTED_EDGE ( 'NONE', *, *, #7791, .F. ) ;
#12418 = LINE ( 'NONE', #788, #8139 ) ;
#12419 = CARTESIAN_POINT ( 'NONE',  ( -3.689539992968173167E-15, 0.06250000000000000000, -3.403000000000000913 ) ) ;
#12420 = FACE_OUTER_BOUND ( 'NONE', #12551, .T. ) ;
#12421 = SURFACE_STYLE_USAGE ( .BOTH. , #1945 ) ;
#12422 = PLANE ( 'NONE',  #7470 ) ;
#12423 = ORIENTED_EDGE ( 'NONE', *, *, #5606, .T. ) ;
#12424 = ADVANCED_FACE ( 'NONE', ( #1178 ), #5392, .F. ) ;
#12425 = EDGE_CURVE ( 'NONE', #7510, #3518, #5243, .T. ) ;
#12426 = ORIENTED_EDGE ( 'NONE', *, *, #9914, .F. ) ;
#12427 = ORIENTED_EDGE ( 'NONE', *, *, #13028, .F. ) ;
#12428 = CARTESIAN_POINT ( 'NONE',  ( 0.8250000000000015099, 0.1125000000000000028, -9.875000000000000000 ) ) ;
#12429 = LINE ( 'NONE', #5135, #8940 ) ;
#12430 = EDGE_LOOP ( 'NONE', ( #706, #4299, #1618, #5682 ) ) ;
#12431 = LINE ( 'NONE', #12636, #7460 ) ;
#12432 =( LENGTH_UNIT ( ) NAMED_UNIT ( * ) SI_UNIT ( .MILLI., .METRE. ) );
#12433 = CARTESIAN_POINT ( 'NONE',  ( 2.150000000000000355, 0.2530000000000000027, 9.299999999999998934 ) ) ;
#12434 = CARTESIAN_POINT ( 'NONE',  ( 0.8150000000000000577, 0.06250000000000000000, -7.653000000000000469 ) ) ;
#12435 = ORIENTED_EDGE ( 'NONE', *, *, #11505, .T. ) ;
#12436 = VERTEX_POINT ( 'NONE', #2207 ) ;
#12437 = EDGE_CURVE ( 'NONE', #541, #1176, #4338, .T. ) ;
#12438 = CARTESIAN_POINT ( 'NONE',  ( 5.022500000000019504, 0.06250000000000000000, -5.022499999999850750 ) ) ;
#12439 = EDGE_CURVE ( 'NONE', #9601, #4655, #13397, .T. ) ;
#12440 = DIRECTION ( 'NONE',  ( 0.000000000000000000, -0.000000000000000000, -1.000000000000000000 ) ) ;
#12441 = ORIENTED_EDGE ( 'NONE', *, *, #10248, .T. ) ;
#12442 = ADVANCED_FACE ( 'NONE', ( #6487 ), #6213, .F. ) ;
#12443 = DIRECTION ( 'NONE',  ( -0.000000000000000000, 1.000000000000000000, -0.000000000000000000 ) ) ;
#12444 = DIRECTION ( 'NONE',  ( 0.000000000000000000, -0.000000000000000000, -1.000000000000000000 ) ) ;
#12445 = FACE_OUTER_BOUND ( 'NONE', #2178, .T. ) ;
#12446 = DIRECTION ( 'NONE',  ( -0.9396926207859084279, 0.000000000000000000, 0.3420201433256688794 ) ) ;
#12447 = DIRECTION ( 'NONE',  ( 0.000000000000000000, 0.000000000000000000, -1.000000000000000000 ) ) ;
#12448 = CARTESIAN_POINT ( 'NONE',  ( 1.100000000000000311, 0.1125000000000000028, 0.000000000000000000 ) ) ;
#12449 = VECTOR ( 'NONE', #8990, 1000.000000000000000 ) ;
#12450 = ORIENTED_EDGE ( 'NONE', *, *, #4025, .F. ) ;
#12451 = CARTESIAN_POINT ( 'NONE',  ( -1.642500000000000959, 0.06250000000000000000, -9.724999999999999645 ) ) ;
#12452 = ORIENTED_EDGE ( 'NONE', *, *, #5307, .T. ) ;
#12453 = LINE ( 'NONE', #5020, #8831 ) ;
#12454 = EDGE_CURVE ( 'NONE', #10342, #934, #7518, .T. ) ;
#12455 = DIRECTION ( 'NONE',  ( 0.000000000000000000, 1.000000000000000000, 0.000000000000000000 ) ) ;
#12456 = ADVANCED_FACE ( 'NONE', ( #9370 ), #7306, .T. ) ;
#12457 = ORIENTED_EDGE ( 'NONE', *, *, #1936, .F. ) ;
#12458 = ADVANCED_FACE ( 'NONE', ( #12617 ), #3169, .F. ) ;
#12459 = EDGE_LOOP ( 'NONE', ( #11859, #13185, #7035, #1106 ) ) ;
#12460 = VECTOR ( 'NONE', #4232, 1000.000000000000000 ) ;
#12461 = CARTESIAN_POINT ( 'NONE',  ( -2.750000000000000888, 0.1125000000000000028, -8.500000000000001776 ) ) ;
#12462 = DIRECTION ( 'NONE',  ( 0.3420201433256688239, 0.000000000000000000, 0.9396926207859083169 ) ) ;
#12463 = LINE ( 'NONE', #5165, #3434 ) ;
#12464 = DIRECTION ( 'NONE',  ( -0.000000000000000000, -1.000000000000000000, -0.000000000000000000 ) ) ;
#12465 = ORIENTED_EDGE ( 'NONE', *, *, #5405, .F. ) ;
#12466 = ORIENTED_EDGE ( 'NONE', *, *, #946, .F. ) ;
#12467 = CARTESIAN_POINT ( 'NONE',  ( 0.9500000000000005107, 0.000000000000000000, -1.543000000000000149 ) ) ;
#12468 = AXIS2_PLACEMENT_3D ( 'NONE', #9832, #2795, #6808 ) ;
#12469 = LINE ( 'NONE', #9169, #6194 ) ;
#12470 = PLANE ( 'NONE',  #7924 ) ;
#12471 = EDGE_CURVE ( 'NONE', #12249, #10867, #82, .T. ) ;
#12472 = DIRECTION ( 'NONE',  ( 1.000000000000000000, 0.000000000000000000, -4.707526393424183343E-15 ) ) ;
#12473 = DIRECTION ( 'NONE',  ( 0.000000000000000000, 0.000000000000000000, -1.000000000000000000 ) ) ;
#12474 = DIRECTION ( 'NONE',  ( 0.000000000000000000, 0.000000000000000000, -1.000000000000000000 ) ) ;
#12475 = LINE ( 'NONE', #7237, #9727 ) ;
#12476 = DIRECTION ( 'NONE',  ( -1.084202172485504828E-15, 0.000000000000000000, -1.000000000000000000 ) ) ;
#12477 = EDGE_LOOP ( 'NONE', ( #13538, #467, #7473, #10242 ) ) ;
#12478 = LINE ( 'NONE', #7242, #4611 ) ;
#12479 = CARTESIAN_POINT ( 'NONE',  ( -3.689539992968170800E-15, 0.06250000000000000000, -3.402999999999998693 ) ) ;
#12480 = LINE ( 'NONE', #12212, #7246 ) ;
#12481 = COLOUR_RGB ( '',1.000000000000000000, 0.8117647058823529438, 0.5019607843137254832 ) ;
#12482 = CARTESIAN_POINT ( 'NONE',  ( 0.9750000000000016431, 0.1125000000000000028, -9.070000000000003837 ) ) ;
#12483 = CARTESIAN_POINT ( 'NONE',  ( 0.1799999999999989664, 0.1125000000000000028, -8.424999999999997158 ) ) ;
#12484 = ORIENTED_EDGE ( 'NONE', *, *, #11585, .F. ) ;
#12485 = ORIENTED_EDGE ( 'NONE', *, *, #9175, .T. ) ;
#12486 = ORIENTED_EDGE ( 'NONE', *, *, #2667, .T. ) ;
#12487 = FACE_OUTER_BOUND ( 'NONE', #13391, .T. ) ;
#12488 = VECTOR ( 'NONE', #5854, 1000.000000000000000 ) ;
#12489 = EDGE_CURVE ( 'NONE', #1015, #2910, #13022, .T. ) ;
#12490 = PRESENTATION_LAYER_ASSIGNMENT (  '', '', ( #10298 ) ) ;
#12491 = DIRECTION ( 'NONE',  ( 0.7071067811865584529, 0.000000000000000000, -0.7071067811865365815 ) ) ;
#12492 = ORIENTED_EDGE ( 'NONE', *, *, #9399, .T. ) ;
#12493 = DIRECTION ( 'NONE',  ( 0.000000000000000000, 1.000000000000000000, 0.000000000000000000 ) ) ;
#12494 = AXIS2_PLACEMENT_3D ( 'NONE', #13354, #2947, #5097 ) ;
#12495 = DIRECTION ( 'NONE',  ( -0.000000000000000000, 1.000000000000000000, -0.000000000000000000 ) ) ;
#12496 = EDGE_LOOP ( 'NONE', ( #11091, #9386, #7837, #5486 ) ) ;
#12497 = ORIENTED_EDGE ( 'NONE', *, *, #12454, .F. ) ;
#12498 = PLANE ( 'NONE',  #1808 ) ;
#12499 = CARTESIAN_POINT ( 'NONE',  ( 0.7000000000000002887, 0.06250000000000000000, -3.753000000000000558 ) ) ;
#12500 = ORIENTED_EDGE ( 'NONE', *, *, #4683, .F. ) ;
#12501 = AXIS2_PLACEMENT_3D ( 'NONE', #4330, #7428, #11632 ) ;
#12502 = AXIS2_PLACEMENT_3D ( 'NONE', #5395, #4545, #10065 ) ;
#12503 = VECTOR ( 'NONE', #6146, 1000.000000000000000 ) ;
#12504 = CARTESIAN_POINT ( 'NONE',  ( -2.575000000000001066, 0.2530000000000000027, -8.699999999999999289 ) ) ;
#12505 = PLANE ( 'NONE',  #12081 ) ;
#12506 = ADVANCED_FACE ( 'NONE', ( #4688 ), #10748, .F. ) ;
#12507 = EDGE_CURVE ( 'NONE', #1889, #13516, #3575, .T. ) ;
#12508 = PLANE ( 'NONE',  #13372 ) ;
#12509 = FACE_OUTER_BOUND ( 'NONE', #10866, .T. ) ;
#12510 = CARTESIAN_POINT ( 'NONE',  ( 5.087499999999999467, 0.1125000000000000028, -5.087500000000031442 ) ) ;
#12511 = EDGE_CURVE ( 'NONE', #2062, #10300, #2335, .T. ) ;
#12512 = DIRECTION ( 'NONE',  ( -2.647983596301103229E-15, 0.000000000000000000, -1.000000000000000000 ) ) ;
#12513 = ORIENTED_EDGE ( 'NONE', *, *, #4716, .F. ) ;
#12514 = VECTOR ( 'NONE', #6117, 1000.000000000000000 ) ;
#12515 = CARTESIAN_POINT ( 'NONE',  ( 0.2250000000000008105, 0.1125000000000000028, -9.070000000000003837 ) ) ;
#12516 = VERTEX_POINT ( 'NONE', #11844 ) ;
#12517 = VECTOR ( 'NONE', #8105, 1000.000000000000000 ) ;
#12518 = CARTESIAN_POINT ( 'NONE',  ( -0.8149999999999986144, 0.1125000000000000028, -7.653000000000000469 ) ) ;
#12519 = LINE ( 'NONE', #9417, #13433 ) ;
#12520 = VERTEX_POINT ( 'NONE', #4614 ) ;
#12521 = VECTOR ( 'NONE', #5048, 1000.000000000000000 ) ;
#12522 = EDGE_LOOP ( 'NONE', ( #3262, #5402, #11693, #8447 ) ) ;
#12523 = ORIENTED_EDGE ( 'NONE', *, *, #4766, .T. ) ;
#12524 = VECTOR ( 'NONE', #7930, 1000.000000000000000 ) ;
#12525 = LINE ( 'NONE', #12328, #628 ) ;
#12526 = AXIS2_PLACEMENT_3D ( 'NONE', #8959, #13158, #3720 ) ;
#12527 = DIRECTION ( 'NONE',  ( 0.000000000000000000, 0.000000000000000000, -1.000000000000000000 ) ) ;
#12528 = ADVANCED_FACE ( 'NONE', ( #1447, #5729 ), #3506, .T. ) ;
#12529 = VECTOR ( 'NONE', #7668, 1000.000000000000000 ) ;
#12530 = EDGE_CURVE ( 'NONE', #7412, #464, #11914, .T. ) ;
#12531 = ADVANCED_FACE ( 'NONE', ( #2611 ), #10952, .F. ) ;
#12532 = ORIENTED_EDGE ( 'NONE', *, *, #13541, .T. ) ;
#12533 = EDGE_LOOP ( 'NONE', ( #4359, #7688, #11019, #2383, #4775, #4352, #8338, #7755, #13062, #7933, #12923, #4151, #463, #4745, #1157, #7158, #3414, #5669, #10418, #4730, #11691, #13450, #1054, #157, #1495, #1088 ) ) ;
#12534 =( NAMED_UNIT ( * ) PLANE_ANGLE_UNIT ( ) SI_UNIT ( $, .RADIAN. ) );
#12535 = DIRECTION ( 'NONE',  ( 0.000000000000000000, 0.000000000000000000, -1.000000000000000000 ) ) ;
#12536 = EDGE_LOOP ( 'NONE', ( #11999, #7851, #8532, #238 ) ) ;
#12537 = DIRECTION ( 'NONE',  ( -0.000000000000000000, 1.000000000000000000, -0.000000000000000000 ) ) ;
#12538 = VECTOR ( 'NONE', #10348, 1000.000000000000000 ) ;
#12539 = LINE ( 'NONE', #12339, #8142 ) ;
#12540 = CIRCLE ( 'NONE', #5952, 0.2000000000000005107 ) ;
#12541 = ORIENTED_EDGE ( 'NONE', *, *, #8061, .F. ) ;
#12542 = DIRECTION ( 'NONE',  ( 1.000000000000000000, 0.000000000000000000, 0.000000000000000000 ) ) ;
#12543 = DIRECTION ( 'NONE',  ( 0.000000000000000000, -1.000000000000000000, 0.000000000000000000 ) ) ;
#12544 = AXIS2_PLACEMENT_3D ( 'NONE', #9291, #13496, #4053 ) ;
#12545 = CARTESIAN_POINT ( 'NONE',  ( 1.620000000000003881, 0.06250000000000000000, -8.424999999999997158 ) ) ;
#12546 = ADVANCED_FACE ( 'NONE', ( #10884 ), #8889, .F. ) ;
#12547 =( GEOMETRIC_REPRESENTATION_CONTEXT ( 3 ) GLOBAL_UNCERTAINTY_ASSIGNED_CONTEXT ( ( #8263 ) ) GLOBAL_UNIT_ASSIGNED_CONTEXT ( ( #1912, #12392, #820 ) ) REPRESENTATION_CONTEXT ( 'NONE', 'WORKASPACE' ) );
#12548 = CARTESIAN_POINT ( 'NONE',  ( -0.07499999999999890088, 0.1125000000000000028, -9.875000000000000000 ) ) ;
#12549 = EDGE_CURVE ( 'NONE', #160, #7998, #7585, .T. ) ;
#12550 = DIRECTION ( 'NONE',  ( -0.7071067811865220376, 0.000000000000000000, -0.7071067811865729968 ) ) ;
#12551 = EDGE_LOOP ( 'NONE', ( #2661, #9681, #2724, #12247 ) ) ;
#12552 = DIRECTION ( 'NONE',  ( -0.000000000000000000, 1.000000000000000000, -0.000000000000000000 ) ) ;
#12553 = CARTESIAN_POINT ( 'NONE',  ( -0.8019999999999979368, 1.089999999999999414, 8.949999999999999289 ) ) ;
#12554 = DIRECTION ( 'NONE',  ( 0.000000000000000000, 0.000000000000000000, 1.000000000000000000 ) ) ;
#12555 = PRESENTATION_STYLE_ASSIGNMENT (( #4144 ) ) ;
#12556 = FACE_OUTER_BOUND ( 'NONE', #13237, .T. ) ;
#12557 = VERTEX_POINT ( 'NONE', #420 ) ;
#12558 = VECTOR ( 'NONE', #3059, 1000.000000000000000 ) ;
#12559 = VECTOR ( 'NONE', #7929, 1000.000000000000000 ) ;
#12560 = VERTEX_POINT ( 'NONE', #9781 ) ;
#12561 = ORIENTED_EDGE ( 'NONE', *, *, #975, .F. ) ;
#12562 = LINE ( 'NONE', #8559, #7977 ) ;
#12563 = CARTESIAN_POINT ( 'NONE',  ( -2.150000000000000799, 0.4780000000000000360, -9.074999999999999289 ) ) ;
#12564 = CLOSED_SHELL ( 'NONE', ( #681, #12131, #6770, #8923, #764, #10253 ) ) ;
#12565 = ORIENTED_EDGE ( 'NONE', *, *, #12093, .T. ) ;
#12566 = DIRECTION ( 'NONE',  ( 0.000000000000000000, 1.000000000000000000, 0.000000000000000000 ) ) ;
#12567 = CIRCLE ( 'NONE', #930, 0.3999999999999995226 ) ;
#12568 = FACE_OUTER_BOUND ( 'NONE', #4797, .T. ) ;
#12569 = CARTESIAN_POINT ( 'NONE',  ( -1.100000000000000311, 0.06250000000000000000, 0.000000000000000000 ) ) ;
#12570 = ORIENTED_EDGE ( 'NONE', *, *, #5563, .F. ) ;
#12571 = ORIENTED_EDGE ( 'NONE', *, *, #1588, .T. ) ;
#12572 = LINE ( 'NONE', #10646, #55 ) ;
#12573 = FACE_OUTER_BOUND ( 'NONE', #7907, .T. ) ;
#12574 = ORIENTED_EDGE ( 'NONE', *, *, #7740, .T. ) ;
#12575 = AXIS2_PLACEMENT_3D ( 'NONE', #10522, #5502, #1073 ) ;
#12576 = CLOSED_SHELL ( 'NONE', ( #612, #12456, #12860, #9748, #7973, #10533 ) ) ;
#12577 = VECTOR ( 'NONE', #9073, 1000.000000000000000 ) ;
#12578 = DIRECTION ( 'NONE',  ( 0.000000000000000000, 0.000000000000000000, -1.000000000000000000 ) ) ;
#12579 =( LENGTH_UNIT ( ) NAMED_UNIT ( * ) SI_UNIT ( .MILLI., .METRE. ) );
#12580 = CARTESIAN_POINT ( 'NONE',  ( -0.5149999999999629319, 0.06250000000000000000, 2.424376092613280107E-15 ) ) ;
#12581 = LINE ( 'NONE', #11606, #1669 ) ;
#12582 = LINE ( 'NONE', #3400, #2694 ) ;
#12583 = DIRECTION ( 'NONE',  ( 0.000000000000000000, 0.000000000000000000, -1.000000000000000000 ) ) ;
#12584 = DIRECTION ( 'NONE',  ( -0.000000000000000000, 1.000000000000000000, -0.000000000000000000 ) ) ;
#12585 = ORIENTED_EDGE ( 'NONE', *, *, #4891, .F. ) ;
#12586 = CARTESIAN_POINT ( 'NONE',  ( -0.08499999999999741096, 0.06250000000000000000, -7.653000000000000469 ) ) ;
#12587 = VECTOR ( 'NONE', #12578, 1000.000000000000000 ) ;
#12588 = DIRECTION ( 'NONE',  ( -1.000000000000000000, 0.000000000000000000, 0.000000000000000000 ) ) ;
#12589 = ORIENTED_EDGE ( 'NONE', *, *, #10908, .F. ) ;
#12590 = PLANE ( 'NONE',  #3552 ) ;
#12591 = DIRECTION ( 'NONE',  ( -1.000000000000000000, -0.000000000000000000, -0.000000000000000000 ) ) ;
#12592 = ORIENTED_EDGE ( 'NONE', *, *, #4181, .F. ) ;
#12593 = ORIENTED_EDGE ( 'NONE', *, *, #12364, .T. ) ;
#12594 = EDGE_CURVE ( 'NONE', #2029, #4739, #4748, .T. ) ;
#12595 = ADVANCED_FACE ( 'NONE', ( #13085 ), #1518, .F. ) ;
#12596 = ORIENTED_EDGE ( 'NONE', *, *, #928, .T. ) ;
#12597 = VECTOR ( 'NONE', #3597, 1000.000000000000000 ) ;
#12598 = ADVANCED_FACE ( 'NONE', ( #3375 ), #6551, .F. ) ;
#12599 = COLOUR_RGB ( '',1.000000000000000000, 0.8117647058823529438, 0.5019607843137254832 ) ;
#12600 = SURFACE_STYLE_FILL_AREA ( #6324 ) ;
#12601 = VECTOR ( 'NONE', #1397, 1000.000000000000000 ) ;
#12602 = FACE_OUTER_BOUND ( 'NONE', #10795, .T. ) ;
#12603 = CARTESIAN_POINT ( 'NONE',  ( 0.5500000000000035971, 0.1125000000000000028, -8.424999999999997158 ) ) ;
#12604 = ORIENTED_EDGE ( 'NONE', *, *, #4287, .T. ) ;
#12605 = ORIENTED_EDGE ( 'NONE', *, *, #13182, .F. ) ;
#12606 =( NAMED_UNIT ( * ) PLANE_ANGLE_UNIT ( ) SI_UNIT ( $, .RADIAN. ) );
#12607 = PLANE ( 'NONE',  #12501 ) ;
#12608 = EDGE_LOOP ( 'NONE', ( #2968, #4331, #1030, #8862 ) ) ;
#12609 = CARTESIAN_POINT ( 'NONE',  ( -0.7019999999999981810, 2.080000000000000071, 9.429999999999999716 ) ) ;
#12610 = DIRECTION ( 'NONE',  ( -0.000000000000000000, 0.000000000000000000, -1.000000000000000000 ) ) ;
#12611 = VERTEX_POINT ( 'NONE', #5532 ) ;
#12612 = ADVANCED_FACE ( 'NONE', ( #9719 ), #295, .T. ) ;
#12613 = DIRECTION ( 'NONE',  ( 2.693669993752817464E-16, 0.000000000000000000, -1.000000000000000000 ) ) ;
#12614 = EDGE_CURVE ( 'NONE', #4707, #3573, #3433, .T. ) ;
#12615 = ADVANCED_FACE ( 'NONE', ( #10822 ), #352, .F. ) ;
#12616 = EDGE_CURVE ( 'NONE', #2439, #8572, #10336, .T. ) ;
#12617 = FACE_OUTER_BOUND ( 'NONE', #11636, .T. ) ;
#12618 = DIRECTION ( 'NONE',  ( 0.000000000000000000, 0.000000000000000000, -1.000000000000000000 ) ) ;
#12619 = MECHANICAL_DESIGN_GEOMETRIC_PRESENTATION_REPRESENTATION (  '', ( #3150 ), #8884 ) ;
#12620 = LINE ( 'NONE', #9372, #5497 ) ;
#12621 = CARTESIAN_POINT ( 'NONE',  ( -0.5019999999999983364, 0.9799999999999999822, 7.799999999999999822 ) ) ;
#12622 = EDGE_LOOP ( 'NONE', ( #6935, #2527, #10573, #10060 ) ) ;
#12623 = LINE ( 'NONE', #10225, #12745 ) ;
#12624 = PLANE ( 'NONE',  #13164 ) ;
#12625 = CARTESIAN_POINT ( 'NONE',  ( 1.829999999999999183, 0.4780000000000000360, 1.695000000000000062 ) ) ;
#12626 = CARTESIAN_POINT ( 'NONE',  ( 5.833750000000010871, 0.06250000000000000000, -5.833749999999960245 ) ) ;
#12627 = ORIENTED_EDGE ( 'NONE', *, *, #4428, .T. ) ;
#12628 = ADVANCED_FACE ( 'NONE', ( #4901 ), #6005, .F. ) ;
#12629 = EDGE_CURVE ( 'NONE', #8525, #5927, #3041, .T. ) ;
#12630 = ORIENTED_EDGE ( 'NONE', *, *, #8830, .F. ) ;
#12631 = ORIENTED_EDGE ( 'NONE', *, *, #4948, .T. ) ;
#12632 = EDGE_CURVE ( 'NONE', #5735, #12924, #10749, .T. ) ;
#12633 = DIRECTION ( 'NONE',  ( -0.000000000000000000, -0.000000000000000000, 1.000000000000000000 ) ) ;
#12634 = CYLINDRICAL_SURFACE ( 'NONE', #6521, 0.2000000000000005107 ) ;
#12635 = VERTEX_POINT ( 'NONE', #10264 ) ;
#12636 = CARTESIAN_POINT ( 'NONE',  ( -2.150000000000000799, 0.000000000000000000, -6.987373870972730217 ) ) ;
#12637 = CARTESIAN_POINT ( 'NONE',  ( -1.350000000000000533, 0.2530000000000000027, -5.612999999999999545 ) ) ;
#12638 = PLANE ( 'NONE',  #10832 ) ;
#12639 = DIRECTION ( 'NONE',  ( -0.000000000000000000, -1.000000000000000000, -0.000000000000000000 ) ) ;
#12640 = ORIENTED_EDGE ( 'NONE', *, *, #6228, .F. ) ;
#12641 = ORIENTED_EDGE ( 'NONE', *, *, #6713, .T. ) ;
#12642 = DIRECTION ( 'NONE',  ( -0.7071067811865584529, 0.000000000000000000, -0.7071067811865365815 ) ) ;
#12643 = CARTESIAN_POINT ( 'NONE',  ( 1.900000000000000577, 0.06250000000000000000, -3.403000000000000025 ) ) ;
#12644 = ORIENTED_EDGE ( 'NONE', *, *, #1242, .T. ) ;
#12645 = ADVANCED_FACE ( 'NONE', ( #5028 ), #8050, .F. ) ;
#12646 = CARTESIAN_POINT ( 'NONE',  ( 0.2250000000000008105, 0.06250000000000000000, -9.070000000000003837 ) ) ;
#12647 = DIRECTION ( 'NONE',  ( 0.9396926207859084279, -0.000000000000000000, 0.3420201433256688794 ) ) ;
#12648 = DIRECTION ( 'NONE',  ( -5.421010862427516254E-16, 0.000000000000000000, 1.000000000000000000 ) ) ;
#12649 = CARTESIAN_POINT ( 'NONE',  ( 4.002500000000003944, 0.06250000000000000000, -4.002500000000127400 ) ) ;
#12650 = PLANE ( 'NONE',  #6091 ) ;
#12651 = CARTESIAN_POINT ( 'NONE',  ( -1.230000000000000870, 0.4780000000000000360, 2.694999999999999840 ) ) ;
#12652 = ORIENTED_EDGE ( 'NONE', *, *, #11524, .T. ) ;
#12653 = DIRECTION ( 'NONE',  ( 1.000000000000000000, 0.000000000000000000, 0.000000000000000000 ) ) ;
#12654 = CARTESIAN_POINT ( 'NONE',  ( -2.149999999999999023, 0.000000000000000000, 6.299999999999999822 ) ) ;
#12655 = VERTEX_POINT ( 'NONE', #11358 ) ;
#12656 = DIRECTION ( 'NONE',  ( -0.7071067811865465735, 0.000000000000000000, -0.7071067811865485719 ) ) ;
#12657 = CARTESIAN_POINT ( 'NONE',  ( 4.637499999999998401, 0.06250000000000000000, -4.637499999999985079 ) ) ;
#12658 = ORIENTED_EDGE ( 'NONE', *, *, #11294, .T. ) ;
#12659 = ORIENTED_EDGE ( 'NONE', *, *, #12188, .T. ) ;
#12660 = ORIENTED_EDGE ( 'NONE', *, *, #8084, .F. ) ;
#12661 = ORIENTED_EDGE ( 'NONE', *, *, #9856, .T. ) ;
#12662 = PLANE ( 'NONE',  #12308 ) ;
#12663 = UNCERTAINTY_MEASURE_WITH_UNIT (LENGTH_MEASURE( 1.000000000000000082E-05 ), #5156, 'distance_accuracy_value', 'NONE');
#12664 = EDGE_CURVE ( 'NONE', #10846, #602, #10061, .T. ) ;
#12665 = ORIENTED_EDGE ( 'NONE', *, *, #5617, .F. ) ;
#12666 = VERTEX_POINT ( 'NONE', #2948 ) ;
#12667 = SURFACE_STYLE_USAGE ( .BOTH. , #6409 ) ;
#12668 = LINE ( 'NONE', #215, #11202 ) ;
#12669 = ORIENTED_EDGE ( 'NONE', *, *, #1089, .T. ) ;
#12670 = LINE ( 'NONE', #5593, #4876 ) ;
#12671 = PLANE ( 'NONE',  #2641 ) ;
#12672 = ORIENTED_EDGE ( 'NONE', *, *, #11448, .F. ) ;
#12673 = CARTESIAN_POINT ( 'NONE',  ( -0.7019999999999981810, 2.080000000000000071, 9.150000000000000355 ) ) ;
#12674 = VECTOR ( 'NONE', #8288, 1000.000000000000000 ) ;
#12675 = LINE ( 'NONE', #8615, #2612 ) ;
#12676 = LINE ( 'NONE', #1180, #12009 ) ;
#12677 = SURFACE_SIDE_STYLE ('',( #8480 ) ) ;
#12678 = DIRECTION ( 'NONE',  ( -2.168404344971009262E-15, 0.000000000000000000, 1.000000000000000000 ) ) ;
#12679 = EDGE_CURVE ( 'NONE', #141, #1838, #2745, .T. ) ;
#12680 = EDGE_CURVE ( 'NONE', #5438, #8176, #10974, .T. ) ;
#12681 = ORIENTED_EDGE ( 'NONE', *, *, #3439, .T. ) ;
#12682 = DIRECTION ( 'NONE',  ( -2.710505431213760099E-16, 0.000000000000000000, 1.000000000000000000 ) ) ;
#12683 = DIRECTION ( 'NONE',  ( -0.000000000000000000, -0.000000000000000000, -1.000000000000000000 ) ) ;
#12684 = FACE_OUTER_BOUND ( 'NONE', #12496, .T. ) ;
#12685 = EDGE_CURVE ( 'NONE', #11969, #8536, #4821, .T. ) ;
#12686 = DIRECTION ( 'NONE',  ( 0.000000000000000000, 0.000000000000000000, -1.000000000000000000 ) ) ;
#12687 = LINE ( 'NONE', #1191, #1756 ) ;
#12688 = ORIENTED_EDGE ( 'NONE', *, *, #10923, .T. ) ;
#12689 = ORIENTED_EDGE ( 'NONE', *, *, #1104, .T. ) ;
#12690 = VERTEX_POINT ( 'NONE', #13151 ) ;
#12691 = LINE ( 'NONE', #2088, #1162 ) ;
#12692 = VECTOR ( 'NONE', #13184, 1000.000000000000000 ) ;
#12693 = AXIS2_PLACEMENT_3D ( 'NONE', #7194, #13337, #11136 ) ;
#12694 = EDGE_CURVE ( 'NONE', #7337, #5034, #8954, .T. ) ;
#12695 = DIRECTION ( 'NONE',  ( -1.204669080539449837E-16, -1.000000000000000000, 0.000000000000000000 ) ) ;
#12696 = EDGE_LOOP ( 'NONE', ( #2838, #8194, #7127, #12846 ) ) ;
#12697 = ADVANCED_FACE ( 'NONE', ( #11093 ), #1655, .T. ) ;
#12698 = CARTESIAN_POINT ( 'NONE',  ( 2.350000000000000089, 0.2530000000000000027, -8.875000000000000000 ) ) ;
#12699 = PRESENTATION_STYLE_ASSIGNMENT (( #3455 ) ) ;
#12700 = PLANE ( 'NONE',  #2156 ) ;
#12701 = EDGE_CURVE ( 'NONE', #6576, #12249, #701, .T. ) ;
#12702 = DIRECTION ( 'NONE',  ( -0.000000000000000000, -1.000000000000000000, -0.000000000000000000 ) ) ;
#12703 = ORIENTED_EDGE ( 'NONE', *, *, #83, .F. ) ;
#12704 = ORIENTED_EDGE ( 'NONE', *, *, #2581, .F. ) ;
#12705 = CARTESIAN_POINT ( 'NONE',  ( -2.750000000000000888, 0.4780000000000000360, -8.500000000000001776 ) ) ;
#12706 = LINE ( 'NONE', #5490, #5752 ) ;
#12707 = ORIENTED_EDGE ( 'NONE', *, *, #9766, .T. ) ;
#12708 = CARTESIAN_POINT ( 'NONE',  ( -0.9849999999999802247, 0.06250000000000000000, 2.608263842356534209E-15 ) ) ;
#12709 = VECTOR ( 'NONE', #10873, 1000.000000000000000 ) ;
#12710 = DIRECTION ( 'NONE',  ( -0.000000000000000000, 1.000000000000000000, -0.000000000000000000 ) ) ;
#12711 = DIRECTION ( 'NONE',  ( -0.000000000000000000, 1.000000000000000000, -0.000000000000000000 ) ) ;
#12712 = EDGE_CURVE ( 'NONE', #8598, #6398, #6063, .T. ) ;
#12713 = PLANE ( 'NONE',  #5031 ) ;
#12714 = CARTESIAN_POINT ( 'NONE',  ( -2.350000000000000977, 0.000000000000000000, -8.875000000000000000 ) ) ;
#12715 = PRESENTATION_LAYER_ASSIGNMENT (  '', '', ( #5477 ) ) ;
#12716 = FACE_OUTER_BOUND ( 'NONE', #1775, .T. ) ;
#12717 = EDGE_CURVE ( 'NONE', #8871, #6798, #4598, .T. ) ;
#12718 = DIRECTION ( 'NONE',  ( 0.000000000000000000, 0.000000000000000000, -1.000000000000000000 ) ) ;
#12719 = ORIENTED_EDGE ( 'NONE', *, *, #8082, .T. ) ;
#12720 = CARTESIAN_POINT ( 'NONE',  ( 2.150000000000000799, 0.2530000000000000027, -10.00000000000000000 ) ) ;
#12721 = ORIENTED_EDGE ( 'NONE', *, *, #9236, .F. ) ;
#12722 = CARTESIAN_POINT ( 'NONE',  ( 1.020000000000003570, 0.06250000000000000000, -9.025000000000000355 ) ) ;
#12723 = CARTESIAN_POINT ( 'NONE',  ( 1.717500000000004912, 0.1125000000000000028, -9.875000000000000000 ) ) ;
#12724 = ORIENTED_EDGE ( 'NONE', *, *, #3421, .T. ) ;
#12725 = VECTOR ( 'NONE', #10825, 1000.000000000000000 ) ;
#12726 = EDGE_LOOP ( 'NONE', ( #9855, #2596, #4471, #5472 ) ) ;
#12727 = ORIENTED_EDGE ( 'NONE', *, *, #6289, .F. ) ;
#12728 =( NAMED_UNIT ( * ) PLANE_ANGLE_UNIT ( ) SI_UNIT ( $, .RADIAN. ) );
#12729 = DIRECTION ( 'NONE',  ( 0.000000000000000000, 1.000000000000000000, -0.000000000000000000 ) ) ;
#12730 = DIRECTION ( 'NONE',  ( 0.000000000000000000, 0.000000000000000000, 1.000000000000000000 ) ) ;
#12731 = AXIS2_PLACEMENT_3D ( 'NONE', #9108, #1868, #8336 ) ;
#12732 = AXIS2_PLACEMENT_3D ( 'NONE', #6991, #1764, #10379 ) ;
#12733 = AXIS2_PLACEMENT_3D ( 'NONE', #2008, #13570, #14 ) ;
#12734 = VERTEX_POINT ( 'NONE', #10139 ) ;
#12735 = ORIENTED_EDGE ( 'NONE', *, *, #12363, .F. ) ;
#12736 = LINE ( 'NONE', #4202, #2858 ) ;
#12737 = CARTESIAN_POINT ( 'NONE',  ( 0.5049999999999990052, 0.4780000000000000360, 1.874999999999999556 ) ) ;
#12738 = ORIENTED_EDGE ( 'NONE', *, *, #13557, .T. ) ;
#12739 = DIRECTION ( 'NONE',  ( 0.000000000000000000, 1.000000000000000000, 0.000000000000000000 ) ) ;
#12740 = CIRCLE ( 'NONE', #9447, 0.2000000000000005107 ) ;
#12741 = CARTESIAN_POINT ( 'NONE',  ( 0.4500000000000048406, 0.1125000000000000028, -9.724999999999999645 ) ) ;
#12742 = VERTEX_POINT ( 'NONE', #13297 ) ;
#12743 = DIRECTION ( 'NONE',  ( 1.084202172485504828E-15, 0.000000000000000000, -1.000000000000000000 ) ) ;
#12744 = VECTOR ( 'NONE', #4109, 1000.000000000000000 ) ;
#12745 = VECTOR ( 'NONE', #2901, 1000.000000000000000 ) ;
#12746 = EDGE_CURVE ( 'NONE', #3127, #4968, #13355, .T. ) ;
#12747 = VECTOR ( 'NONE', #10933, 1000.000000000000000 ) ;
#12748 = DIRECTION ( 'NONE',  ( 0.000000000000000000, -0.000000000000000000, -1.000000000000000000 ) ) ;
#12749 =( NAMED_UNIT ( * ) SI_UNIT ( $, .STERADIAN. ) SOLID_ANGLE_UNIT ( ) );
#12750 = DIRECTION ( 'NONE',  ( 0.000000000000000000, 1.000000000000000000, 0.000000000000000000 ) ) ;
#12751 = VECTOR ( 'NONE', #4488, 1000.000000000000000 ) ;
#12752 = ORIENTED_EDGE ( 'NONE', *, *, #4850, .F. ) ;
#12753 = DIRECTION ( 'NONE',  ( -0.000000000000000000, 1.000000000000000000, -0.000000000000000000 ) ) ;
#12754 =( GEOMETRIC_REPRESENTATION_CONTEXT ( 3 ) GLOBAL_UNCERTAINTY_ASSIGNED_CONTEXT ( ( #965 ) ) GLOBAL_UNIT_ASSIGNED_CONTEXT ( ( #4063, #12534, #4125 ) ) REPRESENTATION_CONTEXT ( 'NONE', 'WORKASPACE' ) );
#12755 = CARTESIAN_POINT ( 'NONE',  ( -0.9750000000000001998, 0.06250000000000000000, -9.070000000000002061 ) ) ;
#12756 = LINE ( 'NONE', #9455, #4570 ) ;
#12757 = FACE_OUTER_BOUND ( 'NONE', #13432, .T. ) ;
#12758 = CARTESIAN_POINT ( 'NONE',  ( 0.8499999999999995337, 0.4780000000000000360, 3.174999999999999822 ) ) ;
#12759 = ORIENTED_EDGE ( 'NONE', *, *, #7932, .T. ) ;
#12760 = ORIENTED_EDGE ( 'NONE', *, *, #3630, .F. ) ;
#12761 = ORIENTED_EDGE ( 'NONE', *, *, #6454, .F. ) ;
#12762 = ADVANCED_FACE ( 'NONE', ( #11227 ), #4962, .T. ) ;
#12763 = ADVANCED_FACE ( 'NONE', ( #12602 ), #12662, .T. ) ;
#12764 = VECTOR ( 'NONE', #3429, 1000.000000000000000 ) ;
#12765 = MECHANICAL_DESIGN_GEOMETRIC_PRESENTATION_REPRESENTATION (  '', ( #7927 ), #13211 ) ;
#12766 = DIRECTION ( 'NONE',  ( 0.7071067811865465735, 0.000000000000000000, -0.7071067811865485719 ) ) ;
#12767 = EDGE_CURVE ( 'NONE', #4657, #4855, #10985, .T. ) ;
#12768 = DIRECTION ( 'NONE',  ( -0.000000000000000000, 0.000000000000000000, 1.000000000000000000 ) ) ;
#12769 = VERTEX_POINT ( 'NONE', #3294 ) ;
#12770 = CARTESIAN_POINT ( 'NONE',  ( -0.3019999999999980478, 2.080000000000000071, 9.150000000000000355 ) ) ;
#12771 = CARTESIAN_POINT ( 'NONE',  ( 2.750000000000000000, 0.4780000000000000360, -8.699999999999997513 ) ) ;
#12772 = DIRECTION ( 'NONE',  ( -0.000000000000000000, 1.000000000000000000, -0.000000000000000000 ) ) ;
#12773 = EDGE_LOOP ( 'NONE', ( #11237, #12513, #5802, #1292 ) ) ;
#12774 = AXIS2_PLACEMENT_3D ( 'NONE', #7565, #10799, #6320 ) ;
#12775 = STYLED_ITEM ( 'NONE', ( #6722 ), #9910 ) ;
#12776 = ORIENTED_EDGE ( 'NONE', *, *, #4947, .F. ) ;
#12777 = DIRECTION ( 'NONE',  ( 1.000000000000000000, 0.000000000000000000, -1.084202172485505815E-15 ) ) ;
#12778 = DIRECTION ( 'NONE',  ( -0.7071067811865465735, 0.000000000000000000, -0.7071067811865485719 ) ) ;
#12779 = ORIENTED_EDGE ( 'NONE', *, *, #2854, .T. ) ;
#12780 = EDGE_CURVE ( 'NONE', #13071, #7510, #1025, .T. ) ;
#12781 = EDGE_CURVE ( 'NONE', #7017, #5870, #9357, .T. ) ;
#12782 = DIRECTION ( 'NONE',  ( 0.000000000000000000, -0.000000000000000000, 1.000000000000000000 ) ) ;
#12783 = EDGE_CURVE ( 'NONE', #7223, #10294, #4324, .T. ) ;
#12784 = EDGE_CURVE ( 'NONE', #6135, #11396, #8326, .T. ) ;
#12785 = CARTESIAN_POINT ( 'NONE',  ( 1.350000000000000089, 0.2530000000000000027, -0.7429999999999999938 ) ) ;
#12786 = CARTESIAN_POINT ( 'NONE',  ( 0.1799999999999989664, 0.06250000000000000000, -8.424999999999997158 ) ) ;
#12787 = DIRECTION ( 'NONE',  ( -0.000000000000000000, -1.000000000000000000, -0.000000000000000000 ) ) ;
#12788 = CARTESIAN_POINT ( 'NONE',  ( -0.8019999999999979368, 1.289999999999999591, 8.949999999999999289 ) ) ;
#12789 = CARTESIAN_POINT ( 'NONE',  ( 1.717500000000033555, 0.06250000000000000000, -4.965645949983679728E-15 ) ) ;
#12790 = DIRECTION ( 'NONE',  ( 1.000000000000000000, 0.000000000000000000, 0.000000000000000000 ) ) ;
#12791 = LINE ( 'NONE', #12992, #2037 ) ;
#12792 = ORIENTED_EDGE ( 'NONE', *, *, #593, .F. ) ;
#12793 = LINE ( 'NONE', #1421, #12102 ) ;
#12794 = CARTESIAN_POINT ( 'NONE',  ( 1.115000000000005098, 0.1125000000000000028, -8.389999999999998792 ) ) ;
#12795 = ORIENTED_EDGE ( 'NONE', *, *, #7202, .T. ) ;
#12796 = CARTESIAN_POINT ( 'NONE',  ( -0.9849999999999802247, 0.1125000000000000028, 2.608263842356534209E-15 ) ) ;
#12797 = CLOSED_SHELL ( 'NONE', ( #5866, #4174, #469, #1006, #3505, #9273 ) ) ;
#12798 = FACE_OUTER_BOUND ( 'NONE', #8879, .T. ) ;
#12799 = ORIENTED_EDGE ( 'NONE', *, *, #10696, .F. ) ;
#12800 = VECTOR ( 'NONE', #12182, 1000.000000000000000 ) ;
#12801 = VERTEX_POINT ( 'NONE', #11497 ) ;
#12802 = EDGE_CURVE ( 'NONE', #9423, #11870, #8126, .T. ) ;
#12803 = ORIENTED_EDGE ( 'NONE', *, *, #10344, .T. ) ;
#12804 = EDGE_CURVE ( 'NONE', #9112, #6399, #67, .T. ) ;
#12805 = EDGE_CURVE ( 'NONE', #10496, #4062, #13501, .T. ) ;
#12806 = ADVANCED_FACE ( 'NONE', ( #4057 ), #9561, .F. ) ;
#12807 = DIRECTION ( 'NONE',  ( -1.000000000000000000, 0.000000000000000000, 0.000000000000000000 ) ) ;
#12808 = CARTESIAN_POINT ( 'NONE',  ( 0.07499999999954425067, 0.06250000000000000000, 3.469446951932512160E-15 ) ) ;
#12809 = DIRECTION ( 'NONE',  ( 1.000000000000000000, 0.000000000000000000, 0.000000000000000000 ) ) ;
#12810 = VECTOR ( 'NONE', #10924, 1000.000000000000000 ) ;
#12811 = DIRECTION ( 'NONE',  ( 0.7071067811865365815, 0.000000000000000000, -0.7071067811865584529 ) ) ;
#12812 = ORIENTED_EDGE ( 'NONE', *, *, #7458, .F. ) ;
#12813 = ORIENTED_EDGE ( 'NONE', *, *, #12108, .T. ) ;
#12814 = PLANE ( 'NONE',  #10783 ) ;
#12815 = DIRECTION ( 'NONE',  ( -1.000000000000000000, -0.000000000000000000, -0.000000000000000000 ) ) ;
#12816 = ORIENTED_EDGE ( 'NONE', *, *, #9173, .T. ) ;
#12817 = PLANE ( 'NONE',  #5100 ) ;
#12818 = CARTESIAN_POINT ( 'NONE',  ( 1.500000000000000666, 0.06250000000000000000, 0.000000000000000000 ) ) ;
#12819 = ORIENTED_EDGE ( 'NONE', *, *, #2703, .F. ) ;
#12820 = VECTOR ( 'NONE', #1476, 1000.000000000000000 ) ;
#12821 = DIRECTION ( 'NONE',  ( 0.7071067811865497932, 0.000000000000000000, -0.7071067811865452413 ) ) ;
#12822 = VECTOR ( 'NONE', #6299, 1000.000000000000000 ) ;
#12823 = EDGE_CURVE ( 'NONE', #12560, #2759, #1163, .T. ) ;
#12824 = DIRECTION ( 'NONE',  ( 0.7071067811865465735, 0.000000000000000000, -0.7071067811865485719 ) ) ;
#12825 = DIRECTION ( 'NONE',  ( 0.7071067811865321406, 0.000000000000000000, -0.7071067811865627828 ) ) ;
#12826 = PLANE ( 'NONE',  #10097 ) ;
#12827 = EDGE_LOOP ( 'NONE', ( #11128, #11803, #10490, #4019 ) ) ;
#12828 = CARTESIAN_POINT ( 'NONE',  ( -0.5019999999999983364, 2.880000000000000338, 7.799999999999999822 ) ) ;
#12829 = DIRECTION ( 'NONE',  ( 0.000000000000000000, 1.000000000000000000, 0.000000000000000000 ) ) ;
#12830 = CARTESIAN_POINT ( 'NONE',  ( -0.4500000000000001221, 0.1125000000000000028, -2.403000000000000025 ) ) ;
#12831 = CARTESIAN_POINT ( 'NONE',  ( 2.150000000000000355, 1.320000000000000062, 9.299999999999998934 ) ) ;
#12832 = ORIENTED_EDGE ( 'NONE', *, *, #8477, .F. ) ;
#12833 = VERTEX_POINT ( 'NONE', #8259 ) ;
#12834 = AXIS2_PLACEMENT_3D ( 'NONE', #3764, #2669, #2730 ) ;
#12835 = CYLINDRICAL_SURFACE ( 'NONE', #2477, 0.3999999999999995226 ) ;
#12836 = CARTESIAN_POINT ( 'NONE',  ( -0.3019999999999981033, 1.289999999999999591, 9.150000000000000355 ) ) ;
#12837 = DIRECTION ( 'NONE',  ( 0.000000000000000000, 0.000000000000000000, 1.000000000000000000 ) ) ;
#12838 = CARTESIAN_POINT ( 'NONE',  ( 0.000000000000000000, 0.1125000000000000028, -2.403000000000000025 ) ) ;
#12839 = DIRECTION ( 'NONE',  ( -1.000000000000000000, 0.000000000000000000, 0.000000000000000000 ) ) ;
#12840 = DIRECTION ( 'NONE',  ( -0.000000000000000000, -1.000000000000000000, -0.000000000000000000 ) ) ;
#12841 = EDGE_CURVE ( 'NONE', #10879, #7169, #7216, .T. ) ;
#12842 = ORIENTED_EDGE ( 'NONE', *, *, #8062, .F. ) ;
#12843 = EDGE_LOOP ( 'NONE', ( #13147, #2924, #2967, #3529 ) ) ;
#12844 = EDGE_CURVE ( 'NONE', #5188, #4502, #5303, .T. ) ;
#12845 = PLANE ( 'NONE',  #1472 ) ;
#12846 = ORIENTED_EDGE ( 'NONE', *, *, #8645, .T. ) ;
#12847 = CARTESIAN_POINT ( 'NONE',  ( 0.8499999999999995337, 0.4780000000000000360, 4.299999999999999822 ) ) ;
#12848 = ADVANCED_BREP_SHAPE_REPRESENTATION ( 'BMV080', ( #624, #5406, #805, #5336, #10026, #5499, #10004, #9882, #574, #9626, #9803, #899, #9581, #646, #4833, #5452, #5132, #9910, #719, #4626, #5475, #5387, #5013, #9703, #9559, #326, #5239, #5259, #366, #5067, #9768, #514, #492, #746, #5038, #9786, #9982, #920, #79, #5317, #6801 ), #9663 ) ;
#12849 = DIRECTION ( 'NONE',  ( -0.000000000000000000, 1.000000000000000000, 0.000000000000000000 ) ) ;
#12850 = LINE ( 'NONE', #9891, #12820 ) ;
#12851 = LINE ( 'NONE', #4573, #11416 ) ;
#12852 = CARTESIAN_POINT ( 'NONE',  ( -2.200000000000000622, 0.000000000000000000, -2.142999999999999794 ) ) ;
#12853 = FACE_OUTER_BOUND ( 'NONE', #10402, .T. ) ;
#12854 = EDGE_CURVE ( 'NONE', #7069, #13200, #5164, .T. ) ;
#12855 = CARTESIAN_POINT ( 'NONE',  ( 0.6000000000000000888, 0.06250000000000000000, -2.403000000000000025 ) ) ;
#12856 = EDGE_CURVE ( 'NONE', #7853, #3746, #10472, .T. ) ;
#12857 = VERTEX_POINT ( 'NONE', #8401 ) ;
#12858 = LINE ( 'NONE', #3207, #11882 ) ;
#12859 = ORIENTED_EDGE ( 'NONE', *, *, #12968, .T. ) ;
#12860 = ADVANCED_FACE ( 'NONE', ( #3153 ), #7355, .F. ) ;
#12861 = CARTESIAN_POINT ( 'NONE',  ( 2.350000000000000089, 0.2530000000000000027, -9.074999999999999289 ) ) ;
#12862 = CARTESIAN_POINT ( 'NONE',  ( 2.199999999999999734, -0.2250000000000000056, 5.349999999999998757 ) ) ;
#12863 = VERTEX_POINT ( 'NONE', #6405 ) ;
#12864 = VERTEX_POINT ( 'NONE', #6325 ) ;
#12865 = VERTEX_POINT ( 'NONE', #9499 ) ;
#12866 = EDGE_LOOP ( 'NONE', ( #2775, #12001, #6829, #1203 ) ) ;
#12867 = CARTESIAN_POINT ( 'NONE',  ( 0.8499999999999995337, 0.4780000000000000360, 3.174999999999999822 ) ) ;
#12868 = CARTESIAN_POINT ( 'NONE',  ( 0.6499999999999989120, 0.06250000000000000000, -9.025000000000000355 ) ) ;
#12869 = SURFACE_STYLE_USAGE ( .BOTH. , #206 ) ;
#12870 = DIRECTION ( 'NONE',  ( -0.7071067811865584529, 0.000000000000000000, -0.7071067811865365815 ) ) ;
#12871 = ORIENTED_EDGE ( 'NONE', *, *, #11191, .F. ) ;
#12872 = ADVANCED_FACE ( 'NONE', ( #10608 ), #130, .F. ) ;
#12873 = VERTEX_POINT ( 'NONE', #12868 ) ;
#12874 = EDGE_CURVE ( 'NONE', #1636, #11904, #12030, .T. ) ;
#12875 = DIRECTION ( 'NONE',  ( 1.000000000000000000, 0.000000000000000000, 0.000000000000000000 ) ) ;
#12876 = CARTESIAN_POINT ( 'NONE',  ( 0.000000000000000000, 0.06250000000000000000, -9.875000000000000000 ) ) ;
#12877 = EDGE_LOOP ( 'NONE', ( #11666, #10035, #8736, #5923 ) ) ;
#12878 = EDGE_CURVE ( 'NONE', #5832, #13192, #9913, .T. ) ;
#12879 = DIRECTION ( 'NONE',  ( -0.000000000000000000, 0.000000000000000000, -1.000000000000000000 ) ) ;
#12880 = DIRECTION ( 'NONE',  ( -0.000000000000000000, 1.000000000000000000, -0.000000000000000000 ) ) ;
#12881 = ORIENTED_EDGE ( 'NONE', *, *, #2977, .F. ) ;
#12882 = CARTESIAN_POINT ( 'NONE',  ( 1.717500000000033555, 0.06250000000000000000, -4.965645949983679728E-15 ) ) ;
#12883 = DIRECTION ( 'NONE',  ( 0.000000000000000000, 0.000000000000000000, -1.000000000000000000 ) ) ;
#12884 = DIRECTION ( 'NONE',  ( -1.000000000000000000, 0.000000000000000000, 0.000000000000000000 ) ) ;
#12885 = FACE_OUTER_BOUND ( 'NONE', #13379, .T. ) ;
#12886 = ORIENTED_EDGE ( 'NONE', *, *, #9949, .T. ) ;
#12887 = DIRECTION ( 'NONE',  ( 0.000000000000000000, 0.000000000000000000, -1.000000000000000000 ) ) ;
#12888 = FACE_OUTER_BOUND ( 'NONE', #4072, .T. ) ;
#12889 = ADVANCED_FACE ( 'NONE', ( #11898 ), #10807, .F. ) ;
#12890 = VECTOR ( 'NONE', #4858, 1000.000000000000000 ) ;
#12891 = PLANE ( 'NONE',  #5311 ) ;
#12892 = DIRECTION ( 'NONE',  ( 2.891205793294662451E-15, 0.000000000000000000, -1.000000000000000000 ) ) ;
#12893 = ORIENTED_EDGE ( 'NONE', *, *, #1505, .F. ) ;
#12894 = ORIENTED_EDGE ( 'NONE', *, *, #12264, .F. ) ;
#12895 = CARTESIAN_POINT ( 'NONE',  ( 8.138021506676202593E-15, 0.06250000000000000000, -3.753000000000001890 ) ) ;
#12896 = AXIS2_PLACEMENT_3D ( 'NONE', #954, #3975, #8385 ) ;
#12897 = DIRECTION ( 'NONE',  ( 5.421010862427526114E-16, 0.000000000000000000, 1.000000000000000000 ) ) ;
#12898 = DIRECTION ( 'NONE',  ( 1.511083167227183514E-16, 0.000000000000000000, -1.000000000000000000 ) ) ;
#12899 = PLANE ( 'NONE',  #13618 ) ;
#12900 = DIRECTION ( 'NONE',  ( 1.000000000000000000, 0.000000000000000000, 0.000000000000000000 ) ) ;
#12901 = PLANE ( 'NONE',  #665 ) ;
#12902 = PRESENTATION_LAYER_ASSIGNMENT (  '', '', ( #11146 ) ) ;
#12903 = ORIENTED_EDGE ( 'NONE', *, *, #6830, .F. ) ;
#12904 = ORIENTED_EDGE ( 'NONE', *, *, #11404, .F. ) ;
#12905 = CYLINDRICAL_SURFACE ( 'NONE', #3893, 0.1749999999999998224 ) ;
#12906 = ORIENTED_EDGE ( 'NONE', *, *, #7392, .T. ) ;
#12907 = DIRECTION ( 'NONE',  ( -0.000000000000000000, -0.000000000000000000, -1.000000000000000000 ) ) ;
#12908 = ADVANCED_FACE ( 'NONE', ( #11825 ), #2386, .T. ) ;
#12909 = VECTOR ( 'NONE', #1268, 1000.000000000000000 ) ;
#12910 = CARTESIAN_POINT ( 'NONE',  ( -2.350000000000000977, 0.4780000000000000360, -9.074999999999999289 ) ) ;
#12911 =( GEOMETRIC_REPRESENTATION_CONTEXT ( 3 ) GLOBAL_UNCERTAINTY_ASSIGNED_CONTEXT ( ( #836 ) ) GLOBAL_UNIT_ASSIGNED_CONTEXT ( ( #3011, #7571, #280 ) ) REPRESENTATION_CONTEXT ( 'NONE', 'WORKASPACE' ) );
#12912 = DIRECTION ( 'NONE',  ( 0.000000000000000000, 0.000000000000000000, -1.000000000000000000 ) ) ;
#12913 = PLANE ( 'NONE',  #721 ) ;
#12914 = DIRECTION ( 'NONE',  ( -0.000000000000000000, 0.000000000000000000, -1.000000000000000000 ) ) ;
#12915 = CARTESIAN_POINT ( 'NONE',  ( 0.000000000000000000, 0.06250000000000000000, 0.000000000000000000 ) ) ;
#12916 = LINE ( 'NONE', #7555, #713 ) ;
#12917 = LINE ( 'NONE', #2511, #11057 ) ;
#12918 = ORIENTED_EDGE ( 'NONE', *, *, #1142, .F. ) ;
#12919 = DIRECTION ( 'NONE',  ( -0.000000000000000000, -1.000000000000000000, -0.000000000000000000 ) ) ;
#12920 = ORIENTED_EDGE ( 'NONE', *, *, #7580, .T. ) ;
#12921 = FACE_OUTER_BOUND ( 'NONE', #1964, .T. ) ;
#12922 = CARTESIAN_POINT ( 'NONE',  ( 0.9750000000000014211, 0.06250000000000000000, -9.875000000000000000 ) ) ;
#12923 = ORIENTED_EDGE ( 'NONE', *, *, #12802, .F. ) ;
#12924 = VERTEX_POINT ( 'NONE', #11966 ) ;
#12925 = ORIENTED_EDGE ( 'NONE', *, *, #2066, .T. ) ;
#12926 = AXIS2_PLACEMENT_3D ( 'NONE', #2729, #7901, #8728 ) ;
#12927 = VERTEX_POINT ( 'NONE', #7825 ) ;
#12928 = EDGE_CURVE ( 'NONE', #10218, #10440, #1227, .T. ) ;
#12929 = EDGE_CURVE ( 'NONE', #7487, #9641, #8667, .T. ) ;
#12930 = CARTESIAN_POINT ( 'NONE',  ( 1.500000000000000666, 0.06250000000000000000, -3.402999999999999581 ) ) ;
#12931 = LINE ( 'NONE', #2461, #12747 ) ;
#12932 = VECTOR ( 'NONE', #6605, 1000.000000000000000 ) ;
#12933 = ADVANCED_FACE ( 'NONE', ( #9628 ), #205, .T. ) ;
#12934 = CARTESIAN_POINT ( 'NONE',  ( 1.942500000000000338, 0.06250000000000000000, 8.131516293641288185E-16 ) ) ;
#12935 = DIRECTION ( 'NONE',  ( 0.000000000000000000, 1.000000000000000000, 0.000000000000000000 ) ) ;
#12936 = EDGE_LOOP ( 'NONE', ( #6869, #6692, #274, #2313 ) ) ;
#12937 = VECTOR ( 'NONE', #4879, 1000.000000000000000 ) ;
#12938 = VERTEX_POINT ( 'NONE', #278 ) ;
#12939 =( NAMED_UNIT ( * ) PLANE_ANGLE_UNIT ( ) SI_UNIT ( $, .RADIAN. ) );
#12940 = VECTOR ( 'NONE', #9955, 1000.000000000000000 ) ;
#12941 = LINE ( 'NONE', #3565, #7674 ) ;
#12942 = ORIENTED_EDGE ( 'NONE', *, *, #11535, .F. ) ;
#12943 = CARTESIAN_POINT ( 'NONE',  ( 0.8499999999999995337, 0.2530000000000000027, 4.299999999999999822 ) ) ;
#12944 = DIRECTION ( 'NONE',  ( 2.891205793294662451E-15, 0.000000000000000000, -1.000000000000000000 ) ) ;
#12945 = ORIENTED_EDGE ( 'NONE', *, *, #11950, .F. ) ;
#12946 = CIRCLE ( 'NONE', #12287, 1.190000000000000169 ) ;
#12947 = DIRECTION ( 'NONE',  ( 1.000000000000000000, 0.000000000000000000, 2.693669993752817464E-16 ) ) ;
#12948 = ADVANCED_FACE ( 'NONE', ( #4401 ), #7630, .T. ) ;
#12949 = EDGE_CURVE ( 'NONE', #1501, #60, #11759, .T. ) ;
#12950 = VECTOR ( 'NONE', #6757, 1000.000000000000000 ) ;
#12951 = VECTOR ( 'NONE', #263, 1000.000000000000000 ) ;
#12952 = DIRECTION ( 'NONE',  ( -0.000000000000000000, 1.000000000000000000, -0.000000000000000000 ) ) ;
#12953 = VECTOR ( 'NONE', #6893, 1000.000000000000000 ) ;
#12954 = ADVANCED_FACE ( 'NONE', ( #6535 ), #9770, .F. ) ;
#12955 = LINE ( 'NONE', #8616, #8282 ) ;
#12956 = LINE ( 'NONE', #6897, #8329 ) ;
#12957 = ORIENTED_EDGE ( 'NONE', *, *, #2096, .T. ) ;
#12958 = LINE ( 'NONE', #4828, #9668 ) ;
#12959 = PLANE ( 'NONE',  #7873 ) ;
#12960 = PLANE ( 'NONE',  #8381 ) ;
#12961 = AXIS2_PLACEMENT_3D ( 'NONE', #56, #4254, #4314 ) ;
#12962 = DIRECTION ( 'NONE',  ( 0.000000000000000000, -1.000000000000000000, 0.000000000000000000 ) ) ;
#12963 = VECTOR ( 'NONE', #10899, 1000.000000000000000 ) ;
#12964 = ORIENTED_EDGE ( 'NONE', *, *, #5210, .F. ) ;
#12965 = VECTOR ( 'NONE', #5085, 1000.000000000000000 ) ;
#12966 = ORIENTED_EDGE ( 'NONE', *, *, #12929, .F. ) ;
#12967 = VECTOR ( 'NONE', #9405, 1000.000000000000000 ) ;
#12968 = EDGE_CURVE ( 'NONE', #9201, #9564, #1297, .T. ) ;
#12969 = CARTESIAN_POINT ( 'NONE',  ( 2.350000000000000089, 0.1125000000000000028, -9.074999999999999289 ) ) ;
#12970 = EDGE_CURVE ( 'NONE', #12927, #6086, #12931, .T. ) ;
#12971 = VECTOR ( 'NONE', #3999, 1000.000000000000000 ) ;
#12972 = CARTESIAN_POINT ( 'NONE',  ( -0.5500000000000007105, 0.4780000000000000360, 3.694999999999999840 ) ) ;
#12973 = AXIS2_PLACEMENT_3D ( 'NONE', #853, #11377, #9316 ) ;
#12974 = CARTESIAN_POINT ( 'NONE',  ( 0.8499999999999994227, 0.4780000000000000360, 3.899999999999999911 ) ) ;
#12975 = ORIENTED_EDGE ( 'NONE', *, *, #3768, .F. ) ;
#12976 = DIRECTION ( 'NONE',  ( -3.937276258624512481E-16, -0.000000000000000000, -1.000000000000000000 ) ) ;
#12977 = DIRECTION ( 'NONE',  ( 1.000000000000000000, 0.000000000000000000, 0.000000000000000000 ) ) ;
#12978 = CARTESIAN_POINT ( 'NONE',  ( 0.9943145750507611513, 1.089999999999999858, 6.299999999999999822 ) ) ;
#12979 = ORIENTED_EDGE ( 'NONE', *, *, #11584, .T. ) ;
#12980 = ORIENTED_EDGE ( 'NONE', *, *, #163, .F. ) ;
#12981 = AXIS2_PLACEMENT_3D ( 'NONE', #10259, #3004, #7279 ) ;
#12982 = CARTESIAN_POINT ( 'NONE',  ( 2.575000000000000178, 0.4780000000000000360, -8.500000000000000000 ) ) ;
#12983 = MECHANICAL_DESIGN_GEOMETRIC_PRESENTATION_REPRESENTATION (  '', ( #1770 ), #8576 ) ;
#12984 = ORIENTED_EDGE ( 'NONE', *, *, #7996, .T. ) ;
#12985 = DIRECTION ( 'NONE',  ( 0.000000000000000000, 0.000000000000000000, -1.000000000000000000 ) ) ;
#12986 = CARTESIAN_POINT ( 'NONE',  ( -1.999999999999999556, 0.4780000000000000360, -2.328000000000001624 ) ) ;
#12987 = CIRCLE ( 'NONE', #13223, 1.289999999999999591 ) ;
#12988 = PLANE ( 'NONE',  #8630 ) ;
#12989 = CARTESIAN_POINT ( 'NONE',  ( -0.3019999999999989360, 2.080000000000000071, 9.429999999999999716 ) ) ;
#12990 = DIRECTION ( 'NONE',  ( 0.000000000000000000, 0.000000000000000000, 1.000000000000000000 ) ) ;
#12991 = LINE ( 'NONE', #6784, #6640 ) ;
#12992 = CARTESIAN_POINT ( 'NONE',  ( 0.9850000000000036504, 0.06250000000000000000, -8.389999999999998792 ) ) ;
#12993 = VERTEX_POINT ( 'NONE', #4592 ) ;
#12994 = DIRECTION ( 'NONE',  ( 0.000000000000000000, -1.000000000000000000, 0.000000000000000000 ) ) ;
#12995 = VERTEX_POINT ( 'NONE', #3416 ) ;
#12996 = CARTESIAN_POINT ( 'NONE',  ( 0.8500000000000003109, 0.1125000000000000028, -2.403000000000000025 ) ) ;
#12997 = DIRECTION ( 'NONE',  ( -0.000000000000000000, 1.000000000000000000, -0.000000000000000000 ) ) ;
#12998 = ORIENTED_EDGE ( 'NONE', *, *, #5295, .T. ) ;
#12999 = EDGE_LOOP ( 'NONE', ( #13079, #8363, #7984, #11963 ) ) ;
#13000 = ORIENTED_EDGE ( 'NONE', *, *, #8209, .T. ) ;
#13001 = AXIS2_PLACEMENT_3D ( 'NONE', #11271, #5978, #2861 ) ;
#13002 = ORIENTED_EDGE ( 'NONE', *, *, #9587, .F. ) ;
#13003 = LINE ( 'NONE', #12930, #6777 ) ;
#13004 = CARTESIAN_POINT ( 'NONE',  ( 0.000000000000000000, 1.320000000000000062, 0.000000000000000000 ) ) ;
#13005 = DIRECTION ( 'NONE',  ( 0.000000000000000000, 1.000000000000000000, -0.000000000000000000 ) ) ;
#13006 = VERTEX_POINT ( 'NONE', #9705 ) ;
#13007 = VERTEX_POINT ( 'NONE', #6676 ) ;
#13008 = LINE ( 'NONE', #2468, #11225 ) ;
#13009 = VECTOR ( 'NONE', #1441, 1000.000000000000000 ) ;
#13010 = FACE_OUTER_BOUND ( 'NONE', #2608, .T. ) ;
#13011 = EDGE_CURVE ( 'NONE', #5034, #2324, #1497, .T. ) ;
#13012 = ORIENTED_EDGE ( 'NONE', *, *, #7718, .F. ) ;
#13013 = ADVANCED_FACE ( 'NONE', ( #5641 ), #9830, .T. ) ;
#13014 = DIRECTION ( 'NONE',  ( 0.000000000000000000, -0.000000000000000000, -1.000000000000000000 ) ) ;
#13015 = CARTESIAN_POINT ( 'NONE',  ( 0.000000000000000000, 0.06250000000000000000, -9.875000000000000000 ) ) ;
#13016 = ORIENTED_EDGE ( 'NONE', *, *, #7477, .T. ) ;
#13017 = ADVANCED_FACE ( 'NONE', ( #3695 ), #12311, .F. ) ;
#13018 = LINE ( 'NONE', #12042, #5672 ) ;
#13019 = ORIENTED_EDGE ( 'NONE', *, *, #1007, .F. ) ;
#13020 = CLOSED_SHELL ( 'NONE', ( #2419, #11667, #12301, #4569, #5465, #13312 ) ) ;
#13021 = VECTOR ( 'NONE', #8391, 1000.000000000000000 ) ;
#13022 = LINE ( 'NONE', #8743, #6575 ) ;
#13023 = LINE ( 'NONE', #3578, #9208 ) ;
#13024 = EDGE_LOOP ( 'NONE', ( #10030, #5429, #11558, #10835 ) ) ;
#13025 = ORIENTED_EDGE ( 'NONE', *, *, #11160, .F. ) ;
#13026 = LINE ( 'NONE', #10003, #8563 ) ;
#13027 = DIRECTION ( 'NONE',  ( 0.000000000000000000, -0.000000000000000000, -1.000000000000000000 ) ) ;
#13028 = EDGE_CURVE ( 'NONE', #6634, #6416, #2728, .T. ) ;
#13029 = EDGE_CURVE ( 'NONE', #9382, #9758, #7899, .T. ) ;
#13030 = CARTESIAN_POINT ( 'NONE',  ( 0.000000000000000000, 0.1125000000000000028, 0.000000000000000000 ) ) ;
#13031 = CIRCLE ( 'NONE', #4910, 0.1749999999999998224 ) ;
#13032 = DIRECTION ( 'NONE',  ( -0.000000000000000000, 1.000000000000000000, -0.000000000000000000 ) ) ;
#13033 = AXIS2_PLACEMENT_3D ( 'NONE', #9806, #10093, #664 ) ;
#13034 = ORIENTED_EDGE ( 'NONE', *, *, #5225, .T. ) ;
#13035 = EDGE_CURVE ( 'NONE', #5755, #5582, #9142, .T. ) ;
#13036 = VERTEX_POINT ( 'NONE', #8033 ) ;
#13037 = CARTESIAN_POINT ( 'NONE',  ( -0.5249999999999994671, 0.06250000000000000000, -9.875000000000000000 ) ) ;
#13038 =( GEOMETRIC_REPRESENTATION_CONTEXT ( 3 ) GLOBAL_UNCERTAINTY_ASSIGNED_CONTEXT ( ( #11029 ) ) GLOBAL_UNIT_ASSIGNED_CONTEXT ( ( #11662, #169, #11731 ) ) REPRESENTATION_CONTEXT ( 'NONE', 'WORKASPACE' ) );
#13039 = VECTOR ( 'NONE', #4089, 1000.000000000000000 ) ;
#13040 = CYLINDRICAL_SURFACE ( 'NONE', #11422, 0.1999999999999998723 ) ;
#13041 = AXIS2_PLACEMENT_3D ( 'NONE', #6231, #9191, #5133 ) ;
#13042 = DIRECTION ( 'NONE',  ( -0.000000000000000000, -0.000000000000000000, 1.000000000000000000 ) ) ;
#13043 = ORIENTED_EDGE ( 'NONE', *, *, #2246, .T. ) ;
#13044 = LINE ( 'NONE', #8909, #12963 ) ;
#13045 = CARTESIAN_POINT ( 'NONE',  ( -1.414999999999999591, 0.1125000000000000028, -8.389999999999998792 ) ) ;
#13046 = CARTESIAN_POINT ( 'NONE',  ( 2.150000000000000799, 0.4780000000000000360, -9.799999999999998934 ) ) ;
#13047 = EDGE_CURVE ( 'NONE', #10255, #8945, #8939, .T. ) ;
#13048 = VERTEX_POINT ( 'NONE', #4801 ) ;
#13049 = PLANE ( 'NONE',  #5712 ) ;
#13050 = ADVANCED_FACE ( 'NONE', ( #10247 ), #2666, .T. ) ;
#13051 = ORIENTED_EDGE ( 'NONE', *, *, #1858, .T. ) ;
#13052 = ADVANCED_FACE ( 'NONE', ( #5778 ), #7970, .F. ) ;
#13053 = CARTESIAN_POINT ( 'NONE',  ( 1.125000000000005329, 0.06250000000000000000, -9.799999999999998934 ) ) ;
#13054 = VERTEX_POINT ( 'NONE', #5842 ) ;
#13055 = DIRECTION ( 'NONE',  ( 0.000000000000000000, 0.000000000000000000, -1.000000000000000000 ) ) ;
#13056 = CARTESIAN_POINT ( 'NONE',  ( -1.350000000000000533, 0.2530000000000000027, 3.694999999999999840 ) ) ;
#13057 = VERTEX_POINT ( 'NONE', #813 ) ;
#13058 = LINE ( 'NONE', #1833, #13408 ) ;
#13059 = DIRECTION ( 'NONE',  ( 0.000000000000000000, 0.000000000000000000, -1.000000000000000000 ) ) ;
#13060 = CARTESIAN_POINT ( 'NONE',  ( -2.200000000000000178, -0.2250000000000000056, 5.349999999999999645 ) ) ;
#13061 = DIRECTION ( 'NONE',  ( -7.709882115452468306E-16, -0.000000000000000000, -1.000000000000000000 ) ) ;
#13062 = ORIENTED_EDGE ( 'NONE', *, *, #6305, .F. ) ;
#13063 = DIRECTION ( 'NONE',  ( 0.000000000000000000, -1.000000000000000000, 0.000000000000000000 ) ) ;
#13064 = VERTEX_POINT ( 'NONE', #7076 ) ;
#13065 = EDGE_CURVE ( 'NONE', #3391, #1895, #8180, .T. ) ;
#13066 = DIRECTION ( 'NONE',  ( -1.000000000000000000, 0.000000000000000000, 0.000000000000000000 ) ) ;
#13067 = LINE ( 'NONE', #4729, #2662 ) ;
#13068 = ORIENTED_EDGE ( 'NONE', *, *, #2503, .T. ) ;
#13069 = ORIENTED_EDGE ( 'NONE', *, *, #1741, .T. ) ;
#13070 = ORIENTED_EDGE ( 'NONE', *, *, #10502, .T. ) ;
#13071 = VERTEX_POINT ( 'NONE', #1705 ) ;
#13072 = CARTESIAN_POINT ( 'NONE',  ( 2.350000000000000089, 0.2530000000000000027, -8.875000000000000000 ) ) ;
#13073 = DIRECTION ( 'NONE',  ( 1.000000000000000000, 0.000000000000000000, 0.000000000000000000 ) ) ;
#13074 = PLANE ( 'NONE',  #6534 ) ;
#13075 = ORIENTED_EDGE ( 'NONE', *, *, #423, .T. ) ;
#13076 = VERTEX_POINT ( 'NONE', #3762 ) ;
#13077 = DIRECTION ( 'NONE',  ( -1.000000000000000000, -0.000000000000000000, -0.000000000000000000 ) ) ;
#13078 = DIRECTION ( 'NONE',  ( -0.000000000000000000, 1.000000000000000000, -0.000000000000000000 ) ) ;
#13079 = ORIENTED_EDGE ( 'NONE', *, *, #7658, .T. ) ;
#13080 = DIRECTION ( 'NONE',  ( 0.000000000000000000, 0.000000000000000000, -1.000000000000000000 ) ) ;
#13081 = DIRECTION ( 'NONE',  ( -1.000000000000000000, 0.000000000000000000, 0.000000000000000000 ) ) ;
#13082 = EDGE_LOOP ( 'NONE', ( #12227, #1651, #3413, #5581 ) ) ;
#13083 = DIRECTION ( 'NONE',  ( -0.000000000000000000, 0.000000000000000000, 1.000000000000000000 ) ) ;
#13084 = EDGE_LOOP ( 'NONE', ( #957, #7549, #4721, #2869 ) ) ;
#13085 = FACE_OUTER_BOUND ( 'NONE', #13349, .T. ) ;
#13086 = EDGE_CURVE ( 'NONE', #7188, #8322, #11137, .T. ) ;
#13087 = DIRECTION ( 'NONE',  ( 0.000000000000000000, 0.000000000000000000, 1.000000000000000000 ) ) ;
#13088 = CARTESIAN_POINT ( 'NONE',  ( 0.5500000000000042633, 0.06250000000000000000, 0.000000000000000000 ) ) ;
#13089 = UNCERTAINTY_MEASURE_WITH_UNIT (LENGTH_MEASURE( 1.000000000000000082E-05 ), #4750, 'distance_accuracy_value', 'NONE');
#13090 = EDGE_LOOP ( 'NONE', ( #6195, #570, #1644, #11893 ) ) ;
#13091 = VERTEX_POINT ( 'NONE', #5911 ) ;
#13092 = CARTESIAN_POINT ( 'NONE',  ( -1.424999999999997824, 0.06250000000000000000, 3.838479741097750883E-16 ) ) ;
#13093 = DIRECTION ( 'NONE',  ( -0.000000000000000000, 1.000000000000000000, -0.000000000000000000 ) ) ;
#13094 = LINE ( 'NONE', #11100, #9479 ) ;
#13095 = DIRECTION ( 'NONE',  ( -0.000000000000000000, 1.000000000000000000, -0.000000000000000000 ) ) ;
#13096 = ORIENTED_EDGE ( 'NONE', *, *, #11333, .T. ) ;
#13097 = ORIENTED_EDGE ( 'NONE', *, *, #10344, .F. ) ;
#13098 = DIRECTION ( 'NONE',  ( 1.000000000000000000, 0.000000000000000000, 0.000000000000000000 ) ) ;
#13099 = EDGE_CURVE ( 'NONE', #3938, #2481, #6873, .T. ) ;
#13100 = ADVANCED_FACE ( 'NONE', ( #13212 ), #9984, .F. ) ;
#13101 = LINE ( 'NONE', #5812, #7025 ) ;
#13102 = EDGE_CURVE ( 'NONE', #9906, #2292, #10046, .T. ) ;
#13103 = CARTESIAN_POINT ( 'NONE',  ( -2.150000000000000799, 0.2530000000000000027, -6.987373870972730217 ) ) ;
#13104 = ORIENTED_EDGE ( 'NONE', *, *, #11858, .F. ) ;
#13105 = LINE ( 'NONE', #9953, #10561 ) ;
#13106 =( NAMED_UNIT ( * ) PLANE_ANGLE_UNIT ( ) SI_UNIT ( $, .RADIAN. ) );
#13107 = LINE ( 'NONE', #2558, #7657 ) ;
#13108 = VERTEX_POINT ( 'NONE', #12233 ) ;
#13109 = DIRECTION ( 'NONE',  ( -0.000000000000000000, 1.000000000000000000, -0.000000000000000000 ) ) ;
#13110 = ORIENTED_EDGE ( 'NONE', *, *, #6922, .F. ) ;
#13111 = CARTESIAN_POINT ( 'NONE',  ( 0.000000000000000000, 0.000000000000000000, 8.949999999999999289 ) ) ;
#13112 = ORIENTED_EDGE ( 'NONE', *, *, #6978, .T. ) ;
#13113 = AXIS2_PLACEMENT_3D ( 'NONE', #12416, #12141, #13449 ) ;
#13114 = PLANE ( 'NONE',  #4900 ) ;
#13115 = EDGE_CURVE ( 'NONE', #1247, #1630, #684, .T. ) ;
#13116 = ADVANCED_FACE ( 'NONE', ( #3827 ), #7004, .F. ) ;
#13117 = CARTESIAN_POINT ( 'NONE',  ( -2.149999999999998579, 0.2530000000000000027, 10.00000000000000000 ) ) ;
#13118 = VERTEX_POINT ( 'NONE', #10192 ) ;
#13119 = CARTESIAN_POINT ( 'NONE',  ( 0.000000000000000000, 0.1125000000000000028, 0.000000000000000000 ) ) ;
#13120 = CARTESIAN_POINT ( 'NONE',  ( 8.138021506676193126E-15, 0.1125000000000000028, -3.752999999999997449 ) ) ;
#13121 = PLANE ( 'NONE',  #6151 ) ;
#13122 = CARTESIAN_POINT ( 'NONE',  ( -0.4200000000000015388, 0.06250000000000000000, -9.025000000000000355 ) ) ;
#13123 = VECTOR ( 'NONE', #12870, 1000.000000000000000 ) ;
#13124 = ORIENTED_EDGE ( 'NONE', *, *, #8044, .F. ) ;
#13125 =( NAMED_UNIT ( * ) PLANE_ANGLE_UNIT ( ) SI_UNIT ( $, .RADIAN. ) );
#13126 = ORIENTED_EDGE ( 'NONE', *, *, #4426, .F. ) ;
#13127 = CARTESIAN_POINT ( 'NONE',  ( -0.3019999999999980478, 2.080000000000000071, 9.150000000000000355 ) ) ;
#13128 = DIRECTION ( 'NONE',  ( 1.000000000000000000, 0.000000000000000000, 0.000000000000000000 ) ) ;
#13129 = ORIENTED_EDGE ( 'NONE', *, *, #12680, .T. ) ;
#13130 = ORIENTED_EDGE ( 'NONE', *, *, #2023, .T. ) ;
#13131 = CIRCLE ( 'NONE', #1914, 0.9999999999999991118 ) ;
#13132 = ORIENTED_EDGE ( 'NONE', *, *, #7129, .T. ) ;
#13133 = ORIENTED_EDGE ( 'NONE', *, *, #4870, .F. ) ;
#13134 = EDGE_CURVE ( 'NONE', #1630, #7334, #754, .T. ) ;
#13135 = CARTESIAN_POINT ( 'NONE',  ( 1.707499999999999130, 0.06250000000000000000, 1.004762664596471313E-15 ) ) ;
#13136 = DIRECTION ( 'NONE',  ( 0.000000000000000000, -0.000000000000000000, 1.000000000000000000 ) ) ;
#13137 = EDGE_CURVE ( 'NONE', #10595, #304, #8632, .T. ) ;
#13138 =( LENGTH_UNIT ( ) NAMED_UNIT ( * ) SI_UNIT ( .MILLI., .METRE. ) );
#13139 = PLANE ( 'NONE',  #9604 ) ;
#13140 = VERTEX_POINT ( 'NONE', #5549 ) ;
#13141 = ORIENTED_EDGE ( 'NONE', *, *, #2151, .F. ) ;
#13142 = DIRECTION ( 'NONE',  ( 1.084202172485504631E-15, 0.000000000000000000, 1.000000000000000000 ) ) ;
#13143 = DIRECTION ( 'NONE',  ( -4.707526393424183343E-15, 0.000000000000000000, -1.000000000000000000 ) ) ;
#13144 = VERTEX_POINT ( 'NONE', #4429 ) ;
#13145 = CARTESIAN_POINT ( 'NONE',  ( -3.702500000000012559, 0.06250000000000000000, -3.702500000000127134 ) ) ;
#13146 = DIRECTION ( 'NONE',  ( -0.000000000000000000, -1.000000000000000000, -0.000000000000000000 ) ) ;
#13147 = ORIENTED_EDGE ( 'NONE', *, *, #1107, .T. ) ;
#13148 = CARTESIAN_POINT ( 'NONE',  ( -0.9749999999999999778, 0.1125000000000000028, -9.875000000000000000 ) ) ;
#13149 = VERTEX_POINT ( 'NONE', #1071 ) ;
#13150 = AXIS2_PLACEMENT_3D ( 'NONE', #1514, #13083, #4816 ) ;
#13151 = CARTESIAN_POINT ( 'NONE',  ( 0.3850000000000033951, 0.06250000000000000000, -8.389999999999998792 ) ) ;
#13152 = VECTOR ( 'NONE', #6329, 1000.000000000000000 ) ;
#13153 = PRESENTATION_STYLE_ASSIGNMENT (( #4823 ) ) ;
#13154 = VECTOR ( 'NONE', #11720, 1000.000000000000000 ) ;
#13155 = CARTESIAN_POINT ( 'NONE',  ( -2.150000000000001688, 0.4780000000000000360, -9.799999999999998934 ) ) ;
#13156 = ORIENTED_EDGE ( 'NONE', *, *, #172, .F. ) ;
#13157 = ORIENTED_EDGE ( 'NONE', *, *, #13615, .T. ) ;
#13158 = DIRECTION ( 'NONE',  ( 0.7071067811865594521, 0.000000000000000000, -0.7071067811865356934 ) ) ;
#13159 = LINE ( 'NONE', #2693, #1946 ) ;
#13160 = AXIS2_PLACEMENT_3D ( 'NONE', #10032, #11196, #8092 ) ;
#13161 = CARTESIAN_POINT ( 'NONE',  ( -0.6849999999999963896, 0.06250000000000000000, -8.389999999999998792 ) ) ;
#13162 = LINE ( 'NONE', #9862, #12524 ) ;
#13163 = VERTEX_POINT ( 'NONE', #6181 ) ;
#13164 = AXIS2_PLACEMENT_3D ( 'NONE', #7048, #789, #11378 ) ;
#13165 = ORIENTED_EDGE ( 'NONE', *, *, #4868, .T. ) ;
#13166 = VECTOR ( 'NONE', #9449, 1000.000000000000000 ) ;
#13167 = VECTOR ( 'NONE', #1315, 1000.000000000000000 ) ;
#13168 = LINE ( 'NONE', #363, #736 ) ;
#13169 = CARTESIAN_POINT ( 'NONE',  ( -4.937499999999997335, 0.06250000000000000000, -4.937499999999984013 ) ) ;
#13170 = LINE ( 'NONE', #1876, #2110 ) ;
#13171 = VECTOR ( 'NONE', #9091, 1000.000000000000000 ) ;
#13172 = ORIENTED_EDGE ( 'NONE', *, *, #2606, .F. ) ;
#13173 = CARTESIAN_POINT ( 'NONE',  ( 2.200000000000001510, 0.2530000000000000027, 6.300000000000001599 ) ) ;
#13174 = AXIS2_PLACEMENT_3D ( 'NONE', #5955, #5881, #1541 ) ;
#13175 = CARTESIAN_POINT ( 'NONE',  ( 2.750000000000000000, 0.2530000000000000027, -8.500000000000001776 ) ) ;
#13176 = CARTESIAN_POINT ( 'NONE',  ( -0.5150000000000006795, 0.06250000000000000000, -7.653000000000000469 ) ) ;
#13177 = VECTOR ( 'NONE', #2043, 1000.000000000000000 ) ;
#13178 = ORIENTED_EDGE ( 'NONE', *, *, #3785, .T. ) ;
#13179 = CARTESIAN_POINT ( 'NONE',  ( -0.4500000000000025091, 0.1125000000000000028, -9.125000000000000000 ) ) ;
#13180 = VECTOR ( 'NONE', #10079, 1000.000000000000000 ) ;
#13181 = ORIENTED_EDGE ( 'NONE', *, *, #7886, .T. ) ;
#13182 = EDGE_CURVE ( 'NONE', #9220, #1602, #8244, .T. ) ;
#13183 = EDGE_CURVE ( 'NONE', #11002, #11892, #6568, .T. ) ;
#13184 = DIRECTION ( 'NONE',  ( -0.000000000000000000, 1.000000000000000000, -0.000000000000000000 ) ) ;
#13185 = ORIENTED_EDGE ( 'NONE', *, *, #4799, .F. ) ;
#13186 = ADVANCED_FACE ( 'NONE', ( #10313 ), #306, .T. ) ;
#13187 = VECTOR ( 'NONE', #5401, 1000.000000000000000 ) ;
#13188 = VECTOR ( 'NONE', #4073, 1000.000000000000000 ) ;
#13189 = DIRECTION ( 'NONE',  ( -1.000000000000000000, 0.000000000000000000, 2.891205793294679312E-16 ) ) ;
#13190 = VECTOR ( 'NONE', #4985, 1000.000000000000000 ) ;
#13191 = CARTESIAN_POINT ( 'NONE',  ( 2.199999999999999734, 0.2530000000000000027, 10.00000000000000000 ) ) ;
#13192 = VERTEX_POINT ( 'NONE', #4173 ) ;
#13193 = CARTESIAN_POINT ( 'NONE',  ( -2.574999999999999734, 0.1125000000000000028, -8.875000000000000000 ) ) ;
#13194 = DIRECTION ( 'NONE',  ( 1.000000000000000000, 0.000000000000000000, 0.000000000000000000 ) ) ;
#13195 = DIRECTION ( 'NONE',  ( 1.000000000000000000, 0.000000000000000000, -1.971276677246372012E-16 ) ) ;
#13196 = DIRECTION ( 'NONE',  ( 0.000000000000000000, 0.000000000000000000, -1.000000000000000000 ) ) ;
#13197 = ORIENTED_EDGE ( 'NONE', *, *, #2167, .T. ) ;
#13198 = AXIS2_PLACEMENT_3D ( 'NONE', #11707, #6414, #8538 ) ;
#13199 = VECTOR ( 'NONE', #13077, 1000.000000000000000 ) ;
#13200 = VERTEX_POINT ( 'NONE', #883 ) ;
#13201 = ADVANCED_FACE ( 'NONE', ( #8693 ), #8382, .F. ) ;
#13202 = CARTESIAN_POINT ( 'NONE',  ( -1.620000000000000773, 0.1125000000000000028, -0.000000000000000000 ) ) ;
#13203 = EDGE_CURVE ( 'NONE', #7931, #2198, #4101, .T. ) ;
#13204 = DIRECTION ( 'NONE',  ( 1.000000000000000000, 0.000000000000000000, 0.000000000000000000 ) ) ;
#13205 = ORIENTED_EDGE ( 'NONE', *, *, #7302, .T. ) ;
#13206 = EDGE_LOOP ( 'NONE', ( #5907, #4725, #2725, #9320 ) ) ;
#13207 = EDGE_CURVE ( 'NONE', #5999, #4439, #2352, .T. ) ;
#13208 = EDGE_CURVE ( 'NONE', #10726, #767, #7136, .T. ) ;
#13209 = EDGE_LOOP ( 'NONE', ( #8577, #9189, #6239, #333 ) ) ;
#13210 = CARTESIAN_POINT ( 'NONE',  ( 0.6750000000000002665, 0.1125000000000000028, -9.799999999999998934 ) ) ;
#13211 =( GEOMETRIC_REPRESENTATION_CONTEXT ( 3 ) GLOBAL_UNCERTAINTY_ASSIGNED_CONTEXT ( ( #12663 ) ) GLOBAL_UNIT_ASSIGNED_CONTEXT ( ( #5156, #7205, #8188 ) ) REPRESENTATION_CONTEXT ( 'NONE', 'WORKASPACE' ) );
#13212 = FACE_OUTER_BOUND ( 'NONE', #875, .T. ) ;
#13213 = DIRECTION ( 'NONE',  ( -0.000000000000000000, -1.000000000000000000, -0.000000000000000000 ) ) ;
#13214 = PLANE ( 'NONE',  #12834 ) ;
#13215 = FACE_OUTER_BOUND ( 'NONE', #896, .T. ) ;
#13216 = ORIENTED_EDGE ( 'NONE', *, *, #3927, .T. ) ;
#13217 = VERTEX_POINT ( 'NONE', #4043 ) ;
#13218 = FACE_OUTER_BOUND ( 'NONE', #12026, .T. ) ;
#13219 = CARTESIAN_POINT ( 'NONE',  ( -0.7019999999999981810, 2.080000000000000071, 8.949999999999999289 ) ) ;
#13220 = ORIENTED_EDGE ( 'NONE', *, *, #9631, .T. ) ;
#13221 = LINE ( 'NONE', #3774, #5984 ) ;
#13222 = ADVANCED_FACE ( 'NONE', ( #3065 ), #12505, .T. ) ;
#13223 = AXIS2_PLACEMENT_3D ( 'NONE', #1857, #12455, #5021 ) ;
#13224 = FACE_OUTER_BOUND ( 'NONE', #12350, .T. ) ;
#13225 = EDGE_CURVE ( 'NONE', #5582, #12742, #10770, .T. ) ;
#13226 = VECTOR ( 'NONE', #9366, 1000.000000000000000 ) ;
#13227 = EDGE_LOOP ( 'NONE', ( #4354, #3976, #3478, #2660 ) ) ;
#13228 = ADVANCED_FACE ( 'NONE', ( #5478 ), #11407, .F. ) ;
#13229 = PLANE ( 'NONE',  #13150 ) ;
#13230 = ORIENTED_EDGE ( 'NONE', *, *, #10577, .T. ) ;
#13231 = DIRECTION ( 'NONE',  ( 1.084202172485504631E-15, 0.000000000000000000, 1.000000000000000000 ) ) ;
#13232 = CARTESIAN_POINT ( 'NONE',  ( 2.750000000000000000, 0.4780000000000000360, -8.500000000000000000 ) ) ;
#13233 = VECTOR ( 'NONE', #7964, 1000.000000000000000 ) ;
#13234 = CIRCLE ( 'NONE', #1346, 0.4000000000000001887 ) ;
#13235 = CARTESIAN_POINT ( 'NONE',  ( 2.150000000000000799, 0.1125000000000000028, -9.799999999999998934 ) ) ;
#13236 = UNCERTAINTY_MEASURE_WITH_UNIT (LENGTH_MEASURE( 1.000000000000000082E-05 ), #4100, 'distance_accuracy_value', 'NONE');
#13237 = EDGE_LOOP ( 'NONE', ( #7731, #9089, #1090, #11046 ) ) ;
#13238 = ORIENTED_EDGE ( 'NONE', *, *, #2398, .F. ) ;
#13239 = LINE ( 'NONE', #2751, #10983 ) ;
#13240 = DIRECTION ( 'NONE',  ( -0.7071067811865465735, 0.000000000000000000, -0.7071067811865485719 ) ) ;
#13241 = FACE_OUTER_BOUND ( 'NONE', #4943, .T. ) ;
#13242 = LINE ( 'NONE', #12199, #7685 ) ;
#13243 = ORIENTED_EDGE ( 'NONE', *, *, #12823, .F. ) ;
#13244 = EDGE_CURVE ( 'NONE', #13091, #5790, #9342, .T. ) ;
#13245 = CLOSED_SHELL ( 'NONE', ( #12763, #6891, #12368, #2893, #2414, #10946, #6647, #4176, #7388, #8731, #9030, #1663, #12006, #8627 ) ) ;
#13246 = VECTOR ( 'NONE', #8718, 1000.000000000000000 ) ;
#13247 = EDGE_LOOP ( 'NONE', ( #12779, #5257, #1039, #9918 ) ) ;
#13248 = CARTESIAN_POINT ( 'NONE',  ( -2.150000000000000799, 0.2530000000000000027, -6.987373870972730217 ) ) ;
#13249 = LINE ( 'NONE', #7105, #11631 ) ;
#13250 = DIRECTION ( 'NONE',  ( -0.000000000000000000, -1.000000000000000000, -0.000000000000000000 ) ) ;
#13251 = ORIENTED_EDGE ( 'NONE', *, *, #7285, .F. ) ;
#13252 = PLANE ( 'NONE',  #1093 ) ;
#13253 = VECTOR ( 'NONE', #8369, 1000.000000000000000 ) ;
#13254 = VECTOR ( 'NONE', #2011, 1000.000000000000000 ) ;
#13255 = SURFACE_STYLE_FILL_AREA ( #1542 ) ;
#13256 = CARTESIAN_POINT ( 'NONE',  ( -0.2000000000000000944, 0.1125000000000000028, -0.000000000000000000 ) ) ;
#13257 = ORIENTED_EDGE ( 'NONE', *, *, #5103, .T. ) ;
#13258 = CARTESIAN_POINT ( 'NONE',  ( 4.937499999999999112, 0.06250000000000000000, -4.937499999999984901 ) ) ;
#13259 = ORIENTED_EDGE ( 'NONE', *, *, #3193, .F. ) ;
#13260 = DIRECTION ( 'NONE',  ( 2.693669993752811547E-16, 0.000000000000000000, -1.000000000000000000 ) ) ;
#13261 = ORIENTED_EDGE ( 'NONE', *, *, #5810, .T. ) ;
#13262 = VECTOR ( 'NONE', #446, 1000.000000000000000 ) ;
#13263 = AXIS2_PLACEMENT_3D ( 'NONE', #4654, #9615, #10716 ) ;
#13264 = AXIS2_PLACEMENT_3D ( 'NONE', #10375, #2970, #1886 ) ;
#13265 = CARTESIAN_POINT ( 'NONE',  ( -0.1799999999999974398, 0.1125000000000000028, -9.025000000000000355 ) ) ;
#13266 = EDGE_CURVE ( 'NONE', #6634, #8264, #1009, .T. ) ;
#13267 = LINE ( 'NONE', #3812, #12674 ) ;
#13268 = EDGE_LOOP ( 'NONE', ( #13404, #13275, #7752, #3566 ) ) ;
#13269 = CARTESIAN_POINT ( 'NONE',  ( -0.6850000000000309175, 0.06250000000000000000, -2.821573632058747449E-15 ) ) ;
#13270 = DIRECTION ( 'NONE',  ( -0.000000000000000000, 0.000000000000000000, -1.000000000000000000 ) ) ;
#13271 = DIRECTION ( 'NONE',  ( 0.000000000000000000, 0.000000000000000000, 1.000000000000000000 ) ) ;
#13272 = EDGE_CURVE ( 'NONE', #7513, #5509, #13610, .T. ) ;
#13273 = VECTOR ( 'NONE', #1694, 1000.000000000000000 ) ;
#13274 = ORIENTED_EDGE ( 'NONE', *, *, #593, .T. ) ;
#13275 = ORIENTED_EDGE ( 'NONE', *, *, #10189, .F. ) ;
#13276 = DIRECTION ( 'NONE',  ( -0.7071067811865356934, 0.000000000000000000, -0.7071067811865593411 ) ) ;
#13277 = DIRECTION ( 'NONE',  ( -0.000000000000000000, 1.000000000000000000, -0.000000000000000000 ) ) ;
#13278 = ORIENTED_EDGE ( 'NONE', *, *, #425, .T. ) ;
#13279 = VERTEX_POINT ( 'NONE', #9667 ) ;
#13280 = DIRECTION ( 'NONE',  ( 1.000000000000000000, 0.000000000000000000, 2.168404344971009262E-15 ) ) ;
#13281 = DIRECTION ( 'NONE',  ( -1.000000000000000000, -0.000000000000000000, -5.421010862427520198E-16 ) ) ;
#13282 = EDGE_CURVE ( 'NONE', #521, #8202, #7340, .T. ) ;
#13283 = ADVANCED_FACE ( 'NONE', ( #6308 ), #5745, .F. ) ;
#13284 = CARTESIAN_POINT ( 'NONE',  ( -2.200000000000000622, 0.000000000000000000, 10.00000000000000000 ) ) ;
#13285 = CARTESIAN_POINT ( 'NONE',  ( -0.2149999999999964440, 0.06250000000000000000, -8.389999999999998792 ) ) ;
#13286 = LINE ( 'NONE', #9916, #9168 ) ;
#13287 = EDGE_CURVE ( 'NONE', #3801, #4657, #2702, .T. ) ;
#13288 = DIRECTION ( 'NONE',  ( 0.000000000000000000, -0.000000000000000000, 1.000000000000000000 ) ) ;
#13289 = ORIENTED_EDGE ( 'NONE', *, *, #13387, .F. ) ;
#13290 = DIRECTION ( 'NONE',  ( -0.000000000000000000, 1.000000000000000000, -0.000000000000000000 ) ) ;
#13291 = EDGE_LOOP ( 'NONE', ( #7955, #8405, #11942, #2315 ) ) ;
#13292 = FACE_OUTER_BOUND ( 'NONE', #9765, .T. ) ;
#13293 = CARTESIAN_POINT ( 'NONE',  ( -1.415000000000000036, 0.1125000000000000028, -7.653000000000000469 ) ) ;
#13294 = ORIENTED_EDGE ( 'NONE', *, *, #10389, .T. ) ;
#13295 = ORIENTED_EDGE ( 'NONE', *, *, #10765, .F. ) ;
#13296 = DIRECTION ( 'NONE',  ( 0.000000000000000000, 0.000000000000000000, -1.000000000000000000 ) ) ;
#13297 = CARTESIAN_POINT ( 'NONE',  ( -2.150000000000000799, 0.2530000000000000027, -8.125000000000000000 ) ) ;
#13298 = EDGE_CURVE ( 'NONE', #9201, #970, #3658, .T. ) ;
#13299 = EDGE_CURVE ( 'NONE', #2486, #12560, #3449, .T. ) ;
#13300 = DIRECTION ( 'NONE',  ( -0.000000000000000000, 1.000000000000000000, -0.000000000000000000 ) ) ;
#13301 = EDGE_CURVE ( 'NONE', #4530, #2189, #2491, .T. ) ;
#13302 = ORIENTED_EDGE ( 'NONE', *, *, #5824, .T. ) ;
#13303 = VERTEX_POINT ( 'NONE', #11864 ) ;
#13304 = CARTESIAN_POINT ( 'NONE',  ( 2.200000000000001510, 0.1125000000000000028, -5.012999999999999901 ) ) ;
#13305 = CARTESIAN_POINT ( 'NONE',  ( -1.114999999999999547, 0.06250000000000000000, 0.000000000000000000 ) ) ;
#13306 = LINE ( 'NONE', #8962, #9897 ) ;
#13307 = VERTEX_POINT ( 'NONE', #12972 ) ;
#13308 = EDGE_LOOP ( 'NONE', ( #862, #1124, #5167, #10606 ) ) ;
#13309 = CARTESIAN_POINT ( 'NONE',  ( 1.750000000000000666, 0.06250000000000000000, -3.752999999999999226 ) ) ;
#13310 = DIRECTION ( 'NONE',  ( 0.000000000000000000, 0.000000000000000000, -1.000000000000000000 ) ) ;
#13311 = CARTESIAN_POINT ( 'NONE',  ( -0.5019999999999983364, 2.080000000000000071, 7.799999999999999822 ) ) ;
#13312 = ADVANCED_FACE ( 'NONE', ( #10014 ), #10896, .F. ) ;
#13313 = CARTESIAN_POINT ( 'NONE',  ( 1.950000000000000400, 0.4780000000000000360, -10.00000000000000000 ) ) ;
#13314 = VERTEX_POINT ( 'NONE', #8969 ) ;
#13315 = DIRECTION ( 'NONE',  ( -0.000000000000000000, 1.000000000000000000, -0.000000000000000000 ) ) ;
#13316 =( NAMED_UNIT ( * ) SI_UNIT ( $, .STERADIAN. ) SOLID_ANGLE_UNIT ( ) );
#13317 = DIRECTION ( 'NONE',  ( -1.000000000000000000, 0.000000000000000000, 0.000000000000000000 ) ) ;
#13318 = ORIENTED_EDGE ( 'NONE', *, *, #9326, .F. ) ;
#13319 = DIRECTION ( 'NONE',  ( -0.7071067811865465735, 0.000000000000000000, -0.7071067811865485719 ) ) ;
#13320 = VERTEX_POINT ( 'NONE', #6764 ) ;
#13321 = DIRECTION ( 'NONE',  ( -1.000000000000000000, 0.000000000000000000, 0.000000000000000000 ) ) ;
#13322 = ORIENTED_EDGE ( 'NONE', *, *, #11520, .T. ) ;
#13323 = PLANE ( 'NONE',  #4023 ) ;
#13324 = CARTESIAN_POINT ( 'NONE',  ( -1.717500000000029559, 0.1125000000000000028, -4.965645949983668683E-15 ) ) ;
#13325 = VERTEX_POINT ( 'NONE', #513 ) ;
#13326 = CARTESIAN_POINT ( 'NONE',  ( -2.574999999999999734, 0.4780000000000000360, -8.875000000000000000 ) ) ;
#13327 = FACE_OUTER_BOUND ( 'NONE', #10605, .T. ) ;
#13328 = CARTESIAN_POINT ( 'NONE',  ( -0.6749999999999993783, 0.06250000000000000000, -9.875000000000000000 ) ) ;
#13329 = ORIENTED_EDGE ( 'NONE', *, *, #2946, .F. ) ;
#13330 = ORIENTED_EDGE ( 'NONE', *, *, #2076, .T. ) ;
#13331 = PLANE ( 'NONE',  #4000 ) ;
#13332 = VECTOR ( 'NONE', #13250, 1000.000000000000000 ) ;
#13333 = CARTESIAN_POINT ( 'NONE',  ( -1.100000000000000311, 0.06250000000000000000, -2.403000000000000025 ) ) ;
#13334 = ORIENTED_EDGE ( 'NONE', *, *, #2928, .T. ) ;
#13335 = ORIENTED_EDGE ( 'NONE', *, *, #8504, .F. ) ;
#13336 = EDGE_CURVE ( 'NONE', #6276, #1852, #13101, .T. ) ;
#13337 = DIRECTION ( 'NONE',  ( -0.000000000000000000, -1.000000000000000000, -0.000000000000000000 ) ) ;
#13338 = DIRECTION ( 'NONE',  ( -0.000000000000000000, 1.000000000000000000, -0.000000000000000000 ) ) ;
#13339 = CARTESIAN_POINT ( 'NONE',  ( -2.150000000000000799, 0.2530000000000000027, -8.875000000000000000 ) ) ;
#13340 = SURFACE_STYLE_FILL_AREA ( #8108 ) ;
#13341 = DIRECTION ( 'NONE',  ( 1.000000000000000000, 0.000000000000000000, -0.000000000000000000 ) ) ;
#13342 = FILL_AREA_STYLE ('',( #759 ) ) ;
#13343 = ORIENTED_EDGE ( 'NONE', *, *, #5288, .F. ) ;
#13344 = SURFACE_STYLE_FILL_AREA ( #3833 ) ;
#13345 = CARTESIAN_POINT ( 'NONE',  ( 0.2000000000000000944, 0.06250000000000000000, -2.403000000000000025 ) ) ;
#13346 = ORIENTED_EDGE ( 'NONE', *, *, #4977, .T. ) ;
#13347 = LINE ( 'NONE', #3907, #9061 ) ;
#13348 = DIRECTION ( 'NONE',  ( 0.000000000000000000, -1.000000000000000000, 0.000000000000000000 ) ) ;
#13349 = EDGE_LOOP ( 'NONE', ( #10483, #11320, #10504, #499 ) ) ;
#13350 = EDGE_CURVE ( 'NONE', #3919, #5969, #7936, .T. ) ;
#13351 = ADVANCED_FACE ( 'NONE', ( #9869 ), #1460, .F. ) ;
#13352 = ORIENTED_EDGE ( 'NONE', *, *, #7044, .F. ) ;
#13353 = EDGE_CURVE ( 'NONE', #9977, #2759, #7662, .T. ) ;
#13354 = CARTESIAN_POINT ( 'NONE',  ( 0.000000000000000000, 0.06250000000000000000, 0.000000000000000000 ) ) ;
#13355 = LINE ( 'NONE', #3843, #3287 ) ;
#13356 = CIRCLE ( 'NONE', #4336, 0.9999999999999991118 ) ;
#13357 = DIRECTION ( 'NONE',  ( 0.000000000000000000, 0.000000000000000000, 1.000000000000000000 ) ) ;
#13358 = DIRECTION ( 'NONE',  ( 0.000000000000000000, -1.000000000000000000, 0.000000000000000000 ) ) ;
#13359 = UNCERTAINTY_MEASURE_WITH_UNIT (LENGTH_MEASURE( 1.000000000000000082E-05 ), #4886, 'distance_accuracy_value', 'NONE');
#13360 = ORIENTED_EDGE ( 'NONE', *, *, #8707, .F. ) ;
#13361 = ORIENTED_EDGE ( 'NONE', *, *, #1179, .T. ) ;
#13362 = PLANE ( 'NONE',  #233 ) ;
#13363 = LINE ( 'NONE', #13436, #638 ) ;
#13364 = CARTESIAN_POINT ( 'NONE',  ( -1.942500000000000560, 0.06250000000000000000, 0.000000000000000000 ) ) ;
#13365 = PLANE ( 'NONE',  #1987 ) ;
#13366 = ORIENTED_EDGE ( 'NONE', *, *, #2774, .F. ) ;
#13367 = VECTOR ( 'NONE', #6888, 1000.000000000000000 ) ;
#13368 = ADVANCED_FACE ( 'NONE', ( #1609 ), #5876, .T. ) ;
#13369 = COLOUR_RGB ( '',1.000000000000000000, 0.8117647058823529438, 0.5019607843137254832 ) ;
#13370 = EDGE_CURVE ( 'NONE', #11390, #818, #8835, .T. ) ;
#13371 = EDGE_CURVE ( 'NONE', #10727, #8567, #6840, .T. ) ;
#13372 = AXIS2_PLACEMENT_3D ( 'NONE', #13484, #2866, #3067 ) ;
#13373 = LINE ( 'NONE', #13248, #6142 ) ;
#13374 =( NAMED_UNIT ( * ) PLANE_ANGLE_UNIT ( ) SI_UNIT ( $, .RADIAN. ) );
#13375 = DIRECTION ( 'NONE',  ( 0.7071067811865358044, 0.000000000000000000, -0.7071067811865593411 ) ) ;
#13376 = CARTESIAN_POINT ( 'NONE',  ( 0.5250000000004583223, 0.06250000000000000000, -2.428612866369636822E-14 ) ) ;
#13377 = VECTOR ( 'NONE', #7554, 1000.000000000000000 ) ;
#13378 = DIRECTION ( 'NONE',  ( 0.000000000000000000, -0.000000000000000000, 1.000000000000000000 ) ) ;
#13379 = EDGE_LOOP ( 'NONE', ( #11161, #11618, #7529, #6507 ) ) ;
#13380 = FACE_OUTER_BOUND ( 'NONE', #4952, .T. ) ;
#13381 = CARTESIAN_POINT ( 'NONE',  ( 1.425000000000000044, 0.1125000000000000028, 3.838479741097756800E-16 ) ) ;
#13382 = DIRECTION ( 'NONE',  ( -0.000000000000000000, 1.000000000000000000, -0.000000000000000000 ) ) ;
#13383 = VECTOR ( 'NONE', #8383, 1000.000000000000000 ) ;
#13384 = CARTESIAN_POINT ( 'NONE',  ( -0.9850000000000015410, 0.06250000000000000000, -7.653000000000000469 ) ) ;
#13385 = TOROIDAL_SURFACE ( 'NONE', #7437, 0.07550020016016041613, 2.000000000000000000 ) ;
#13386 = ORIENTED_EDGE ( 'NONE', *, *, #2172, .T. ) ;
#13387 = EDGE_CURVE ( 'NONE', #12560, #4712, #12140, .T. ) ;
#13388 = LINE ( 'NONE', #12359, #12044 ) ;
#13389 = ADVANCED_FACE ( 'NONE', ( #12062 ), #13040, .F. ) ;
#13390 = ORIENTED_EDGE ( 'NONE', *, *, #4870, .T. ) ;
#13391 = EDGE_LOOP ( 'NONE', ( #12097, #2789, #6302, #10999, #1457, #1995, #8810, #9103, #9433, #12243, #4328, #7819 ) ) ;
#13392 = VECTOR ( 'NONE', #10392, 1000.000000000000000 ) ;
#13393 = EDGE_CURVE ( 'NONE', #731, #11988, #9794, .T. ) ;
#13394 = CARTESIAN_POINT ( 'NONE',  ( -0.8019999999999982698, 2.979999999999999982, 9.054631419979587648 ) ) ;
#13395 = VECTOR ( 'NONE', #13093, 1000.000000000000000 ) ;
#13396 = AXIS2_PLACEMENT_3D ( 'NONE', #4086, #8290, #9197 ) ;
#13397 = CIRCLE ( 'NONE', #4149, 0.1749999999999998224 ) ;
#13398 = CARTESIAN_POINT ( 'NONE',  ( -1.285000000000000142, 0.1125000000000000028, -7.653000000000000469 ) ) ;
#13399 = ORIENTED_EDGE ( 'NONE', *, *, #944, .F. ) ;
#13400 = LINE ( 'NONE', #7257, #5931 ) ;
#13401 = MECHANICAL_DESIGN_GEOMETRIC_PRESENTATION_REPRESENTATION (  '', ( #5046 ), #7453 ) ;
#13402 = CARTESIAN_POINT ( 'NONE',  ( 0.04999999999999839295, 0.1125000000000000028, -9.025000000000000355 ) ) ;
#13403 = ORIENTED_EDGE ( 'NONE', *, *, #11841, .F. ) ;
#13404 = ORIENTED_EDGE ( 'NONE', *, *, #8677, .T. ) ;
#13405 = CARTESIAN_POINT ( 'NONE',  ( -2.200000000000000622, 0.2530000000000000027, -8.325000000000001066 ) ) ;
#13406 = VECTOR ( 'NONE', #1508, 1000.000000000000000 ) ;
#13407 = FACE_OUTER_BOUND ( 'NONE', #11580, .T. ) ;
#13408 = VECTOR ( 'NONE', #8924, 1000.000000000000000 ) ;
#13409 = ORIENTED_EDGE ( 'NONE', *, *, #2298, .F. ) ;
#13410 = VECTOR ( 'NONE', #8601, 1000.000000000000000 ) ;
#13411 = CARTESIAN_POINT ( 'NONE',  ( -2.750000000000000888, 0.2530000000000000027, -8.699999999999997513 ) ) ;
#13412 = FACE_OUTER_BOUND ( 'NONE', #5742, .T. ) ;
#13413 = VECTOR ( 'NONE', #4146, 1000.000000000000114 ) ;
#13414 = CARTESIAN_POINT ( 'NONE',  ( -0.2150000000000193145, 0.06250000000000000000, -5.693164732047883439E-16 ) ) ;
#13415 = VECTOR ( 'NONE', #5181, 1000.000000000000000 ) ;
#13416 = LINE ( 'NONE', #9346, #1459 ) ;
#13417 = ORIENTED_EDGE ( 'NONE', *, *, #7022, .T. ) ;
#13418 = VERTEX_POINT ( 'NONE', #7729 ) ;
#13419 = PLANE ( 'NONE',  #431 ) ;
#13420 = ORIENTED_EDGE ( 'NONE', *, *, #3333, .T. ) ;
#13421 = CARTESIAN_POINT ( 'NONE',  ( 1.350000000000009415, 0.1125000000000000028, -1.463672932855441833E-15 ) ) ;
#13422 = FACE_OUTER_BOUND ( 'NONE', #107, .T. ) ;
#13423 = ORIENTED_EDGE ( 'NONE', *, *, #2627, .F. ) ;
#13424 = VECTOR ( 'NONE', #9640, 1000.000000000000000 ) ;
#13425 = ORIENTED_EDGE ( 'NONE', *, *, #10207, .T. ) ;
#13426 = STYLED_ITEM ( 'NONE', ( #9021 ), #9703 ) ;
#13427 = DIRECTION ( 'NONE',  ( 1.000000000000000000, 0.000000000000000000, -5.421010862427520198E-16 ) ) ;
#13428 = DIRECTION ( 'NONE',  ( 0.000000000000000000, 1.000000000000000000, 0.000000000000000000 ) ) ;
#13429 = DIRECTION ( 'NONE',  ( 1.084202172485504631E-15, 0.000000000000000000, 1.000000000000000000 ) ) ;
#13430 = DIRECTION ( 'NONE',  ( 0.000000000000000000, -1.000000000000000000, 0.000000000000000000 ) ) ;
#13431 = EDGE_CURVE ( 'NONE', #13626, #5679, #7793, .T. ) ;
#13432 = EDGE_LOOP ( 'NONE', ( #4285, #4472, #3298, #393, #1420, #7086, #9048, #4889, #2033, #1771, #9921, #12457 ) ) ;
#13433 = VECTOR ( 'NONE', #3837, 1000.000000000000000 ) ;
#13434 = ORIENTED_EDGE ( 'NONE', *, *, #10389, .F. ) ;
#13435 = CARTESIAN_POINT ( 'NONE',  ( 2.149999999999999911, 0.000000000000000000, 6.299999999999999822 ) ) ;
#13436 = CARTESIAN_POINT ( 'NONE',  ( -0.3750000000000021094, 0.1125000000000000028, -1.010126247657312219E-16 ) ) ;
#13437 = ADVANCED_FACE ( 'NONE', ( #7235 ), #12268, .T. ) ;
#13438 = DIRECTION ( 'NONE',  ( 0.000000000000000000, -1.000000000000000000, 0.000000000000000000 ) ) ;
#13439 = CARTESIAN_POINT ( 'NONE',  ( 0.8499999999999995337, 0.4780000000000000360, 3.174999999999999822 ) ) ;
#13440 = VECTOR ( 'NONE', #1892, 1000.000000000000000 ) ;
#13441 = VECTOR ( 'NONE', #4242, 1000.000000000000000 ) ;
#13442 = VECTOR ( 'NONE', #8153, 1000.000000000000000 ) ;
#13443 = CARTESIAN_POINT ( 'NONE',  ( 1.649999999999999245, 0.4780000000000000360, 3.174999999999999822 ) ) ;
#13444 = DIRECTION ( 'NONE',  ( -0.000000000000000000, -1.000000000000000000, -0.000000000000000000 ) ) ;
#13445 = DIRECTION ( 'NONE',  ( 1.000000000000000000, 0.000000000000000000, 0.000000000000000000 ) ) ;
#13446 = LINE ( 'NONE', #9373, #6653 ) ;
#13447 = EDGE_CURVE ( 'NONE', #12249, #12041, #10426, .T. ) ;
#13448 = ADVANCED_FACE ( 'NONE', ( #2822 ), #13513, .T. ) ;
#13449 = DIRECTION ( 'NONE',  ( 1.000000000000000000, 1.379254074752367376E-16, 0.000000000000000000 ) ) ;
#13450 = ORIENTED_EDGE ( 'NONE', *, *, #2854, .F. ) ;
#13451 = CARTESIAN_POINT ( 'NONE',  ( 2.149999999999999911, 0.2530000000000000027, -8.125000000000000000 ) ) ;
#13452 = DIRECTION ( 'NONE',  ( 1.000000000000000000, 0.000000000000000000, 5.421010862427520198E-16 ) ) ;
#13453 = LINE ( 'NONE', #3870, #13190 ) ;
#13454 = ADVANCED_FACE ( 'NONE', ( #1811 ), #4976, .F. ) ;
#13455 =( NAMED_UNIT ( * ) SI_UNIT ( $, .STERADIAN. ) SOLID_ANGLE_UNIT ( ) );
#13456 = CLOSED_SHELL ( 'NONE', ( #6288, #12531, #5893, #6875, #3599, #6732 ) ) ;
#13457 = CARTESIAN_POINT ( 'NONE',  ( 1.135735931288069711, 1.148578643762689699, 6.299999999999999822 ) ) ;
#13458 = VECTOR ( 'NONE', #11148, 1000.000000000000000 ) ;
#13459 = ORIENTED_EDGE ( 'NONE', *, *, #9780, .T. ) ;
#13460 = PLANE ( 'NONE',  #1485 ) ;
#13461 = ORIENTED_EDGE ( 'NONE', *, *, #12746, .F. ) ;
#13462 = ORIENTED_EDGE ( 'NONE', *, *, #7959, .F. ) ;
#13463 = CARTESIAN_POINT ( 'NONE',  ( -0.7499999999999972244, 0.06250000000000000000, -9.125000000000000000 ) ) ;
#13464 = VECTOR ( 'NONE', #1423, 1000.000000000000000 ) ;
#13465 = ADVANCED_FACE ( 'NONE', ( #6215 ), #11308, .T. ) ;
#13466 = DIRECTION ( 'NONE',  ( -2.168404344971009262E-15, 0.000000000000000000, 1.000000000000000000 ) ) ;
#13467 = VERTEX_POINT ( 'NONE', #3934 ) ;
#13468 = EDGE_CURVE ( 'NONE', #7387, #7853, #5951, .T. ) ;
#13469 = CARTESIAN_POINT ( 'NONE',  ( 0.9500000000000005107, 0.2530000000000000027, -1.543000000000000149 ) ) ;
#13470 = CARTESIAN_POINT ( 'NONE',  ( 1.707500000000004237, 0.06250000000000000000, -8.390000000000002345 ) ) ;
#13471 = LINE ( 'NONE', #10447, #9665 ) ;
#13472 = EDGE_CURVE ( 'NONE', #6398, #6968, #5177, .T. ) ;
#13473 = VERTEX_POINT ( 'NONE', #1874 ) ;
#13474 = VERTEX_POINT ( 'NONE', #977 ) ;
#13475 = AXIS2_PLACEMENT_3D ( 'NONE', #12637, #871, #10575 ) ;
#13476 = LINE ( 'NONE', #11334, #4662 ) ;
#13477 = PRESENTATION_LAYER_ASSIGNMENT (  '', '', ( #9082 ) ) ;
#13478 = CARTESIAN_POINT ( 'NONE',  ( 0.8499999999999994227, 0.2530000000000000027, 3.899999999999999911 ) ) ;
#13479 = AXIS2_PLACEMENT_3D ( 'NONE', #8985, #13189, #3744 ) ;
#13480 = EDGE_LOOP ( 'NONE', ( #768, #10636, #6008, #13568 ) ) ;
#13481 = DIRECTION ( 'NONE',  ( -1.000000000000000000, -0.000000000000000000, 5.421010862427520198E-16 ) ) ;
#13482 = CARTESIAN_POINT ( 'NONE',  ( -1.230000000000001092, 0.2530000000000000027, 2.295000000000000373 ) ) ;
#13483 = AXIS2_PLACEMENT_3D ( 'NONE', #11796, #3527, #5344 ) ;
#13484 = CARTESIAN_POINT ( 'NONE',  ( -0.4300000000000008260, 0.4780000000000000360, 2.294999999999999929 ) ) ;
#13485 = VECTOR ( 'NONE', #4789, 1000.000000000000000 ) ;
#13486 = LINE ( 'NONE', #953, #1174 ) ;
#13487 = VECTOR ( 'NONE', #5476, 1000.000000000000000 ) ;
#13488 = DIRECTION ( 'NONE',  ( -0.7071067811865584529, 0.000000000000000000, -0.7071067811865365815 ) ) ;
#13489 = EDGE_CURVE ( 'NONE', #304, #5790, #4069, .T. ) ;
#13490 = DIRECTION ( 'NONE',  ( 0.000000000000000000, 1.000000000000000000, 0.000000000000000000 ) ) ;
#13491 = ORIENTED_EDGE ( 'NONE', *, *, #2668, .F. ) ;
#13492 = CARTESIAN_POINT ( 'NONE',  ( 2.000000000000000444, 0.2530000000000000027, -2.328000000000001624 ) ) ;
#13493 = CARTESIAN_POINT ( 'NONE',  ( 5.237500000000000711, 0.06250000000000000000, -5.237499999999986500 ) ) ;
#13494 = EDGE_LOOP ( 'NONE', ( #1339, #5366, #1584, #6528 ) ) ;
#13495 = CARTESIAN_POINT ( 'NONE',  ( -0.8019999999999979368, 1.089999999999999414, 9.150000000000000355 ) ) ;
#13496 = DIRECTION ( 'NONE',  ( 0.7071067811865452413, 0.000000000000000000, 0.7071067811865497932 ) ) ;
#13497 = ORIENTED_EDGE ( 'NONE', *, *, #5140, .T. ) ;
#13498 = VECTOR ( 'NONE', #8570, 1000.000000000000000 ) ;
#13499 = EDGE_LOOP ( 'NONE', ( #8931, #6898, #11246, #12832 ) ) ;
#13500 = FACE_OUTER_BOUND ( 'NONE', #542, .T. ) ;
#13501 = LINE ( 'NONE', #4264, #2390 ) ;
#13502 = CARTESIAN_POINT ( 'NONE',  ( -1.350000000000000533, 0.2530000000000000027, -5.213000000000000078 ) ) ;
#13503 = UNCERTAINTY_MEASURE_WITH_UNIT (LENGTH_MEASURE( 1.000000000000000082E-05 ), #6480, 'distance_accuracy_value', 'NONE');
#13504 = ORIENTED_EDGE ( 'NONE', *, *, #12783, .T. ) ;
#13505 = ORIENTED_EDGE ( 'NONE', *, *, #7576, .F. ) ;
#13506 = SURFACE_STYLE_USAGE ( .BOTH. , #968 ) ;
#13507 = CARTESIAN_POINT ( 'NONE',  ( 1.900000000000000577, 0.1125000000000000028, 0.000000000000000000 ) ) ;
#13508 = DIRECTION ( 'NONE',  ( 0.000000000000000000, -1.000000000000000000, 0.000000000000000000 ) ) ;
#13509 = LINE ( 'NONE', #4066, #439 ) ;
#13510 = EDGE_CURVE ( 'NONE', #3518, #8101, #9246, .T. ) ;
#13511 = PLANE ( 'NONE',  #210 ) ;
#13512 = CARTESIAN_POINT ( 'NONE',  ( -0.6749999999999968248, 0.1125000000000000028, -9.799999999999998934 ) ) ;
#13513 = PLANE ( 'NONE',  #4377 ) ;
#13514 = CYLINDRICAL_SURFACE ( 'NONE', #8633, 0.2000000000000005107 ) ;
#13515 = DIRECTION ( 'NONE',  ( 0.7071067811865365815, 0.000000000000000000, -0.7071067811865584529 ) ) ;
#13516 = VERTEX_POINT ( 'NONE', #848 ) ;
#13517 = LINE ( 'NONE', #11247, #7472 ) ;
#13518 = DIRECTION ( 'NONE',  ( 1.000000000000000000, 0.000000000000000000, 2.693669993752817464E-16 ) ) ;
#13519 = LINE ( 'NONE', #1189, #11392 ) ;
#13520 = DIRECTION ( 'NONE',  ( 0.000000000000000000, 0.000000000000000000, -1.000000000000000000 ) ) ;
#13521 = CYLINDRICAL_SURFACE ( 'NONE', #6822, 0.2000000000000005107 ) ;
#13522 = VERTEX_POINT ( 'NONE', #2896 ) ;
#13523 = ORIENTED_EDGE ( 'NONE', *, *, #8402, .F. ) ;
#13524 = EDGE_LOOP ( 'NONE', ( #5705, #4733, #10398, #5435 ) ) ;
#13525 = EDGE_CURVE ( 'NONE', #8794, #161, #13249, .T. ) ;
#13526 = EDGE_CURVE ( 'NONE', #4655, #1581, #6076, .T. ) ;
#13527 = LINE ( 'NONE', #10441, #9522 ) ;
#13528 = EDGE_CURVE ( 'NONE', #7273, #12863, #5114, .T. ) ;
#13529 = CARTESIAN_POINT ( 'NONE',  ( -1.100000000000000311, 0.06250000000000000000, -2.403000000000000025 ) ) ;
#13530 = ORIENTED_EDGE ( 'NONE', *, *, #11275, .T. ) ;
#13531 = CARTESIAN_POINT ( 'NONE',  ( -0.5019999999999983364, 2.880000000000000338, 7.799999999999999822 ) ) ;
#13532 = CARTESIAN_POINT ( 'NONE',  ( -1.867500000000000826, 0.06250000000000000000, -9.875000000000000000 ) ) ;
#13533 = PRESENTATION_STYLE_ASSIGNMENT (( #6098 ) ) ;
#13534 = VERTEX_POINT ( 'NONE', #4005 ) ;
#13535 = VERTEX_POINT ( 'NONE', #12414 ) ;
#13536 = DIRECTION ( 'NONE',  ( 0.000000000000000000, -1.000000000000000000, 0.000000000000000000 ) ) ;
#13537 = CARTESIAN_POINT ( 'NONE',  ( -1.125000000000000000, 0.06250000000000000000, -9.875000000000000000 ) ) ;
#13538 = ORIENTED_EDGE ( 'NONE', *, *, #12949, .F. ) ;
#13539 = EDGE_CURVE ( 'NONE', #5895, #5649, #8271, .T. ) ;
#13540 = ADVANCED_FACE ( 'NONE', ( #7165 ), #11451, .F. ) ;
#13541 = EDGE_CURVE ( 'NONE', #9323, #8322, #2010, .T. ) ;
#13542 = CARTESIAN_POINT ( 'NONE',  ( 0.8499999999999994227, 0.4780000000000000360, 3.575000000000000178 ) ) ;
#13543 = CARTESIAN_POINT ( 'NONE',  ( 0.5049999999999990052, 0.4780000000000000360, 1.874999999999999556 ) ) ;
#13544 = DIRECTION ( 'NONE',  ( -0.000000000000000000, 1.000000000000000000, -0.000000000000000000 ) ) ;
#13545 = FACE_OUTER_BOUND ( 'NONE', #7883, .T. ) ;
#13546 = DIRECTION ( 'NONE',  ( 1.000000000000000000, 0.000000000000000000, -0.000000000000000000 ) ) ;
#13547 = CARTESIAN_POINT ( 'NONE',  ( 1.380000000000008775, 0.06250000000000000000, -9.974659986866648681E-16 ) ) ;
#13548 = AXIS2_PLACEMENT_3D ( 'NONE', #13103, #1400, #7663 ) ;
#13549 = ORIENTED_EDGE ( 'NONE', *, *, #5374, .T. ) ;
#13550 = CARTESIAN_POINT ( 'NONE',  ( 0.4500000000000001221, 0.06250000000000000000, 0.000000000000000000 ) ) ;
#13551 = VERTEX_POINT ( 'NONE', #7308 ) ;
#13552 = LINE ( 'NONE', #2800, #10604 ) ;
#13553 = CARTESIAN_POINT ( 'NONE',  ( 1.275000000000000133, 0.1125000000000000028, -9.799999999999998934 ) ) ;
#13554 = ORIENTED_EDGE ( 'NONE', *, *, #583, .F. ) ;
#13555 = VERTEX_POINT ( 'NONE', #8421 ) ;
#13556 = EDGE_CURVE ( 'NONE', #2498, #8255, #2338, .T. ) ;
#13557 = EDGE_CURVE ( 'NONE', #6266, #11068, #11571, .T. ) ;
#13558 = CARTESIAN_POINT ( 'NONE',  ( 1.585000000000003517, 0.1125000000000000028, -7.653000000000000469 ) ) ;
#13559 = DIRECTION ( 'NONE',  ( 0.7071067811865365815, 0.000000000000000000, -0.7071067811865584529 ) ) ;
#13560 = MECHANICAL_DESIGN_GEOMETRIC_PRESENTATION_REPRESENTATION (  '', ( #10063 ), #5209 ) ;
#13561 = ORIENTED_EDGE ( 'NONE', *, *, #2929, .T. ) ;
#13562 = EDGE_LOOP ( 'NONE', ( #10292, #2519, #806, #4726 ) ) ;
#13563 = PRESENTATION_STYLE_ASSIGNMENT (( #13506 ) ) ;
#13564 = CARTESIAN_POINT ( 'NONE',  ( -0.5150000000000006795, 0.1125000000000000028, -7.653000000000000469 ) ) ;
#13565 = EDGE_LOOP ( 'NONE', ( #10101, #3213, #12596, #11756 ) ) ;
#13566 = LINE ( 'NONE', #13364, #6853 ) ;
#13567 = DIRECTION ( 'NONE',  ( -1.000000000000000000, 0.000000000000000000, 0.000000000000000000 ) ) ;
#13568 = ORIENTED_EDGE ( 'NONE', *, *, #5633, .T. ) ;
#13569 = VECTOR ( 'NONE', #12002, 1000.000000000000000 ) ;
#13570 = DIRECTION ( 'NONE',  ( -1.000000000000000000, 0.000000000000000000, 0.000000000000000000 ) ) ;
#13571 = VECTOR ( 'NONE', #13357, 1000.000000000000000 ) ;
#13572 = DIRECTION ( 'NONE',  ( -0.000000000000000000, 1.000000000000000000, -0.000000000000000000 ) ) ;
#13573 = LINE ( 'NONE', #3171, #1960 ) ;
#13574 = CARTESIAN_POINT ( 'NONE',  ( 5.537500000000001421, 0.06250000000000000000, -5.537499999999986322 ) ) ;
#13575 = CARTESIAN_POINT ( 'NONE',  ( -3.887500000000004174, 0.1125000000000000028, -3.887500000000029043 ) ) ;
#13576 = ORIENTED_EDGE ( 'NONE', *, *, #8565, .T. ) ;
#13577 = DIRECTION ( 'NONE',  ( -1.000000000000000000, 0.000000000000000000, 0.000000000000000000 ) ) ;
#13578 = DIRECTION ( 'NONE',  ( 1.000000000000000000, 0.000000000000000000, -1.084202172485504631E-15 ) ) ;
#13579 = DIRECTION ( 'NONE',  ( -0.000000000000000000, 1.000000000000000000, -0.000000000000000000 ) ) ;
#13580 = VECTOR ( 'NONE', #8376, 1000.000000000000000 ) ;
#13581 = VECTOR ( 'NONE', #5986, 1000.000000000000000 ) ;
#13582 = LINE ( 'NONE', #8279, #1997 ) ;
#13583 = LINE ( 'NONE', #2084, #662 ) ;
#13584 = ORIENTED_EDGE ( 'NONE', *, *, #13115, .T. ) ;
#13585 = ORIENTED_EDGE ( 'NONE', *, *, #12717, .F. ) ;
#13586 = EDGE_LOOP ( 'NONE', ( #5129, #4558, #12221, #12906 ) ) ;
#13587 = CARTESIAN_POINT ( 'NONE',  ( 1.100000000000000311, 0.1125000000000000028, -3.752999999999999670 ) ) ;
#13588 = AXIS2_PLACEMENT_3D ( 'NONE', #2206, #8478, #9716 ) ;
#13589 = AXIS2_PLACEMENT_3D ( 'NONE', #5379, #8603, #11557 ) ;
#13590 = LINE ( 'NONE', #4158, #4980 ) ;
#13591 = VERTEX_POINT ( 'NONE', #2209 ) ;
#13592 = DIRECTION ( 'NONE',  ( 1.000000000000000000, 0.000000000000000000, 0.000000000000000000 ) ) ;
#13593 = VECTOR ( 'NONE', #9253, 1000.000000000000000 ) ;
#13594 = CARTESIAN_POINT ( 'NONE',  ( -0.8019999999999979368, 2.880000000000000338, 8.949999999999999289 ) ) ;
#13595 = DIRECTION ( 'NONE',  ( -1.355252715606880296E-16, -0.000000000000000000, -1.000000000000000000 ) ) ;
#13596 = EDGE_CURVE ( 'NONE', #10663, #9991, #86, .T. ) ;
#13597 = CARTESIAN_POINT ( 'NONE',  ( 2.199999999999999734, 0.000000000000000000, -6.460000000000002629 ) ) ;
#13598 = EDGE_CURVE ( 'NONE', #509, #1731, #12620, .T. ) ;
#13599 = ORIENTED_EDGE ( 'NONE', *, *, #6305, .T. ) ;
#13600 = VECTOR ( 'NONE', #12085, 1000.000000000000000 ) ;
#13601 = ORIENTED_EDGE ( 'NONE', *, *, #12187, .T. ) ;
#13602 = EDGE_CURVE ( 'NONE', #4520, #10186, #5458, .T. ) ;
#13603 = CARTESIAN_POINT ( 'NONE',  ( -1.942500000000000560, 0.06250000000000000000, -7.653000000000000469 ) ) ;
#13604 = LINE ( 'NONE', #11736, #3320 ) ;
#13605 = ORIENTED_EDGE ( 'NONE', *, *, #9067, .T. ) ;
#13606 = VECTOR ( 'NONE', #11234, 1000.000000000000000 ) ;
#13607 = VECTOR ( 'NONE', #3508, 1000.000000000000000 ) ;
#13608 = AXIS2_PLACEMENT_3D ( 'NONE', #2538, #7840, #6750 ) ;
#13609 = CARTESIAN_POINT ( 'NONE',  ( -0.2019999999999982920, 2.080000000000000071, 8.951564153662312506 ) ) ;
#13610 = LINE ( 'NONE', #12580, #10767 ) ;
#13611 = DIRECTION ( 'NONE',  ( 1.000000000000000000, 0.000000000000000000, 5.421010862427516254E-16 ) ) ;
#13612 = CARTESIAN_POINT ( 'NONE',  ( -1.250000000000000222, 0.06250000000000000000, -3.753000000000000114 ) ) ;
#13613 = EDGE_CURVE ( 'NONE', #12635, #1186, #4136, .T. ) ;
#13614 = CARTESIAN_POINT ( 'NONE',  ( -1.100000000000000311, 0.06250000000000000000, -3.402999999999999581 ) ) ;
#13615 = EDGE_CURVE ( 'NONE', #9623, #13091, #13573, .T. ) ;
#13616 = ORIENTED_EDGE ( 'NONE', *, *, #12949, .T. ) ;
#13617 = VECTOR ( 'NONE', #8389, 1000.000000000000000 ) ;
#13618 = AXIS2_PLACEMENT_3D ( 'NONE', #1130, #5343, #2225 ) ;
#13619 = DIRECTION ( 'NONE',  ( 0.000000000000000000, 0.000000000000000000, -1.000000000000000000 ) ) ;
#13620 = EDGE_LOOP ( 'NONE', ( #11500, #10586, #3617, #3645, #6816, #6602 ) ) ;
#13621 = VECTOR ( 'NONE', #9210, 1000.000000000000000 ) ;
#13622 = EDGE_CURVE ( 'NONE', #8957, #3244, #1182, .T. ) ;
#13623 = EDGE_CURVE ( 'NONE', #8322, #2589, #5706, .T. ) ;
#13624 = CARTESIAN_POINT ( 'NONE',  ( -0.3850000000000018963, 0.1125000000000000028, -8.389999999999998792 ) ) ;
#13625 = DIRECTION ( 'NONE',  ( -0.7071067811865465735, 0.000000000000000000, -0.7071067811865485719 ) ) ;
#13626 = VERTEX_POINT ( 'NONE', #11513 ) ;
#13627 = EDGE_LOOP ( 'NONE', ( #5607, #5415, #4334, #13491 ) ) ;
#13628 = ORIENTED_EDGE ( 'NONE', *, *, #11587, .T. ) ;
#13629 = VECTOR ( 'NONE', #2417, 1000.000000000000000 ) ;
#13630 = CYLINDRICAL_SURFACE ( 'NONE', #3249, 1.190000000000000169 ) ;
#13631 = VECTOR ( 'NONE', #7047, 1000.000000000000000 ) ;
#13632 = DIRECTION ( 'NONE',  ( -0.7071067811865584529, 0.000000000000000000, -0.7071067811865365815 ) ) ;
ENDSEC;
END-ISO-10303-21;
